PC1,PC2,PC3,PC4,PC5,PC6,PC7,PC8,PC9,PC10,target
9.192836826213242,1.9485830707786154,-1.1231661649251463,-3.6337308974191385,1.195110124217062,1.411424451803053,2.1593698677701996,-0.39840723004087797,-0.1571183594433694,-0.8774018798938612,0
2.387801795802216,-3.768171742067566,-0.5292926867404228,-1.1182638623273604,-0.6217749802052789,0.028656354525270024,0.013358093546658636,0.24098845852526407,-0.7119048160296904,1.10699494386317,0
5.733896279731704,-1.0751737966209136,-0.5517475931812111,-0.9120826710188207,0.17708589843163045,0.5414521472561725,-0.668166483739604,0.0973737382070905,0.024065642825559487,0.4542753997551029,0
7.122953197708881,10.275589121812805,-3.2327895479751083,-0.15254703016112334,2.9608784018284826,3.0534218246170814,1.429910699232579,1.059565241132605,-1.4054396667379514,-1.1169752748852841,0
3.935302073678098,-1.9480715678001714,1.389766726311886,-2.940639346699836,-0.5467474017693295,-1.2264946427263952,-0.9362125458835748,0.636376061079997,-0.26380546389963044,0.377704468131055,0
2.380247150345935,3.949928895550164,-2.934876793295818,-0.9410368715107575,1.0560419315215375,-0.4510386519750556,0.4904451157185938,-0.16544387692292198,-0.13347309933826462,-0.5304312173874982,0
2.238883308052405,-2.6900312772980626,-1.6399129289299457,-0.1493398877321989,-0.04035951797864446,-0.12894843436958672,-0.3015674457450692,0.08369819031124377,-0.08002457152881219,0.21914335194732162,0
2.1432985003775453,2.3402440069495443,-0.8719472621970099,0.127042857314547,1.4274366729137122,-1.257039192240928,0.9740998490315592,-0.6533382619527773,0.24818364707281956,1.0005861248381704,0
3.1749242930837327,3.391812951846844,-3.119985910378651,0.6012970531658856,1.5222903919203816,0.5595447276551312,-0.21510369959346223,-0.6873411939753596,0.5119238979503719,0.029187464384101833,0
6.351746789526093,7.727174066864844,-4.34191581326578,3.3752015799434685,-1.710263142440932,-0.7239087403159185,2.5198398244746496,0.365148889414755,-0.7173966873313757,-1.1656307898671807,0
-0.8104137708452948,-2.6592754976869597,-0.488829793874596,1.6725665641372591,-0.2758115691395719,0.12733183873981407,0.6250123175381551,0.16574954673946135,-0.3013805579778288,0.37623537269415874,0
2.6511004772423985,0.06656792656644868,-1.5264552984284545,-0.05126156174295214,-0.3319511155712888,0.7648666377047475,0.6660924496743907,0.6195450657489717,-0.40094081585296304,-0.3310691700733938,0
8.18503445814795,2.7009764926129693,5.730230807404688,1.1122565548373633,-1.0434704479700303,2.5945712431253867,0.9414973501780576,-3.3217839997427796,-0.7477883706292368,0.3959461526842479,0
0.3421259139901531,-0.9682792608579348,1.7171715837733292,0.5950029515744077,-0.4680105099125205,1.0076601120936794,-1.7990811518798426,1.1066573531074986,0.2676251566901183,0.4395816155473111,0
4.342379194647855,4.861083312492757,-2.8161155387334156,1.454557034967453,-1.290062848284567,-0.34971623791301737,0.742880495115485,-0.2809261739080824,-0.6751038033714245,-0.11565698692066086,0
4.075656175346033,2.977061180367681,-3.1252741488967475,2.4580708567479634,0.40834212239316425,0.495777978925298,0.9150568590202597,0.3025236677276788,0.45694013604691114,0.4471574606512153,0
0.23005501571000417,-1.5647577252734428,-0.8025191537880166,0.6505829141841264,0.49471104987949055,-0.7621910180301393,-0.08684701919719127,0.02950898246158775,0.5032261712626108,-0.49967240923147543,0
4.4180109159829914,1.418670333419514,-2.2703190300830154,0.18627241456690066,1.4238611922717364,-0.7524893109854609,0.4419848497911019,-0.4137697442198199,0.01867309899889507,0.35663002467283683,0
4.948703550565109,-4.11433352496481,-0.31474911073336026,0.0882065178710426,0.05671517579036404,-1.137688853438314,-0.25128286196935096,0.7421519448059607,0.4104471542506519,-0.571327109218513,0
-1.2370633569552285,-0.18821495375647507,-0.5932834977755036,-1.5963460972617454,0.44215423440872376,-0.04863678111069629,-1.201687448171204,0.40362571105790773,0.40530042887107687,0.005925576685253936,1
-1.5781612348121732,0.5728081925090146,-1.8014467053426644,-1.125275726780623,0.39526973340748045,0.4308412527140675,0.3384836597152723,-0.861959436843902,-0.18720117416460808,0.3609238516445818,1
-3.5573363735500108,1.662949903624245,0.45118744720163806,-2.0737646831914875,0.49074649913182705,-0.7700683482173303,-0.19103873699687754,-0.24446205893709055,0.5468962125135706,0.007636657937487844,1
4.733210788209763,3.3049637282937705,-1.4665366905115753,-2.041150083976513,0.02622012214807776,3.023043860035554,-1.0071797496347674,0.1046367123283426,0.1685114455163504,-0.24562069098385206,0
4.208524209049894,-5.128366513937132,-0.7524020249978439,0.862710269452547,0.4709679157410492,-0.595840433479774,-0.07482841270461159,0.1802527088418629,-0.36412611932048766,0.6915447520569408,0
4.9496320739837385,-1.5437522881334138,-1.7131939317219016,-0.04675916638473036,1.7392301992461727,-0.8128796202763107,0.8003053281361631,0.4199090636424601,0.8116791252269053,0.02147839655424449,0
7.098562854912054,2.018610337108629,-0.029009635418771895,-2.5879506036805404,2.0393399178084843,1.1842014785027444,0.6018535054736709,-1.3074116550254802,1.101010704983238,2.2862756490521043,0
3.5102626039718334,2.171625115644836,-3.8945464144583015,1.2957596791007007,0.06821804219720097,0.7873573356314508,0.28991897587266247,-0.4959775862839647,0.11319038135337604,0.2954409700502418,0
3.064053886063116,-1.8765523476875174,2.58174770114134,-0.1284844155021027,0.11666512663456995,-0.9075950598840856,-0.6458347560279888,0.3404738096102765,-0.043912283085630374,-0.39654435612313843,0
4.007264143655832,0.5372421605295616,-2.7616256345495076,1.8983875071122456,0.5256728952674171,0.19284876992607095,0.16113021702033098,0.3788345380098516,0.3572885533113623,-0.5696368112360451,0
1.7153097265431403,-1.5237050229684268,0.14618709369793037,-1.911386410976121,-0.5361232437205068,0.036259823790775594,0.18403037761059932,-0.2189022404854593,-0.3816686268622585,-0.03652918945608277,0
6.059445513505043,-0.7571774508791156,-0.34923939951626537,1.0642175341348257,0.7461052508461176,0.2420803471118073,0.4619767550138679,-0.2920705144124326,0.2847425371307712,0.1183218871295695,0
2.902236104999781,4.005295512374858,-3.0014624576442017,0.32531637954507936,0.8553558362463938,1.2346794017488427,1.9780884430085455,0.20263180433801953,0.5646450504114695,-0.22996854552276882,0
4.554782688815774,0.33753615390505437,-0.7543008027122917,0.700329980722116,1.5485453357926688,-0.19100756711943753,-0.8895841127080086,-0.24405671908195312,0.44290837995424814,0.14349988627545898,0
4.990602722476016,-1.13258890569208,-2.577384169221545,1.217261783143569,-0.6699148757044661,0.26747897857172676,1.0326168593628287,1.1427318589048492,-0.5667916562022189,0.24491446978445655,0
2.985340788970855,0.7584232425067495,-3.493761718410144,-0.054260290289614405,-0.16709995161444263,1.0017865202128409,0.7707720248202221,0.2103241350305834,-0.5856470099045282,-0.07479597634392668,0
2.766369157777753,-0.3543559424727814,-1.8969629974614703,0.5342558740827207,0.8840204421825495,2.0110356612488407,-0.7205951332345071,1.412634112018736,0.19696222454575618,-0.7437565953286406,0
1.2961987650208189,0.913196276238874,-1.575768673749771,1.043166639629118,-0.4147217156772701,0.5685950133792655,-0.1427209007913758,0.48862760438085434,0.39123804238302773,-0.3827849629153857,0
-3.749313395938485,-1.4134731176425193,1.7323077927931214,0.565442548854603,-0.08033942716600338,0.29026892094390994,-0.8050396064224734,-1.708843620162425,-0.8924491198742944,-1.0885817200388215,1
-0.9980689008800909,-3.351292923173813,4.305573840158023,0.5612096162751359,0.4643728010084622,-1.4944563854077006,1.2802547745841175,-1.499567956775186,2.102381021403757,0.011502605288211013,0
0.7652641153962603,0.8862439528803261,-2.704918312763382,0.2747797497720729,-0.8104294442657246,-1.0373508562035858,-0.17772440343948348,0.19825784331704416,0.43153292719629455,-0.43897363351474883,0
-2.1509534707304185,-1.9239916158362211,-1.1804841584142838,1.1131980271037338,-0.44847173808417823,0.9291124825252499,0.04187255489649998,-0.04864264307531604,0.6671610623452755,0.39063484640020707,0
-0.09333138656721279,2.260752006193168,-1.9047264819066572,1.442307123493169,1.7053639599794803,-2.1226384455936658,-0.4969786515968021,-0.48445333619564485,0.9133158058650811,-0.4307021323809211,0
9.087999677261317,2.018673099337019,2.141226290644298,1.0692440225424455,-0.7979314288465894,4.311093719883476,0.4341654766930093,1.3882376865001085,-0.35282793094788023,-0.9348001457910906,0
0.990453765503049,0.9849300203816994,-2.310733656042393,0.27682550746285767,0.6405109848033969,0.24278169405482994,0.6137734900190523,-0.067868921783656,0.2827611462022016,0.1519598868140872,0
-0.2935465509280984,-0.1370990908209636,-3.301931920778919,1.0097858647198057,0.022510881810634795,0.11014620004847377,0.23360423402000888,0.17502686699961165,0.5449203071170358,-0.20691784430092272,0
5.380940406937093,-0.134876977685168,-1.6788425626741073,-1.507694909584287,-0.15199820704762743,0.4239048123585075,-0.7881745339687429,0.7907864967265678,0.11155511222890507,-1.0560606729253097,0
-4.581936672186453,1.484220317772355,0.04207461161204659,-0.2962291294115256,0.7138525125300128,0.575926760174484,0.22320193522419068,0.8683331497539785,0.32854739526579435,-0.1457997975277746,1
1.7000068868371665,2.352271793659259,-3.078089094251846,0.06602095276021575,1.0564664087496012,-0.28210962807113127,-0.160620446907592,0.018960064070752878,0.5923305269869727,-0.10542647927525392,0
-2.1364452772841003,0.09582960948792998,-1.4924118891214933,-1.1210632056051344,0.0680372285849917,-0.6934917304824679,0.1973340196572622,-0.04007942266623241,0.4198102413941766,-0.6174335904402227,1
-1.567478997208159,-1.2084332137934009,-0.3691591057591006,1.4756288221072769,-0.17275043757654748,0.5452839168251546,-0.6844790320531147,-0.5563520421478041,0.6062363594070966,0.1989644300627323,1
-3.5429055574637487,-1.2824955784727405,1.0182109359875748,0.6081562387040469,0.21963592240094662,0.26624788286066386,0.4540370964214775,0.12396047159016035,0.2596094150517892,-0.4347251280120698,1
-3.1578140501813765,-1.6889585955389244,-0.4962937182328981,-0.19401210290028378,-1.4399175504094432,-0.25653873733911425,0.44533540160339197,-0.05793083363780207,-0.4925094960895007,-0.2412387791239761,1
-3.4504885435159123,-0.49821871415012586,-0.15251795711357924,-0.5754864186421964,0.052314880999617314,0.6298908854626565,0.060827089511569676,0.5113227846148103,0.4139874504365308,0.8237731245174131,1
3.3025509513789855,-1.1309378049443055,0.8263925990465815,-0.9827170121329997,1.1952630043010362,0.7078496853622076,0.6485099598122015,-1.5391147679181567,-0.6148311114859413,0.08868664506108723,0
-0.674619285571829,-2.116409716864,-1.3962197485458383,1.0431386803210911,-0.24181680158687252,-0.6566550554732524,-0.21545318376423264,0.20769848828356985,0.5057830173404348,0.10859728639044657,0
-2.8581584400465365,0.15272313623647366,0.4289349402520025,-0.48306031856738996,1.5105366077670304,1.278863886957859,-0.39290832804629056,0.7460726809799032,0.30141888617180124,0.07522713671281664,1
4.6487388724366845,-2.3103325702515627,-0.7288088562146766,-0.6399416903912489,1.1583244871106948,-0.178591833918714,-0.18550657315704613,0.3095051510822031,0.012545384048295296,-0.11297466873854148,0
2.176862882229086,0.9721160460019884,-1.943888333728983,0.7373182874545563,0.3957838216927906,0.4623340836054385,0.5366816459463132,-0.9520153244469642,0.07344447408967866,0.1943525747910589,0
-3.721458992832201,-1.7876416504638895,1.2799328199219802,-0.11556576513185908,0.5262823235110585,0.7057399314932611,0.48780698623222357,0.2979858747892663,-0.12737374006974939,0.7369116569196142,1
-4.13596294378987,2.4037924854589727,-1.2429584053324525,-2.048346466683,1.1656524013418512,-0.9010594210799512,0.4068303316346414,1.2261400496004848,0.34591363740355513,-0.4646693792905751,1
-2.385835663134458,2.7576581297264005,1.2140856312728021,-1.7944891410105281,3.338158035095833,2.540783691715166,0.7464375539101535,-0.91074178560849,0.262429766744001,1.3190386721525416,1
-2.5788832519685054,3.1386719227438533,1.4002801852226368,0.7638665290019507,2.784095472150774,-0.8157356119193889,-0.39625815239977075,0.23093799835033865,0.10304745976987832,-0.9281020053613067,1
4.759112153866087,3.0116805063752263,-0.16624072170065735,0.6058278290099635,-1.14170136488781,-1.2200670878485045,0.8200239853470583,0.33103333269727747,0.5286543280758648,-0.48595733938723873,0
-2.3141322493715,3.2679896792372247,2.7962242450184696,-0.5657264357766815,0.38183408865030916,2.958283518481759,0.21056495655640406,-0.6279791519811746,-0.23232490150639862,0.04140213303361188,1
1.6916079231689938,1.5406765571043701,-1.7998452353903795,1.390589568195014,1.2126749858135775,-1.2432108526222068,-0.005788546736055628,0.3860456767830543,0.8020776689796495,-0.1819070306499181,0
1.8123054050069214,0.7227401911782768,-1.466249570585704,1.1987300424802916,1.428041588969172,-0.7280624721898985,-0.5314264885986743,-0.47481067397202986,0.003942469284577722,0.17304037939459044,0
-2.7859247566664447,2.310648712307806,0.4727253027649315,1.6071602853041826,1.612858157196673,-1.1895734718481659,0.1695271283141957,0.02985070224968418,-0.11124370395545755,-0.2715518359065714,1
-3.5186483396476476,-0.6583094692607133,0.5913749606899392,0.010802686059444204,-0.020589099113725976,-0.4057097475830902,-0.5269920401142226,1.0830240856122206,0.4278021550274722,-0.39157721802008616,1
4.330002649084517,9.20252568573464,1.49296283188458,-0.31994729530195654,-4.728170550062222,2.2157643119860655,-2.5810600634667598,1.2991530050100055,3.7841185731481706,-2.7381583685334197,1
-3.2612794727723995,-0.9378381203565237,0.20513001264545894,-1.0900715280605273,0.4603499551449098,-0.4343290557600393,-0.8500759135994863,0.3351645876327005,-0.004983072166609866,-0.31071501083666064,1
2.704596172630348,-4.4371417696187185,0.30734538542741896,-0.48869284958238873,-0.37249504141494866,-0.2918005008338107,0.28349255404596196,0.08626439650240023,0.3271548072270704,0.03334618933427258,0
-0.30785577047692136,7.387812177121235,3.819085980462643,-2.1335558201906233,-2.710702715419799,-1.6397583322628286,2.42836146509022,1.3182676444252857,-1.885125674534482,3.1926392754366124,1
5.503705315293615,0.938325415099718,-2.210131648116604,1.5237960303634792,-0.9248915309277964,-0.5400615928428706,1.5638649468223462,0.5941848599318392,-0.6730996784097044,0.06118199409929473,0
-0.3617091926935925,0.11973908634706505,-2.040955791237884,-1.0588839799185272,-0.7571093758029723,-0.9204476313794435,0.6977859267267476,-0.3933823224134991,-0.3582204569388678,-0.14754816206663482,0
-2.629976638563177,-0.6973093686124088,-0.5839416361535537,-0.3381815985912584,-0.46754544208263554,0.0348689558676771,0.12012450433851067,-0.46037671467760866,0.3149718225154398,-0.015553757906859075,1
1.4281675928953432,-1.9671014119007766,1.1119388562486547,-0.7529108842722679,0.5398817284085579,-0.9955632498580279,-0.9089201042621609,1.1013289410032143,1.245872851019551,0.09273684206929148,0
-0.8345178814910346,1.965604864339629,0.7904325392243214,-3.437631194746376,2.3545508991849364,-0.6131015511949417,-0.7763539232732406,-0.2470552352876174,-0.7735117512120077,1.518024590384167,1
6.230896511902651,0.9200695426759794,0.08982730993826228,-2.5391587715347,-0.06213585118068302,0.683471383149113,1.3998060624151398,0.719874023513645,-0.09674986017059625,0.5090166635008381,0
11.668714648329653,4.7486172024098945,2.0058790432135294,-0.3190490252272606,3.391360972999404,4.880799012111578,-1.15549376496691,0.48350255205871057,-1.1714215693644174,-1.324880844579903,0
-2.021577658435545,-0.25489983397091365,-0.6478720102946521,-0.0592513055908613,0.05484786556724747,-0.07241379892930129,0.05370270441677823,-0.35617967225904096,0.048875559527798165,-0.10784393741352469,1
-1.6383849373649788,1.7159491138762542,0.4342062593594463,1.5279662308528814,1.7693816513950045,-1.5031909625971245,0.1436877447054781,-0.4866867188716902,-0.12248575854518516,-0.03906358521789948,1
1.1674616110726201,2.5145158500054543,-1.9057187542205618,-0.638311525718379,-0.2361811273634125,0.13813368055393957,-0.3266792486100583,-0.1520534077961078,-0.22706438825755498,-0.504058570852971,1
10.76924281927434,-2.2579828981058965,0.03883578933188701,0.38938554472601683,-1.1872885524098813,-2.188160347553944,0.03560200948201528,-0.547560657619129,-1.649309188260601,0.3965232268739398,0
5.034811085482776,0.7744091563670891,2.6823380216630177,1.666504129448603,0.31161959273405526,-1.4225484832138415,-0.04325569622995615,-2.014538545734093,-2.9693386606016072,0.02226078149845485,0
-2.174464309546206,0.49687798482026047,-0.9490918106995581,-0.20721922236898604,0.88534606341799,0.8830402291064395,-0.25531228108611737,-0.23019653129672754,0.424021907288187,0.14790171094521565,1
3.2882353847186025,-1.668237062050385,0.14693184564797307,-0.43749301066804047,1.3685699313512136,0.968027579806479,-0.15380533972527366,-0.1922942125209309,-0.08352433945470074,0.4430415404397152,0
0.6076079451777677,0.1622145249522814,1.6373748701509636,1.1145116403760846,0.5407952323073356,0.567859524652324,-1.6627841462848685,-0.34955758470376763,0.5720267647348375,-0.12116264804247967,0
3.5835636260636536,-2.2066618391548696,-1.7045355935218314,0.8012938767743095,-0.3653220808690639,1.5614640689490553,-0.19854261364203857,0.6435915067691547,0.18400348301694058,0.4627780118343712,0
-0.9341581043944094,0.9277014809302209,-0.040163653577488065,1.353398883324264,-0.06494213874353465,0.2238992598109809,0.07698028199262154,-0.14890781268111197,0.2624830150598672,0.4559675000422585,1
1.2596046473494293,1.015577070251343,-0.08059284619342456,-2.0513348678345724,-0.13752035846783792,0.8430410195220555,-0.17380790979327793,-0.6145515484776863,0.28350336228448575,0.3990531674943659,1
-1.588263972178603,-1.6196568284204416,0.3099992085044553,1.091998887880385,-0.05377409733164454,0.32580458559106207,0.2998140901615871,-0.1288653437803624,-0.24652161353721566,0.5215268842781877,1
0.25249756752681457,-0.531351547244927,0.5893278268567619,0.1105383418199059,-0.428681150757885,-0.19963462414842675,-1.7271129777191183,0.7867500498211996,0.11684868028679046,0.1442536370654395,0
-2.8474315866960715,-2.8936475984331023,0.5279888427871587,-0.5988167319352464,-1.4356969584136001,-0.29236715829688065,0.09586501295390325,-0.41409003145758727,0.3908671247203417,-0.5904797103549193,1
-1.9649501129379243,-0.9651569880786816,-0.08120810697433298,0.09408073768064776,0.5500239296297412,-0.3213964074907213,-0.5682538818835751,-0.39606674563231753,0.05815869696952328,-0.49168081671202407,1
2.7758655690025664,0.5580005267658674,-0.6057712485730881,-0.4998300095685328,-0.49990567822683907,-1.0676465883262525,-1.043072285591202,0.2838137835413907,0.6384610603457229,-0.29723357205316353,0
4.396227954702614,-2.123507712156893,0.5795100081447103,0.7774134007046746,0.30383406664650825,1.785125138787678,0.00042480329326343184,0.29276421369008926,-0.5808812195859103,0.49960404211202375,0
-2.5920828278053167,0.213633929912477,1.0356115166431172,-0.6620054452508273,0.5407643597169504,-0.09693818737578568,-0.02254481426334482,-1.5977042726003174,0.17958670702372834,0.41032368900170946,1
-3.9043381501528778,1.1900666337939911,1.5519811851144134,0.935775481339241,0.7081204027123345,-2.354003768909274,1.1167659487336412,-0.14858292363501482,-0.9074126885465925,-0.3167871644723762,1
-2.8182312131423437,0.36788398127761324,-1.351435631929272,-1.7384149224929446,-0.28432147812122516,-0.43128264849428144,0.4849234391708493,0.29095036843021277,0.05734358731465622,-0.3828434153381553,1
0.616280869825099,0.6389116690076545,-0.19991887351576185,1.0974987710490274,-0.11868973407105145,-0.853938987643885,-0.5065156956129484,-0.6349821896316855,-0.23735033615899082,0.1394127541491673,0
-0.432860220816549,-1.3920442987733135,-0.08271948210071849,1.9352799098833067,0.03446053469851756,-0.5963271388556031,0.0029674927542100923,-0.06265704108693816,0.7984258943947449,-0.20972005586123713,0
-4.55502884044815,3.5287860178790917,-0.21526395877851012,-1.091885693636482,2.758348987726051,-0.9004926367735878,1.4128942192000649,-0.32461979163278787,-0.5059897785160425,-0.19002131132880037,1
-3.4481835412175106,-1.4246224557112577,-0.0887240042535395,1.7107277786896544,0.10661671241468093,0.3432393035851097,-0.23800667668665207,-0.5137971599368976,0.45517466923538524,0.15301050865647442,1
-2.115960264030478,1.8493736050196126,-0.5566739791307621,0.46435637588458156,0.4749143434717942,-0.9919191792813604,-0.5089250330560641,0.05186193994979144,0.8866840347539008,0.1674638200172432,1
-2.69135220496213,1.420061739941795,0.9691507729571679,0.002859524464195145,1.256518379299606,0.9415787073802707,0.1579387247097864,-0.5929587010196352,0.47834319349262777,0.6489310262084111,1
3.2139167651773763,4.046756222649358,-2.715384456506936,-1.3286253416639586,0.22167319681585254,-2.2047947767681433,0.5194749494651963,-0.9203005547104347,0.024795802080548036,-0.5971861011562793,0
-0.7492713563495628,1.797638517132293,-0.5683658058122265,0.5604989833232353,0.9330960251622171,-1.6101870506022506,-0.49834995395908827,-0.45324332426052044,0.5275658447309508,-0.45962738482024135,1
-3.159006037414682,-1.035749426821672,-1.490684162109507,0.5931683778982193,-0.5140858511519348,0.35991588697361543,0.12324114892602278,-0.26379260305689833,0.28987147295295135,-0.17605558440666758,1
13.05612185866344,0.9815132263977551,0.5988126755228692,-1.4729309720870631,0.5999130658167846,1.0217591840545595,-0.09549146834935625,-0.7686185499434133,0.6275691255038786,-1.0988728634116236,0
-2.2286798134422194,0.667410636380441,-1.0915603405196952,1.0783017194701763,0.2991291195864778,-1.4408755697058737,0.21175572062719675,1.3892967088118588,0.44890667031205317,-0.6295675854413108,1
-2.492831035611607,2.598686267995719,1.669725561727495,-0.633486000984676,1.1567474934936803,-1.0964081818717724,0.20389707977224333,1.2200375492689555,-0.5709833856527529,-0.7433188944175481,1
-0.10335042641398835,2.2801435368568272,2.109562790031633,0.351845992196813,-0.622481978298217,-1.4599863401145776,-1.0410339228217003,-0.12053753028852866,-0.22736290666634354,0.33645804400632584,1
3.591294118690597,3.9263331552120935,2.0470067292977356,0.2317663345466956,-5.465263817670827,0.8338569492876844,0.411536330089384,-0.9711571815942597,-0.5357749753994437,-0.24864338963766464,1
-1.34894868287225,3.5562251004658663,1.7321912772437598,0.04699074438486132,0.34525100239626466,-1.2628874147380518,0.10585563191858442,-0.7143258726866837,-0.4106746043027706,0.6963482319829142,1
-2.510117675558594,3.2513195035015032,-1.687624393274049,-1.189961410898134,0.4555870487826455,-1.7079419736443475,0.5124384167147796,0.3377633231753141,0.6794561324474491,-0.4914761648235494,1
-2.046029572451856,0.30488486674437637,-0.5338387058877783,0.48984175026368504,0.06791210851248344,-1.3389297824175457,0.45991157874615757,0.48893894044445224,0.3544123949947821,0.441833064842087,1
-2.0970691694487207,3.667095883545263,3.632200479197162,-1.539786853420873,-2.2365298553185133,-2.2957057986056717,-0.9194047750622361,1.899756643582807,0.1543768105714328,-0.4450777505595947,1
3.110527693352181,1.5693895561962354,-2.6139361255409472,-0.6184677316573287,1.1817793061676538,-0.7682309909986172,-0.20697779598237176,-0.20981377756718092,0.28481486068114426,-0.03347392300191221,0
4.9567255700022965,2.3848462187167128,-1.9351070932502124,0.6108412325743278,0.14820972802977672,-1.4938059577534162,0.4268071616478889,0.27577015273862876,0.35788804617991926,0.0965268673051447,0
0.8510142626646724,-2.30673536752801,0.5674619180759433,0.04362524903033516,2.094046519372457,4.97953580997562,-0.9926414219086784,1.0451246425447798,-0.4838635055907648,-0.3710424361644319,0
-2.965999206622572,0.3715064822522393,-2.066533159593563,-2.0725062990632073,-0.16303768157720266,-0.4383858234927982,0.05698425053182454,0.46405526772803063,0.24594685883135983,-0.493346134238771,1
3.3341331980203504,-1.3255573541236583,0.7280136640548077,-1.0031987131103497,0.9337069429835085,-0.5801239703979868,-0.25077030939839196,-0.36204793348129816,-0.24209918884021162,0.14041069906179748,0
12.894612133968957,2.316622464394246,6.3286970072939095,-1.9422039911119326,3.160227633822713,-0.9470534253397936,-1.2968792235310054,0.7927584505469026,-1.696463294957306,-0.07772151331697724,0
-0.770743677532012,-0.06410921999256665,-1.1344087971271666,-2.510463104406888,-0.020237027361377474,0.1808526835666809,-0.5034842132439392,-1.2958566188006728,-0.09160700535855269,-0.3637012601512322,1
-2.2025155237824063,-0.735605230195638,0.2670800984927562,0.03761951953110478,-2.9340365313042955,-0.24746776508785795,-0.19145534977677905,0.07076057155216438,-0.19816270197367802,-0.4731601080564306,1
-3.143412245602706,-1.8774090266692653,-0.6703690408220193,-0.3033319228672692,-0.40806940507315037,-0.22712007153117372,0.32162730126554867,-0.27020055891163325,-0.1712661242401111,0.29489751145744764,1
-0.6388804999703288,-0.9113660287979897,-2.1427241627880167,2.14091565792166,0.42913975078039496,0.14888223524973349,-0.04163043773661807,0.2722704844400818,0.772585373494138,-0.05890211108844876,0
1.9191334226484997,-3.5380823683878666,1.2549245276885745,-0.33599908002035117,-0.5890689654575743,1.4685278835668003,-0.14472332603680643,-0.17225651849659238,0.2537203846527801,0.24508481292123804,0
1.4088683633928147,1.3049294063552914,0.641428769380226,-1.886956370979824,0.0362519974964757,-0.5342971774906299,-1.26637279157609,-0.7221436019785896,-0.3858150559414314,0.593955100570838,1
4.643691316587363,-1.4820171693910278,-1.1706805533522016,1.2186055251407615,-0.17807255783953846,0.6786615369879525,-0.7409594187891255,-0.634577693250407,-0.1961363103500923,0.7622735153608221,0
-1.8774673636140535,1.4232306440378055,-1.0708121946781815,-1.7093329684294754,0.8845491055129456,0.654627419880115,0.31473568283399295,0.22283515415729543,-0.6836929321557815,-0.006873193133132161,1
1.4320694267974394,-1.0496039490885924,-1.2620113212390707,-0.5331890568743382,0.6266966038486567,-0.7859161717518518,-0.6215554471197425,-0.21494368597943397,0.6695952241420757,0.13106034872641223,0
1.3526270253942854,-1.1541414717290008,-1.209793266359623,0.828106502916069,0.9868073423291501,0.6869748901103501,-0.31350772372231406,-0.5253712283285764,0.33415371093467083,0.7125909451717606,0
-0.7091148317236305,-1.5682323235088824,-0.6699940901235689,-1.6872639560002627,-0.3393148094266906,0.24635850471974466,-0.8395510703749128,-0.52568208292817,-0.2326341166044492,0.24161425327031513,1
2.171416018303969,-2.8262607261237496,-0.5621074925927847,0.6608316240937234,0.474970132616776,-0.3844465257102734,-0.13889336062838292,0.4009824247583287,0.01578219548114908,-0.1421281090659202,0
-1.9768403553186404,-0.4193874469184842,-0.38057516909852535,1.7394602091059428,0.30863816316961096,-0.7122804202728888,-0.3173612273256872,0.42342636553118373,0.2963462374600841,-0.16623775014014797,0
-2.600789504020874,-0.482335467494323,1.8723727100951415,0.4380183189768375,-0.01608278299222949,-2.0410093791718014,-0.004721140163099105,-1.7469036514638832,0.05406077512711916,-1.3417990509875755,1
-3.258007359468893,-0.41832140569538956,-0.6918056278932839,-0.6598536095115353,-0.12156622777593619,0.06728870805052724,-0.4390689976865491,-0.6249777295633868,0.4321697254903103,-0.18593034700580685,1
3.782026455580271,0.8603815975237665,3.6710006893603895,-2.0478201765330337,2.183790087222444,1.4742366547956078,-0.5633489331649901,0.5559082983633178,1.434377162775641,-1.8923020900978467,0
-1.992034722145422,1.3293551725054662,1.1352445446341117,-2.046433208125591,0.25212777957416016,-1.7570828297804475,-1.3958721384676973,-0.6184858611051203,0.19402449461470092,0.07839614934787827,1
-5.015008689975809,0.5746999790548193,-0.8424381482480076,-2.1696626775431413,0.8820022060122482,0.9319354929785816,1.1334910480765465,0.26485721518885175,-0.04782095108332693,0.4229755516359584,1
1.3450204377376285,-1.2747709560422442,0.5558435473492903,-0.5748715237676265,0.4708492454667895,-0.17410010929496061,0.5623465264711769,-0.2973086526689383,0.1627799087517343,0.026178841546305162,0
-2.4559688106880464,0.8984552923634705,0.3531334800273728,0.36799158805520954,1.1042868287513872,-0.7788873286567156,0.16926035444740095,-0.9777862924351627,-0.5083083270034342,-0.664577335234997,1
-1.8372816695174308,-0.09102676545715387,-1.4452808651437823,-0.6725485426076985,0.1361989206483696,1.0742421416030017,0.09905527259976862,0.3731513581879974,-0.07121727262924905,-0.2545027751901228,1
-4.346489712228621,-0.8935722661901382,0.6392560329081931,-0.42562691120376134,-0.9564423503516393,-0.09919844644382926,0.3470500402954092,0.1475720223045126,-0.015476628975935616,-0.7727052025848756,1
-0.7328129161437648,3.702182382795107,0.6585050181232341,-2.236127459323457,0.3364674331205213,-0.3825376926293598,1.3619835958353474,0.3716595873344226,-1.2072521106285692,1.1895822608232234,1
2.3999978431541837,4.837988819756904,-1.028157038313926,-0.34291684126419086,2.3918727434229505,5.134227798384425,-0.7879231819687541,-0.0976075709730169,-0.08626854515119955,-0.6390844886364226,0
0.39309866393165843,1.0830680630279432,2.2476055057836266,0.4618585987150256,-1.6916285443391303,1.5552200403670353,0.6737491991624917,-0.3199437600747331,-1.4190934915138511,0.05653429635688941,1
-0.41232781279562264,-0.3896313170982989,-1.045770406539046,-1.3662456908817104,-0.8635071255110156,-0.3523601124836076,-0.8862288013848096,-0.3729315491594632,0.23425857321416746,-0.21657123879181844,1
-3.0499249404514663,-2.2377845222719026,-0.46945298213280096,-0.18277472930064126,-1.5758460410549315,0.40880152806270503,0.4899902970273246,-0.22392298727605228,-0.05326863615779541,-0.1309439878142815,1
-1.4425637316070985,0.3058704494682638,0.5515478510418723,-0.3560740409418065,2.7029190357455675,1.4997077010502768,-0.8312799878702848,-0.8061963448194365,1.0339908723456568,1.2005866232021707,1
0.08318610261277568,7.1503598000062265,-0.060009971500315444,1.8030818028808206,-0.7381126142747699,-0.5642204644700092,1.6258067764047066,0.6078764887694876,-0.28312169346362526,0.7000363128363105,1
7.093306714189308,12.573194228678517,7.358708081714843,-1.2253415528672569,-7.490433692443616,0.8147305400938752,-1.6810501323919678,-1.614182399939761,3.6880064149008684,1.0746534872719986,1
-3.7434045429961764,0.2505015267671553,-0.09738325219214804,-1.9321470877970726,1.0435915483616236,0.15421784327843063,-0.585294559052849,0.4921826047585064,0.21330421472176325,-0.06357570807240208,1
-0.9691728143623516,0.944944302349057,-0.8908112598417618,-1.0965323077207405,0.6135024327695697,0.9708910524553714,-0.42799595939888857,1.2773113850465234,-0.12194255817633853,-0.4270074879873984,1
-2.418719908122959,0.0055524129828240995,-0.7983803838211423,0.07089207074919669,0.07730987851343299,0.8655064689551616,0.10702089905513511,-0.10933644344604418,0.4539296537709926,0.49135340971754365,1
4.1007877265951835,-0.37880382017235215,1.4463175319906316,-0.7023685667078161,-0.0006649933044922458,-1.0360963832283623,-0.3177209866657206,-0.4207225457126375,0.21369186034982154,0.28723078259128687,0
-0.7516030055354342,-3.070648658484427,1.4491816782802402,0.9534258737705784,-0.8919287394900227,1.2972366144450431,-0.22158745380183395,-1.2383086467780264,-0.004757764453903973,0.07689156275682163,1
-3.6546465282535445,-0.67464874185002,-0.9069859870885169,-1.5111613105521249,-0.2938121005874646,-0.4139518905440066,0.14207172096851478,-0.12181056569645167,-0.08403383245325692,-0.14852412598783443,1
-4.680211576012842,-1.1038572475926967,-0.25730817768521963,-1.2464757144387357,-0.4146183764828369,0.1534161382383292,0.9062285740763151,0.6239965262377597,-0.04496402438540732,-0.3464943982599915,1
-0.5977817666137695,1.785650875106061,1.48173596792594,0.177872237509506,1.5892265503500662,0.589296136491171,-0.03491877979450673,0.01543280567847881,0.1863877901959155,-0.2575035588346792,1
3.3873307646410926,-2.911037107173835,3.007237753455436,-2.8282878329538166,-0.5083464504919054,0.589389157245216,-0.8318227353625217,1.018566459329651,0.5236232563344706,-0.09124072957698132,0
6.149886189966098,-2.0176527547810736,-1.5661437179981859,-0.9716460653781634,0.33636992169760976,0.34372463488699206,-0.07077556046960289,-0.6422621357827012,-0.01365763086194843,-0.3987193565403424,0
-1.3250313470426622,1.4692940245331338,0.8484213778199148,1.1427664666200257,0.04782174391167549,-1.8916327568085007,0.029067192872775385,0.41824937099346504,-0.6300500085536993,0.05782027090037694,1
5.494152797674739,-4.165829305476933,-0.6012607661380448,-0.14969969842276756,-0.6255664479534764,1.043038799451929,-0.070484656726249,0.8329180693698695,-1.0893835792081858,0.7428566583941844,0
-2.9974032071314896,-2.7388610518598133,-0.16118378030219893,0.41316979890445876,-0.405546136232257,0.7240925466557423,-0.4227453453056589,-0.1385198488274196,-0.45569429971897585,-0.050740924420796876,1
-4.386732721106603,0.006872281278996358,-0.9481082366197786,-2.798005779610778,-0.4457308761258609,-1.6880824567157193,0.2823636912131071,0.3726438347768746,-0.11054582992178837,-0.6649410109104418,1
1.213634612147904,-2.0390389573793275,0.9806961768258475,-0.23896611516224692,-0.08576867319319237,0.6266564059614679,-0.351940333352228,-0.25756333499583856,0.09814920988241903,0.31002870717560416,0
5.069661081475339,-1.785152334260497,1.1736470683779556,0.6937328315182258,-0.6486555598393933,-1.9783923737096714,1.5988723504125864,-0.4794269117867143,0.6595119693616082,-0.5993721586694453,0
-1.9777014396332304,-1.8427794206398058,-0.2773597599864824,-0.5497499042781353,0.20689629580462374,-0.28386446618647926,-0.5541367415952946,-0.9135957093934725,-0.2236935418392567,0.3788166514682972,1
-2.5148764188899877,0.11425229888415164,-0.4966227715201424,-2.3543471201062274,0.689374947541872,-0.04425895689708156,-1.0484258479368056,-0.02629732826291802,0.5061766086310513,0.3350091449062885,1
-0.947487891747953,-1.6847535464245222,-0.3511863419930457,0.5772107412622972,0.3415421338850277,-0.4226386378419297,0.03577347479338598,0.3530474104408325,0.8088417383656478,-0.4806847297887475,0
2.8193683434660475,1.2651031321636577,-2.153144240308974,-2.7084590421811097,0.040044459708363955,-0.5662738273205938,-0.2674833965236206,-1.0654141579014456,-0.09332764440548226,-0.63908608214481,0
-3.4839862980200045,1.6196919825568974,2.6754693892339136,-1.253613805933931,0.5989814171772242,-1.3438766173960384,-1.0274299004160148,0.44332416815394576,-1.2901017440951612,-0.23482824938032784,1
-4.65872957796613,-0.22291481503257782,1.5593586618863036,-0.5110923193881053,1.896940835118126,1.3473176354204306,0.2725682956367057,-0.16455066710170163,-0.6699075550111423,-0.5375475757826629,1
-5.351618114936627,1.0267578586053627,0.324985924449758,-1.3686824278788734,0.9186613692566079,0.2210369706763609,1.1251522142545898,0.6379674524445864,-0.42502579225222736,0.057802686717177934,1
1.1708977789054418,7.014486578698095,4.271861991969346,0.3326398262715097,-2.9094447789276185,-0.3891475937779767,0.7141966166341583,0.5025607753231439,-1.2499836837879126,0.15121624782986412,1
2.9563018671442363,0.7064218520962693,-1.0423354420286681,0.5221495724139581,-1.4136356074554413,-0.268943068904574,-0.9953716539670001,-0.21772890999817182,-0.2313546227265642,-0.47144241137424575,0
-4.975702062159758,-3.386204867391143,0.4398384094372629,1.5775699793648654,-1.0337957308929178,0.9267815828625289,0.4523863423595211,0.09181468065404416,-0.1794967212063414,0.10223436698300623,1
-4.064025658740143,-1.2461661741984253,0.5744778366294555,-1.7053930700308988,-0.6158644594296466,-1.50913376696492,0.3332938574112134,-0.07764448567966863,-0.3965947841214933,0.2637048823278725,1
9.512669844166355,-5.603484192726068,-0.637239403104144,-0.2242211983473678,0.40654352916774933,-0.8366143008453621,-0.7146623738334158,-0.8026289105114571,-2.16174205895165,0.02912520968338532,0
9.007165526292281,0.5810310772838658,-3.1347151984640984,0.8622695939651738,-0.04572204465199456,0.7257742372316613,0.8458904988392668,-0.5915396873480395,-1.0156216243323377,1.2026547623357333,0
0.7588784847610698,-1.6085325756435818,-1.5150957144878006,1.0760600255095876,0.049234629609554305,0.09433166387936608,-0.06081196976250932,0.36557640961788135,-0.12069437858483371,-0.41156718954265437,0
-2.6593596153532895,0.5399358008970764,1.7070147054728089,-1.2017513145843566,-2.3547418477400597,-1.0044058013297017,-0.26689008528308605,0.08946058934257128,-0.0850272132731204,-1.192514772133554,1
-0.39001898105892124,-0.9892423529287844,-2.585169240880434,0.7845271944038045,-0.7343112538276749,0.18373765113009086,0.6915823217504875,0.21482918468117312,-0.09687015992242166,0.46094364385612335,0
-3.889065527186773,0.8160717107750078,1.015717266048557,-0.8249184590940335,2.1335727767487045,-0.7937243971541603,0.4374436081320282,1.9019515959506308,-0.31563358284508247,-0.10422429108529056,1
0.3648761518407572,-3.5744612259285278,-2.223978533134076,-0.22316803751485884,-0.7785309681381328,0.510230352183356,-0.5627929560710775,0.23543890876072968,-0.32562235315354554,0.12468065252617183,0
-2.8358909181565206,-0.39872969401219205,-0.3474450885882134,-0.8132475206656112,0.03928068859438338,-0.6355226034540677,-0.5978512299553105,0.1608231694075056,0.5411887030990438,-0.51363849158909,1
-3.310283620739628,0.15574119498520375,0.5414789422238088,0.5124839095453282,1.7878791217949672,0.6958502976361538,-0.9106874780535795,-0.019856033840415958,-0.5342738885355011,-0.9633963750763388,1
-3.3573044025551817,-1.1037324235664456,0.15208980466694325,-0.828188027949899,-0.7342592404217178,0.6926263936945057,-0.18774931024178165,0.31689016818264787,0.06372778487145166,-0.24325102706199758,1
6.523116620292802,8.011169611598753,-0.3264236973919143,2.771798523277216,-1.5989318471342067,3.672119346401588,0.4671996124565745,1.322505923704026,-1.946376603400146,-0.946914829739717,0
-1.71773517610785,-0.5431655272763876,3.2983752533289663,0.08733074582306068,-0.08417355063056373,1.0050589254734146,1.0007104269676896,-0.9962445920446126,0.2325304956824789,-0.11899341744069178,1
-5.565735898981082,-0.4778475788072561,4.127462746023784,2.3524907602589327,1.0524610094264937,2.093502232873518,1.167387334394738,-3.9531630716428063,-2.061156315130347,-2.6720108085159335,1
1.7796614892323586,2.7765871696774114,-0.9427628490848563,3.074352196947388,0.6951330976313341,-1.2013657403702882,0.6288403626878126,0.45790313200825733,0.2524064510821856,0.022233679077516375,0
2.6114848931605055,1.561421709149274,-0.21818695365474658,0.49277526478488554,-1.1043873825128554,0.005818592859331041,-0.8639182944225134,0.20500691387219436,-0.3568765776150122,-0.4115951790378749,0
-2.8190385096119357,-0.9701105669674901,-0.38259143855040406,-0.46379060082982443,-0.5517868439661072,1.2084608474885576,-0.3662600227258976,0.113816746997188,0.33022367578283696,0.19803686937065293,1
2.4984388777239834,2.2784828520976146,1.3194785753218534,1.180838554070678,1.899730252976488,-1.700102731046034,-0.9038390326697203,0.4473730620936508,0.34003961340949596,-0.7983117155407345,0
1.2770271752993325,-2.4432589642737854,2.4663169862406846,0.12989056168666416,-2.1553061239598588,1.2180658216584923,-0.018177964661150823,0.17860350657366852,-0.12499424194179018,0.5858858579722852,0
3.4731973428500704,-2.2778489100427826,-1.238684065571148,1.1131409688249485,-1.0092590231065441,0.32177322533417274,0.16813196119055918,0.6692837911737232,-0.892766801956037,0.3039640282648504,0
1.2566751119853181,0.38239326437188487,-3.83832038270205,0.7169201291303924,0.651156149893622,1.2192628435313635,0.021968597816370655,0.5415906690708184,0.33771224576028047,-0.15903631016284067,0
-1.4734313692163155,0.11689025652657303,-0.21466786443873007,0.490808854788515,0.7138418009047611,-0.5411875140252133,-0.16693147090461596,-0.2918997797743271,0.5978810312969186,0.6563206123510635,1
1.6494606959340612,-2.1022910706395823,-0.9752715916388877,-0.18804368374522845,-0.916826171171214,-0.32970020050767757,-0.7278906602801669,0.6217186584301182,-0.44750131261769005,-0.4505440899760998,0
9.036589480305235,-0.6551728250902191,0.22128007692196847,0.7647306172828979,-0.5648966396011215,-0.3322329605618817,-2.67060048413363,-0.2611643717389529,-0.4629597231752696,0.4352666464273046,0
4.554590064788045,3.086639155888121,-2.2704043063554797,2.191119178070273,3.461355241978766,-1.1797144964321606,0.013080738128263948,-0.15797742880522467,0.533222924091197,-0.27995821879538646,0
-0.7811899668984477,0.6528492587504989,-0.6436569974437181,-0.2144682439406843,0.43767990422825015,-0.16048948550055803,0.18723510852163766,-0.06818966424052669,0.5337580440982587,0.1895617509974845,1
-0.2230926067840132,-0.7018214902322878,-2.2707620397373653,-0.9986314980201012,-0.6464879185335259,0.04292906275826575,0.34118042624271694,1.099644479986566,-0.28069308482502886,-0.2528391778175615,0
-3.454895386095839,1.306938722836412,-0.02926451764547858,-0.3305037547614645,1.8619115943801394,-0.32834034552039026,-0.4426281854190223,-0.03601947276155088,0.2867088358631517,0.14396824775517167,1
0.4465443964174074,-2.7877077407683064,0.4443822699179604,-0.4720285415207852,0.5299896169280935,1.6565903037418952,-0.16937066678317445,0.2562248989472573,0.4863215132799586,0.7870797582400163,0
0.31443822596146276,2.0775607279208277,-2.0833118691853088,1.068539796914111,0.21786951552805625,1.1898434420227535,0.8621809989527324,0.2691050335423173,-0.7202120528180858,0.028053530987346736,1
-2.059191942545392,-2.472787787805826,-1.4617188178856182,-1.8680819074467356,-1.8385631428737437,-0.5250227041176473,-0.09890202051678716,0.3497728053757822,-0.2796998073457182,-0.5855968383936642,1
4.808969244731831,-3.0291029673897896,2.7440186759884986,-0.2833636130369531,-0.19396456387629768,0.9849839012362414,-1.541562130228513,0.5377068120606674,0.4097092608182327,-0.6777694998287357,0
-2.998710528238176,-0.3967780282452824,-0.5964659390372133,0.20804493709345795,-0.5683597796633618,-0.3727862599775451,0.4029632149316536,0.2459094400362408,0.14780463927557602,-0.16913068062239459,1
12.285019759541429,-7.543410169305489,10.112423747094631,-5.194270005648293,3.8525069319243315,-0.8774991518650088,5.417219263669712,1.6029552835498095,1.8647578111038439,-2.5614768999507413,0
3.3721965906436875,2.587825427979319,7.092074811672973,0.36749473783449893,-2.7705731049248166,-4.217767525301182,-4.08468432223973,4.362305610508043,-0.6586737366198295,1.707431990199088,0
2.508766311622556,2.6146484775413223,0.2063803350654758,1.8947458458948203,2.124765628941471,2.4650746089768916,-0.7767102229061912,1.523229604598367,-0.5222569181964972,-0.29087076669040635,0
1.318068476542634,2.1544795011177524,-1.7866325776203422,0.010169665205248594,-0.1671523743371627,0.5690938098479016,-0.037614388741780795,-0.44491303547388017,-0.03356337642571741,0.07260692846490242,0
-0.3887562987556141,2.2767978947393956,0.6273320745144414,0.4297269988862214,-0.11938017527359662,0.849893638818603,-0.9042419208247164,0.4086201378437205,0.3856364372550733,-0.21924800224236995,1
-2.7569329912570324,1.0868346854768554,1.7072381598321442,0.5168313730762157,-0.8070226998224316,1.7854864565245936,0.4969127487723561,-0.96486332882814,0.6721460110351066,-0.23509308322886704,1
4.943581014506626,-2.8483244577325224,0.9138788144500726,-0.3351840086094694,0.4833259194516455,0.3553753638809618,0.48486371070860546,0.32081811138037347,0.44351431875130687,0.7967808597080533,0
4.298077329827854,-4.66627517912938,-0.006841008371702548,3.653384895811724,-0.1787029289871403,-0.9138734208614178,0.6715823494333141,1.2969934810375339,-0.019668223557080106,0.005751285114618661,0
-2.3735018019750123,-0.7334025639778908,-1.5260274881188454,-1.8533295861732055,-1.1831180587513728,-0.8578711923112755,0.6587212421829411,-0.06238485469209461,-0.6267193659841819,-0.6032511691319437,1
-0.9671903116026491,0.43843818161558423,-1.4476962674759777,-1.9903614236516496,0.09396608366088369,0.29301298924562125,-0.11255668270108146,-0.15334173184727806,0.018545388192504352,0.20601306939669764,1
-2.9757987879409,1.8109737757240094,-0.22343526886632353,-0.391635199235247,1.5293707831811345,0.04680177788250769,0.44663157809730697,-0.16593853608307957,-0.14990552622768508,0.1923966314890196,1
1.803247020466665,0.16646095723338275,-2.628599564709472,0.6437414800701623,0.521882363827469,0.5697925629548772,0.3323433603403906,0.3146095896304734,-0.21613687890342195,-0.02293976856502417,0
-2.478359512372218,-1.4185764468645432,-0.3165332429274212,-0.3285027387821823,-0.6620125983838696,-0.44674632598377717,-0.06841444590821391,0.3714951624145263,0.29329788098011805,-0.29957601986095106,1
-0.8260392924374986,-1.2502474730589623,0.2679607266075315,-2.310626461533725,1.0148136142114124,0.901629916621975,-0.8023235760109595,0.02622295927337594,0.8697383519990347,0.15606710586293177,1
-3.8946973283395487,0.5385707445033904,-0.881558723780483,-1.0387999956902265,0.8090288808723429,-0.6909989049114917,0.5066875181168903,-0.5154891195267415,0.08183636799721392,0.3679724796799672,1
-0.3895780902174113,-0.6144154700225484,-1.3528692464004617,-1.1751923119850867,-1.789893291243857,0.9602687033772871,-0.04008082225985204,-0.0036624948053570784,0.12009966970549614,0.3600427101577426,1
-1.4573213567984842,-0.2017267570099059,-1.0988787344535456,2.0057749681162207,-1.4785622277940274,-0.08537961606710973,0.6043601097994532,0.5833424938735269,0.3373585472323671,-0.3475893672679857,1
2.7555680011537387,3.4657736038397093,-2.4740508565949266,1.0082788485493612,-0.15513599761390037,-0.7014087460283108,0.27025235158891203,-0.07247619582137718,0.495969139592736,0.019194750484909408,0
3.2572546734788133,-0.1252004920344231,-2.896097455639005,-0.7495901174196121,0.35285555743515545,-0.8049437334443955,-1.3954082833127261,-0.68582930412714,0.2947833501363981,0.3138854836103955,0
-4.019140240564172,-1.3542473809817694,-0.36047271449737944,2.635797761807253,-0.7352450114789444,1.5182776944851697,0.578605026033539,0.2699487934175273,0.8307207695589796,1.1764182202028475,1
-3.6764132931673617,-1.2916290603284606,0.4246103067873021,4.601709853948264,0.7409092092097868,1.0397368035306593,0.6769928572543984,-0.1474199655889554,0.6774551741580496,1.2393390193092944,1
3.3163241134467714,-3.9391522592523875,-0.2054536805881391,2.1182236435610653,-0.9699807958986507,-0.8908139054209917,-0.0926899668915534,0.23781948779312997,-0.6614775661188295,0.10945468736524128,0
-4.036607361757969,1.1625461079531387,0.189747825773819,-0.9405169972260673,0.565598926207147,-0.8067387016769,-0.15933758026482586,1.6090693806942993,0.07010033192506834,-0.2047841823088618,1
-2.3342333502302335,-1.34897973218766,0.23268701919656146,1.2129139172053083,-0.0515748880378382,-1.236719292097133,-0.17422339516945287,-0.13416881398642794,-0.3588265747474405,0.29383585579482835,1
8.403847113457498,-4.153904776612472,0.04696907523433125,0.551842761357945,0.28808034430979307,-0.5070591304564998,0.7191130709020644,0.6988202464108179,0.15954864125711962,0.5525325154123346,0
2.64756863308363,-3.9511729514875684,1.371881334060585,-0.20781925091391587,-1.4050541838727177,-0.9045129526744766,-0.32376849266670327,0.9986281932995589,-0.29319879306099467,0.30861649916255074,0
-0.6817688659204063,-1.1359911306162613,1.2336664710037124,3.864500137760516,-1.4283521311998784,-1.2914292814799961,0.07533421421596331,-0.825739362878699,-0.38951465327986506,-0.5528356652717998,1
3.3502957906354167,-2.154570026662631,-1.108943720650647,4.349007677387155,-0.06238439291028117,-0.6857157282429664,-0.21654379648556982,0.37132108235555733,0.7306079259317818,1.4480562640022128,0
-2.227720518819693,-1.2149996868114277,-0.19241377550312083,-1.4712781370399002,-0.01971513929546897,-0.05893764044855811,-0.690292876727705,0.13538967011512584,0.3773216551422509,-0.024605363556148903,1
-4.477584655730474,-1.741129362473324,-0.8882070880019691,-0.7646525413823659,-0.6051400089875143,1.0045710276215507,0.2326683453482573,-0.025871691282328916,-0.08989998370780738,-0.1379590966780603,1
1.322621418838938,4.789476583869907,-0.6625351224801559,1.0211958057030899,-2.150024505749874,0.45044837382534175,1.1174158102476985,-0.3405650227867747,0.2299297619446876,-0.3978326899139115,1
-1.850089860140521,-1.58412814965778,1.263917225750254,0.8021025971984975,-0.7114115946310456,1.5966136792731154,0.08109920431121197,0.14969980496828683,0.44398388125014715,0.3215961503927428,1
3.79556564182497,-1.026232641936138,0.8986356352926856,0.7604604590473526,0.7578474673033846,-0.5227298528611544,-1.3884947158290164,0.0966549472759142,-0.8563269887122485,0.43038171878284187,0
-2.281318099239502,2.0776859796729363,2.4306490301672605,1.1860598139939136,2.859003314967548,-0.9990287358761996,-1.0897641062432708,0.7439217522823801,-0.6307830720096693,-0.9267342286594523,1
-3.2287701182773803,-1.1720734786955225,0.2646643297653446,1.0029445748563348,-0.8944676190772584,0.6292250337100821,-0.24996820763752012,0.3297501282818559,-0.42227897113718516,-0.7939776422784853,1
1.025900787648749,2.3612619443209315,-1.6168855931599297,-1.1459632459106215,-4.144478536625526,-0.20752880845022154,0.7360684306445076,0.6191411268685008,0.14265480040521866,-0.9046948890433061,1
-2.582555837281681,0.72921311407869,-0.5481427872298399,2.332079177675764,1.8352650060158593,0.14016622442495663,0.12196587279020847,0.2728627577167754,0.6096552483950308,0.3504715830494293,1
-2.485883225506347,0.4605964026824257,-0.5989203402625305,-0.9987176335649549,0.4303238629774167,-0.37962170233333237,-0.3315524145627135,-0.4784109810191747,0.579189636489504,0.023224551348920475,1
7.143842039052902,-2.074842232620043,1.088387337292254,-0.7163335029838013,-0.8199009914005826,1.144548275480947,-0.2895373480187496,-0.019306547974564443,1.2165610083854002,0.30794904881992363,0
-3.0324811407725965,-0.6494687998577643,0.3106826673316161,-0.5802825039396352,0.7328849003128355,0.5720082643944312,-0.00842543864548507,0.048886857124425455,0.811796416785862,0.10616052543881799,1
7.08501064878764,0.5282231716862005,-1.27998704322498,-0.651563292302835,-1.8538248218002378,-1.8112999002625203,0.5354688465890629,0.9531684570204112,-0.4389787801510761,-0.40448358436157605,0
1.3140990035987576,-1.7754258312624538,-1.6726317666057482,-0.6946200249405735,-0.11281065370114879,-0.08752902886473674,-1.119751639566027,-0.34592549617386265,-0.11514074447561233,0.058565760671751954,0
3.71164951477973,-2.8074771106095073,-1.7561936094901385,-0.9041052352414425,0.07098599762591913,-0.20618855597850477,-0.20422619393068375,0.3447738330652938,-0.09848182061146116,0.10030165790695356,0
0.4604790908477579,0.3941662885214327,-1.0046985455782442,-1.0753882454173895,0.42753481196145904,-0.09140705527108783,-0.5446881464554444,-0.05274254591206842,0.43917850163539723,-0.27664530332683435,0
6.392649920534936,-1.8230941633210411,0.47984972660760516,1.6964609875516448,-0.556677352492524,-0.10677238435549391,1.3422277290503302,0.26605632081027847,-0.4905302897858496,0.6892245490220043,0
5.255544949778236,3.8945309898245206,-0.8338534467396616,-1.6816008425906621,0.7843269718711168,-1.3870888747189454,-0.11000055720977876,-0.9502517872927834,0.023693068213045444,1.0789808999131425,0
8.733861502953994,3.279877374952949,2.9036994644225858,0.27718816362403437,1.061846867188223,-0.5676916847341904,0.7901837388964972,-1.4345691971605554,1.517596520985707,-0.1086370042942853,0
3.691317880228507,1.0656460674271766,-3.515589047812128,4.773197016902416,0.8024841391090998,-1.141591717742241,-0.003968321313564761,0.07517837486452884,0.5626387746712056,0.6864119166555146,0
3.378250872695878,-3.371227892042611,-1.766777754987273,2.0779569706341916,0.597781527267148,-0.49078196722571366,-0.8248321579950286,0.2990119018062896,-0.48620590259102,0.6834246202875405,0
-0.8402096538369325,-3.50008503218326,0.1824836534048757,1.2425727071402428,0.10851726792743611,-0.4169997816327633,-0.24964307530930777,0.2072997964807733,-0.34838175416392997,0.34769243812989176,0
3.2843726199731575,-0.9906732009428229,2.55438639220626,0.1228269713973923,-0.35083788440136376,1.4773840532158182,-0.06516679449549574,-0.05307352991387592,0.26435177411350336,0.7562707792398496,0
-1.9087689281363809,-3.1219458054749287,-1.0630561133946062,1.0620669179695266,-0.9572965470397131,0.3285351379515546,0.02994850468755466,-0.21223600548396981,-0.06808714662277508,0.04408660060438191,0
1.6147819253559184,-2.4745733478734415,-1.9911347840528237,0.3790911621882145,0.4432487264156116,-0.24436682486187208,-0.667385150676181,0.26096221383213075,0.6187461099192069,0.32627625716568764,0
6.619726346836864,-6.003276417553644,0.9893777588452557,2.8867575758327777,1.6953839040729808,-0.799672741978517,2.2876677090093223,0.445289845550331,0.6410108999680414,0.5182964279166279,0
-1.464675933458778,1.686631814155576,1.1699058703946197,-0.3256622465065114,0.4648733061656866,1.2484189975500841,0.11576586206310767,0.14416018442822962,0.3609722225617703,-0.49069389305042505,1
-2.0121524285187693,-1.103486558144854,1.3380240797146448,1.6156796384099206,-0.6917208028389661,0.5411901874648481,0.0931456301969889,-0.6165005889624352,-0.21169506956145226,-0.20782908396839406,1
-2.284340252070642,0.00949363919651354,-0.450439542055785,-0.2957797401917569,0.8038675298255316,1.7790189334975124,-0.43526604214778913,0.09779242640438265,0.1494655653967997,-0.12055800042300138,1
-0.7397430856449493,3.152520605071151,1.4698578473041128,0.31489361900090884,-0.9476892918041628,-0.5314411245095094,-0.27977543833641944,-0.03840378813523743,0.095429134295356,-0.3090536560691592,1
-4.506562510681535,-3.169272587873535,-0.18806158843616,-0.39116006071506293,-1.3852066486309145,1.1387789354328017,0.14940393472839025,0.14201304801825113,-0.42971963250517375,0.3485432026716388,1
-3.158754301407416,0.4103017949685603,-1.1088172045342584,-1.9716188331519713,0.05858711856757596,-0.282414651392783,-0.07926823728003246,-0.04430358312273654,0.25856955254765607,0.10908408774362556,1
7.676149471669644,-3.075306303995449,1.4819594123267337,-0.5524018659792977,-0.8862053426913947,-0.0825274993497208,1.6521224453459789,0.13499956158754695,-0.24287200454327004,-0.6492976571410664,0
-3.6391359671594388,1.5895870640296277,0.7162798064909762,-0.670385239841986,1.5773311407373778,-0.7452729761837347,-0.3065468234195055,0.8370569430909737,0.36847320945614326,1.0830531267058239,1
0.3373454926438294,-3.1443734576469224,-0.11572148197426525,1.815295289739792,-0.035293178315031745,-0.7162118541162857,-0.05513283683689578,0.11949810455930165,-0.5550035299312871,0.27165331519674235,0
-1.2765833791515426,0.8490529834604241,3.0700681561656586,-1.1664974935882562,2.6781242074342626,-1.360508718419137,-1.6491278747402338,-0.8449883366255512,0.4059669640931821,-0.13801923518131273,1
-4.346014054230489,-0.3219780568013962,0.38847470109672316,-1.1071472370347353,1.5033327158239875,0.5377922029686865,-0.17701709406113433,0.087556813161442,-0.11082642662030252,0.2013179267885428,1
0.017430791487395368,-3.4593432912027597,0.30692080144918216,-0.4755698975638603,-0.40073659271161993,-0.15690746258458804,-1.874215053799279,0.7800824535252847,-0.3522330927637766,0.15920320823302084,0
-3.4924260372868656,-2.6340824007641523,-0.07218764240633528,0.30797777022048084,-0.52501569104212,0.23338979819990588,0.11357267710073748,-0.4638146396996172,0.14710426609468863,-0.0630553545638446,1
-1.8665488536842105,-0.9020642096825109,-0.8711686907326862,-1.0288144722550232,0.23187710001893294,0.9163083942691537,-0.5687843775014422,-0.932853095200866,0.5271934073139362,0.732894592022595,1
4.960268117827967,-1.3411230473901086,-1.4570533353535309,1.4681981471462415,0.6124601030816901,-1.0858064422120373,-0.18592080773803774,0.8054988601952768,0.2710568361909939,0.2886404289694267,0
-2.4707226852233743,-0.13802626433783072,1.7948853032581662,-1.5476271681055462,0.6973621152310057,1.8685774082912832,-0.25477973642520385,-0.038289066487293806,0.9747048944568626,0.3251676249383195,1
3.785060102923415,-1.9019074162697,-1.7442419030926266,-0.39228462004590264,0.33927969762062804,0.12968393625207456,-1.2777067379198839,-0.05449197035523524,-0.29734013568571116,-0.10264981627447396,0
2.6372557772722267,0.5771549958415225,-1.9946998246135976,-0.2725491493682713,-1.1967680346737375,-0.4878625323459528,0.03940602884536595,-0.9472165142340855,-0.6347297447570677,-0.08925619285364608,0
-1.372685023666619,0.005805461425114082,1.5492892156169968,-0.5844391534784857,-3.0048784784039917,-0.001372452917595043,-0.8131483989567487,-0.29868892712285716,0.3340456388839372,-1.1264930814772771,1
-4.138882573259068,-1.3765082402979767,0.8780486016227251,0.05985625060535432,0.5975966346886764,0.8320963154901004,0.36766736403691413,0.0044898664852831725,-0.5778792421628636,0.03974902197641179,1
-0.6869402913907842,1.6950096246206932,1.0262128438932392,0.875478191608925,-2.174675608368277,-0.29678826145484827,0.841094609778496,-0.16355983519360728,-0.3377510745437481,0.3311829925214327,1
-4.312129582742904,-1.9784861330658443,-0.2513064866800858,-1.5749111511036555,-1.9834111468913804,0.4682074123987228,0.2452356581881692,0.5247461025040722,-0.3430928423322039,-0.42147843875737767,1
0.4033094213764856,3.723434003640427,4.5864690011045885,-0.21591119678778936,-0.8078009046324984,1.8261264093943061,-2.44885108889445,0.6373661509037402,1.027527895256508,1.983871407619025,1
-3.0036057953214277,0.3541602274578675,1.2340149770109008,0.7174567762745672,1.3125622337216678,1.9968669225940152,-0.4478906599145163,-0.4393794841292174,-0.15447559497965563,-0.15367655975802322,1
3.134008205440032,4.273459558439518,5.866279514838558,-0.5965830757366979,-4.201027896226719,0.8712702444257715,1.4300725509067918,-0.05665457714903439,-1.7738911624716878,1.6764042441415492,1
-0.41783686688185145,-0.8085765710523071,-1.093291483853163,0.08972977483987019,-0.2570691814359339,0.24558889587756091,-0.25350355648619044,-0.13145483712519518,0.0131124273271491,0.5290552817015103,1
-1.4202231350821117,1.3939781131568858,-0.8369868339964804,-1.1054451331545416,0.364400614527373,0.08946610120278954,-0.2634748908040742,0.9647059072900301,-0.4759695662745393,-0.0782537095699732,1
-2.8705883477861533,-0.26864450914401095,-0.4689872589990915,0.2455035680165516,0.5579192926379782,0.4144510733757714,-0.657458004043386,0.38991752713331507,0.4478311311822998,0.1299490661242353,1
-3.365845704071373,-0.8076006153541792,-0.8070794153089246,-1.6636859949463676,-0.05058623694229644,-0.6566330801794634,-0.18332634697260045,-0.3027871675400334,-0.10696035447107091,0.06050022301272283,1
-3.3150001548360732,-1.4421762294498766,-0.5836326027461889,-1.7849308358024005,0.01927250794080458,0.6299781198008068,-0.005970850528952021,-0.1344355233131989,-0.5222011584673281,-0.20684287105969754,1
-4.7697101597000735,-0.5429618596413299,0.8938680006186159,-1.7310613718308703,-1.0017126198070998,0.9637677081510844,0.2366766428006936,-0.7015380010356412,-0.6680461037442689,-0.8416934962036031,1
-2.385882758420601,-0.8241155709057301,1.983963486678778,-0.05525545149633897,0.5057284471302919,-0.9895633581864671,0.5674865589825875,-1.832488219234355,0.6946402816330465,-0.5476972596644164,0
-2.7870960094311155,-2.5330340029384857,-0.8840343987299158,0.2596746572417277,-1.6478326341444336,0.9434646322451165,0.7521727558367338,0.17526120474002113,-0.008048325390685156,0.5002669198013595,1
-3.393841771518294,0.7539639569981582,1.7717935601115176,0.2766733103869042,1.0859029420767228,-0.02878666378455454,-0.41360505567645256,0.44933937771117405,0.06599567938109972,-0.09802494791122311,1
6.590235943344422,-1.4848624499142598,0.3613399006336849,-1.1884461738065681,0.12091100993748224,-0.8927969840686975,1.171853225562798,-0.24084219743395593,0.40158463513723214,-0.7919772025725085,0
-1.4553305178966356,0.5919428677399599,1.1463403848993754,-0.07901729274548407,-1.0877387884811283,1.0579796567678599,0.06425070397024371,0.17473836963878858,0.162454439598261,0.12122085069975169,1
7.18293310208626,0.05514606018737733,2.012917886135858,-0.08277610237404076,0.6657817622551466,0.4246033967605231,0.8016688817766707,-0.6900591778449926,0.17997222789723843,0.4402515454251546,0
-3.5788354034470395,0.891582991626514,0.2614874049952167,0.2540957522038555,0.599593414238774,-1.7658711691960314,-0.3092181679606882,-0.38966696042031124,-0.19501869747597286,-0.4742919847551526,1
-3.0570326418734965,-0.1792133862651409,0.6217734459790178,-0.2613983809391309,-0.896735098019618,-0.5245687730459615,0.7093633932738305,0.13974816729720865,-0.16501355188924188,-0.5008429896793897,1
-3.074435831560861,-0.30605843546261924,1.2592536574618824,2.208626675688384,0.6064117260262958,2.3580672879021694,0.013891714075945581,0.1295770996688733,-0.08514191379177753,0.21099417461390668,1
-3.8535397332557153,-1.5247264225853252,-1.1445096448722205,-0.8150505389525311,-0.49305153398292056,0.28760530720903205,1.0467614139180672,-0.04838826367331272,-0.3736392070270789,0.5407094716417336,1
-5.390256393774108,0.5562555046188585,0.5600700632026155,-0.4718553833619129,0.3997982983890918,1.476659283352008,0.9505017883841427,0.13637325662983626,-0.2933075855555999,-0.0729939541435555,1
-4.657682334494781,-3.065387433664339,-0.07600910991892425,-1.5085163310956702,-1.2728154231943534,0.55569507986723,0.5525494353303734,-0.09941089621059032,-0.47742503882664644,-0.2719568925191031,1
-4.027542388108069,-2.5429070434441403,0.3532171293919904,-1.5143875042410357,-0.6674986646771234,-0.09625750457002574,0.8397683803075329,-0.33335894427038326,-0.012542088007083684,-0.17344011815408905,1
-3.347821941610211,-0.06856304781817484,-0.27019328888929917,0.6276363367759156,1.1256875357644605,1.349985660475975,-0.3753642332535928,-0.12146482454409671,0.212924727939569,0.2189799266325064,1
-3.29984201146829,-3.1387093942090694,0.14889237080558354,-0.7424907363412963,-0.394450812393742,0.6412729897697161,-0.17142596614064798,0.0414996683024853,0.012862254136812409,0.23245746552207494,1
-2.1364041423511364,-0.004392848638496438,-0.055138957015413215,-1.788112879101633,-1.3004454420758387,-0.06311757362970528,0.41476665346576075,0.29997870428475537,-0.0725812549928415,-0.07251363680496498,1
-4.038017141736996,-0.24069805436710265,-1.3281267494695401,-2.4402322583107243,-0.277389291398933,1.6936520953584584,0.41421057441792164,0.10558743910849715,-0.011213507575826958,0.09305227363328172,1
-3.76541455325863,4.398200493289129,3.9502078419989264,0.30726828128154315,4.789656332217358,0.966276010638069,0.024302965560074115,1.7465848151255032,-2.618679805218333,-0.24277148687424707,1
-4.871239383480865,-2.3392147874210227,-0.16829482806236096,-0.694889842304686,-0.8209388454249802,-0.8244920287580203,0.24284651362773452,0.06748549817984764,-0.3394711568259908,-0.46987399077654196,1
-4.747248516354595,-1.7984019755421978,0.16972019757856988,-1.5516108420633414,-0.5351374863973387,0.7915806822884899,0.058144756727319835,0.15164513280506883,0.1657190508059846,0.07387272299495198,1
1.8953162763188456,-2.392238003049705,-1.6764913002997728,-0.7120282345785959,-0.3834019056526973,-0.3924228513429629,-0.5987176965602,0.09283329884379699,-0.09544540893601552,0.3812025242037556,0
1.5729311406089717,6.509099306788018,2.1671589807685114,-0.03007588599084706,-1.0534111772791577,1.1089425859542463,0.2537631720804495,-1.034204154960641,0.7258517372202883,-0.03727633593013404,1
-4.026620252659342,-1.4022064621622246,3.186499903627179,-0.019552277192553695,-0.17964845509318117,0.919295480714702,-0.2109934879719413,-0.511393218141672,-1.0105262058049032,-1.0445083225883418,1
-1.294866170094991,3.4708086393126627,1.1095279782143241,-0.7666793608356027,-0.21051018018263923,-0.8404568427163764,0.2103046000416619,0.0073873749130111644,-0.574756609674196,-0.06239198598904606,1
1.8348404671476914,-4.321522964467138,0.31668532988688547,-0.9971895482674398,-0.2546886541671354,1.6548002307784546,-0.7588755070148306,0.32602874191096726,-0.08324993255205239,0.7066452199372472,0
-1.810380558891325,0.39620730224356177,-1.230334122954309,-1.2766563250282486,-0.007076807637441655,-1.7824078783959092,-0.12917390222135747,-0.7217876387963279,-0.17386001705465923,-0.5804355479704681,1
7.2364853143920005,-0.0357017971221041,-2.8410666280673125,-0.03864184049815074,2.4547364891046493,2.5000212402519044,-0.8616782598710518,-0.08940855614983831,-0.42335510806250404,0.7635120658961909,0
-3.1456501885211097,-0.7425265420253632,-0.8623515070212163,-0.7551636526622041,-0.30012500076229004,-0.16553735088768645,0.6998574995759544,0.028331960087281775,0.08041910069864153,-0.047292885687335015,1
-2.88726805823951,-0.46473162454154004,-0.4757433379564498,-0.7623019423345428,0.8532163628816098,-0.30628862804837825,-0.4085690514862927,0.011833569465532346,-0.03934997087192012,-0.14363503214295728,1
-3.1496539838209325,-1.7712483965455068,-0.0358336876194909,-1.507239641888389,-0.3533042072518826,-1.1630167613140436,-0.09411200883494791,-0.10140159228126068,-0.8187354556479307,-0.4494004014651986,1
-4.62837948305008,-1.8356183618885442,0.06423097211539683,-0.09419313949050599,-0.8004591711358641,-0.16962048593285128,0.8792928576891984,-0.0756406221410081,-0.23813755353468577,-0.06489725194741028,1
2.250510374099616,-0.3485359403968547,-1.0647508694685353,0.23175940484529906,1.0045007195888915,-0.8745519407375288,-0.8706844304545969,-0.6022403902577498,0.31734836406602385,0.08026705027532625,0
2.107801227878287,1.121973943440948,1.77515822147748,-0.26267530190295224,0.960810918867447,0.05684989854250472,-0.8516752528473142,0.5102123452740247,-1.0750291558088192,-0.36611727789108534,0
1.7859499803192154,-0.26922163567289226,-1.7225153363616672,-1.032686954356432,-1.1851104030036455,-0.13047870838743555,-0.5503745648061872,0.15411054405632946,-0.06935753376954394,-0.46368175803308176,0
-0.5276966174016188,1.265871623256449,-0.9204411162248916,-0.4294715679300374,-0.5607830950281586,1.2521714523142855,0.4216975763454524,0.8496955304273471,-0.05229319716297764,-0.2613272525501297,1
-3.213500980500867,1.1034431417867794,1.6119811675673479,0.4864334682512581,3.4592498547394217,0.8597651594301526,-0.8435035738875095,1.0336348049296118,-0.8975404282237803,-0.4994696760651525,1
-4.386422966517998,-0.7611037296113767,-0.4005974213820647,-0.5868569411826581,0.3765792013671007,0.5357661561995635,0.7327460704692075,-0.07065407181756868,-0.0014981807162034672,0.30492879634001785,1
-3.810017869830661,-0.9099185549027126,0.44316767898298415,0.950423204780441,0.3516360143267938,-0.2777445568424873,-0.10289479800234855,0.2517545793032502,-0.41790397837476245,-0.11232804445384255,1
3.3196739715199497,-1.5770528423794878,1.3607285012134667,0.6941430985219157,0.9089304101376233,-1.172217309978046,-0.3372858658999825,-1.2228647486126956,0.6272054864433105,-0.8960206812165302,0
-2.3932759643301043,0.9900307776840364,-0.7575099477820122,-1.554982938997444,-1.4314582375644174,-0.34319049865305173,1.2091430944310138,-0.4754852041128105,-0.9139056602302282,0.5639663859840123,1
4.680166262400176,-0.9685929539380912,-0.2912722565951185,1.0742723599442079,0.13255703482607648,0.5036914458932773,0.13320072824370285,0.8326797895970268,-0.337828464713091,0.1136275369131858,0
-3.0676951406047626,1.1358375684170816,0.37462254531951644,0.6268540126207379,1.4436940883556038,-0.19183719670866795,-0.1699088370886247,-0.7595170165612196,0.24163135941967667,-0.3562331058666056,1
7.353218575027893,-5.24262314257036,0.3169558176232967,-0.432039742787695,0.7060339798497339,-1.2631862706365236,0.16917648879010594,0.37914810488084283,-0.13865448993317953,0.37613155385047936,0
0.2953131832477965,0.22693503616202562,-1.089416593637958,-0.9474227405246065,-0.7290947882455017,0.580010385432567,0.10841320471947913,-0.2572169776281224,0.2560344123149868,-0.03973571135202851,1
-1.9389694969467202,2.544988112461351,-1.0014235318952598,-0.02573985190734003,-1.2060991620503525,0.7321001591123344,0.8164745386476137,-0.12364292650171442,0.8122595781850637,0.01630857057488399,1
-2.077178921430977,1.8065194888372935,-1.1670794196663543,-1.1422298764769052,0.4135714212356009,0.11823722051141432,-0.09909284808456997,0.18433988191030537,0.04048088303301506,-0.43312126613607543,1
4.975162358414944,-1.3325721796152108,0.8709775695835529,1.2921311815264724,0.9619689040856546,2.5813129498165304,-1.2332042236974963,-0.7129537449049119,-0.7762623643746204,-0.9214344149258912,0
-2.1769168795842115,0.9589112593874781,-0.2342648701808782,-1.854472741456471,1.4817807457406753,-0.7693427599593347,-0.3897381985739498,-0.018816873638147928,0.6249003323507467,0.655184457035722,1
-2.4315514550090103,3.447203866783424,3.456944843370728,-0.4936599556712491,1.0457570448539193,-1.0088397190015714,-0.37556488383624154,0.9338968097608218,-1.9509207035860219,-0.6497705107349824,1
-3.367965778878123,-0.5629288977240033,-0.19257365473607088,0.5703792715689957,0.3517286332696979,-0.040263069739190006,0.4884905373748375,0.6233128985618653,-0.3040517565147815,-0.03123840261507451,1
-1.2065977905127077,-1.3170443381938328,-0.9307408058484228,-1.7047899099349981,-0.7187197466852118,0.6381882865555856,0.17167814448660254,0.6055699725700713,-0.24941356342129303,-0.40798240070673614,1
-3.3260792487089814,0.475171581540347,-0.8982857429225329,-0.8134878600538848,0.5853794718240347,-0.8823894377737653,0.08414341004213727,0.9518594784451543,-0.11634054061681413,0.11498152430542095,1
-1.928795402235246,1.4614697975696829,-0.10064251005290505,-1.820764287089126,1.9359411165946612,1.3142833340682558,0.12034224549954983,-1.193563681846819,0.23968916598608808,1.1672675662436032,1
-4.041835089954521,-1.3569174566939899,0.5383416687329178,-0.8339119186417641,-0.17874705299969232,0.9917099587594189,0.565393773088655,0.6672052157677527,0.2394580125640617,0.34938961082928116,1
6.182283741692321,5.108005449471073,0.5211405836082981,-0.9407391907373299,0.6065248742244426,2.4615945810866324,-1.4682105622000927,0.26865074250364895,-0.8092544088184644,-1.065261334280409,0
10.934298158426852,-3.7032540804833247,-0.891694071888279,-2.343507578529286,0.48878559701601204,0.19643647631230904,-0.10974094686350826,0.21984240810511846,-1.7630275575706709,-0.46227267028975216,0
2.1184969319275497,0.29662906960644453,0.8674853936430031,1.4502873917681938,0.5395103672674718,-1.7333730638543452,-0.21699078821585935,0.8628991091432953,0.5890328520303952,-0.2736614765418183,0
-3.0121949701584496,0.24375997572806446,1.9837330373389126,-1.679725697384105,-1.7036738873604338,1.8498053603494051,0.4983425566815456,0.3194016204761194,0.3588969066173568,-0.23906259529276633,1
-0.9826485812695368,0.7972523938811389,2.3694211555946034,-0.15692263568597337,-1.5464297303143963,-0.2533225825070834,-0.9265812923328302,0.2480742915525509,0.0717550815805493,-0.6726998639580891,1
0.35789386251820327,2.1278386319954126,0.708209039806447,-0.18474479714346867,0.10256996202360286,0.5631985104240679,-0.9873750506212847,-0.5298454385771646,0.008718186480431852,0.14526203526839826,1
-3.193917865505716,-1.8491520732723716,0.09939835082345391,0.022782509498784503,-0.17900227645668723,-0.49281653486167465,0.17769913843486076,-0.37315133162706426,-0.6435989182166791,-0.35004156567344585,1
-2.9932333012444805,1.6313922059001316,2.5567179081826814,-1.3458871606900515,-0.040740334229088834,0.6169899730092804,0.5132238359788142,0.3128002833967219,0.8066494931657051,0.18409596061806935,1
-3.1939141504686193,0.5793394420917471,0.48976422046716434,-0.044594178632298365,0.7236072489432264,-1.037397503346125,1.290586592576423,-0.2556281742432344,0.7463713314780315,-0.7854366457981029,1
-4.5919618535054525,-2.7611270972394943,0.9805426285780363,-0.3628384648222741,-0.22008131421439636,0.6905042715747909,0.34139585201104855,0.35336333889434773,0.0658787058320679,-0.08888878652986977,1
-2.4859161544122346,-1.1889394044418717,0.3487767891257296,1.2562918600906436,0.12939414971683075,0.539582297419064,-0.14631466747561425,-0.3833830096023204,0.07089009906460919,0.2221479535942686,1
-2.3986653462113514,-0.2507447903247728,-0.32713780445421786,0.27737290204250636,0.35481456922145366,0.019372952868016175,-0.2924340366818538,-0.4614344690484511,0.07996528308320774,-0.022504483061809716,1
-0.7796151997479089,-2.1243434274179376,0.3207888878326884,-0.07924892194767316,0.085810061984691,-0.8931305412654256,-0.8866105546596048,-0.08567123172729657,-0.7389390151705699,-0.39066823123305383,1
-3.139988425752806,-1.4880221619895568,-1.1988784892759743,-0.45344939100380843,-0.8409019592300851,0.32291720600436796,0.15569669069778033,0.2939856718722236,0.07192968037177722,0.29541593761492124,1
2.735011771675479,-3.9451682304990054,-0.017169486774377633,-0.3001107580574242,-0.2832671625379728,-0.5773144799099523,-0.6635510062106466,0.33578239295542295,-0.4560939879301548,0.3710593016604859,0
6.227025988689333,-1.3901096910538335,2.734237190567728,1.0931614810010133,0.5826581687790408,0.9889296712648739,-0.7977454997611,0.24610687107430868,-0.273025423521197,-0.3654955995426822,0
-2.2237757455792884,-0.35716071079108097,-1.1016823288724467,-0.186222698751446,0.2392749450585111,0.39849094012576886,-0.06455941791854454,0.561466902721125,0.4680903039851768,-0.3929698073349402,1
5.307140022001188,-6.723414983535718,1.485664850811833,-1.7765107365815687,1.0735537928825656,-0.8330771196320792,1.4932901079568455,0.49697907024824517,0.7089683210818,-0.01696821025379722,0
7.248001061273751,-3.6554691295621335,-0.15570199941134263,-1.2268287666094222,-0.2975900347569106,-0.478343649787065,0.8450065568374421,-0.6367241250053006,-0.20503926284121024,0.16267674375443986,0
4.207220618955451,1.1762428818289299,-1.5900181858292202,0.978843346397407,0.11758117054088064,2.6701704579749643,-0.9416177043565254,0.8706116651901924,0.4237524349110779,-0.43837193202405994,0
-2.499636374112144,-2.018535626815688,-0.7312745967087413,-1.9850232778770882,-1.1359555660056806,0.6178190894126776,-0.47972707446121615,0.22087315543364008,-0.32370873198704564,0.3720738216706994,1
3.635014946683075,-1.9564409103843114,-0.8287751361071649,-1.3797525713636907,-0.9944209307839057,0.2538549480645798,-1.1792829342361415,-1.5199893189243434,-1.825235155562444,0.5342727064984513,0
3.5192482750135228,-3.8586071201502183,-1.0225290614081721,-1.384143300242088,-0.3206641649013263,-1.0310282555927393,-0.7473750663544269,0.6959353271768672,-0.37869463510227763,-0.39215348661453886,0
-2.6149483072401782,-1.1024744593810538,-1.2407360027913286,-0.9094764763142833,-0.3784807488751598,1.6188669871845645,0.0939316479748415,0.34458391245191405,-0.06669402455287415,0.5221560276614485,1
-0.0961081165766277,-0.1298475828529783,-1.6714641082979864,-1.5274766916367877,-0.40306746585654213,0.7766606166963472,-0.2616874836099765,-0.5374351160884423,-0.7843582195971954,1.0024791145599663,1
2.044856934566941,6.426819839190368,1.2741212490942835,0.10974148942532141,-4.602716499708906,-0.06264291090159535,-0.322002715325325,-0.8862777282272368,1.238598924465592,1.2865280313157983,1
-3.0667495275573966,-2.182095699803814,-0.279062670606161,2.93855739333331,-0.4732345238380721,0.048979823056393645,0.3142310523294492,0.5575229701443358,0.002154034526899993,0.3851072198386219,1
-1.6035864433861868,0.29259622243129846,-1.586225431940968,-0.9096983438361834,-1.2358691801570498,1.0351625045150188,0.2982599173426252,0.7755622374492366,-0.4150328457527299,0.361494013174018,1
3.7659321541049695,5.985295348435208,-4.880361149350225,1.1208727142373582,0.5642370504774742,-0.9324418500043149,0.556382225863696,0.31556736206738717,0.5687366408485885,-1.3316815018290868,0
-0.9255666032078084,2.3024814303456997,-1.596111858291258,-1.6762383821241278,1.4269863511812115,-0.41360257135184897,-0.3268554573135357,-0.8422874334628369,0.28171493179656554,-0.20947977064085438,1
-3.288349594101025,0.20131133641849233,-0.6277562832810132,-0.6128346818555397,-0.17076816943324016,1.5132351053107451,0.11088374654056556,-0.2951360574859437,0.3467538260090998,0.2915713531795785,1
-1.5548521496523127,0.9798577293757113,1.196559797272141,1.7751769765905256,-3.4991253015674384,0.3122338653186119,0.6416066343524283,0.019769732588289173,-1.082059121580734,-0.6102900764069322,1
-0.3987799175813135,2.161212691844737,-0.9456050178112553,-0.37248101745359985,-1.0126507384324586,-0.5361615760560853,0.8246304660463686,0.16977128556126075,-0.2565453921508236,0.1736673391072619,1
-2.3005678213336314,-0.9320775840394674,-1.1299532643106263,-1.4523765710245216,-1.5556402965022156,0.5146557095806036,-0.14018220423630476,0.13443795475804116,0.13367126856900596,-0.3935723738101845,1
-0.5429013641687829,-1.317067910167339,0.9957545225488169,1.4848753999833038,-0.2029779985088654,-0.634779472468768,-1.204717291103287,0.19364961586098287,0.6119570239144507,-0.20790435166436913,0
-2.0588194558297808,0.3204351458128007,-0.12245841169491278,-1.0208598944322835,-2.0791676382852975,0.8376368525892681,0.5377198292422737,-0.12102670275880043,0.12827124408662757,-0.3979611192781227,1
-3.4245180552308847,-2.4455184118500943,0.04504874968503917,-0.7861419082902101,-1.6031823015684685,1.2707486945164361,0.3372024078684108,0.14414177997783376,0.021976612560475915,0.2941217135230361,1
-0.4724065518531587,3.702829438613113,1.9537848870831787,-0.9963165765491321,-3.8143959955540967,-0.9040768141583493,0.705487373215565,0.19847318942830494,0.17379559664570174,1.4361327066548275,1
4.703500731698836,-0.19595575484438393,3.757032948003594,1.0042277004320537,-0.32865083655034605,-0.2525825627535318,-2.5948470948105213,-0.9890044280597998,-0.26170556040091336,0.1415283303605365,0
-3.643380238614154,0.7868599163920831,-1.1621457872905863,-2.0988749274285294,0.4240680171617846,0.1562305508394865,0.32449295516688176,-0.19025427431359315,0.2421015707659198,-0.07301445581777163,1
-3.5946893435896987,2.605087216699083,1.852029636315434,-0.08988542987941771,2.442539770540556,-1.8504749395376763,1.5489495446759023,0.44442385214692276,-0.6212216053174955,0.8833774466684657,1
4.149097342448854,0.7674888443508869,-0.8879746991059713,0.00836954822565384,0.6049797724870148,-1.0170897996552244,-0.005024120683273938,-0.31685645384690025,0.5645796541703721,-0.6161879074489827,0
7.672141552626156,-0.860484150660673,-2.1536501241011385,-0.2547233746125336,0.23647040805864186,0.4860741829190733,-0.4032977015363386,-0.37282180832039724,-0.9272571571472964,0.12028468299582477,0
-2.01037941375758,0.4296895605218885,-0.1040888129627488,0.16029206038178961,1.5095061288245055,-0.07670644745804295,-0.5416181996836673,-0.3981433803176468,0.11318157455929682,-0.167809663999747,1
-2.920833494836892,-1.7004724749888247,0.29572724901672065,0.4141768903568623,-0.36391985648153924,0.38680690505056825,-0.6432367146574761,-0.7502140100661265,-0.5704575962777827,-0.1440937458273293,1
-0.5007378002661366,0.10673146468453247,-1.0287479575384093,0.30488471774386333,-0.13912105102869216,-0.7447845350288492,-1.0677947147586297,-0.9727805884764628,0.5040043741797947,-0.2892902097875999,1
-1.9114985749229867,-0.6513938798572447,1.4502884906809077,-0.400703052791811,-2.0630023949979437,0.20388062356083175,-0.09958925157431278,-0.5396071295141768,0.14851802974807082,-0.27862282581384623,1
-3.785099227795593,-0.32614636749627285,-1.058080197853584,-0.6060077539849658,-1.5261555658300552,0.07310646981828231,1.238728961610188,0.11001863996714614,0.1201989042868572,-0.1421278418467543,1
-2.708393968213481,-0.21966574165493477,-0.31450474982631693,-0.055252912872405004,0.04825403897353418,0.1691029617910227,0.6877808553122146,-0.2586257515359799,0.4795507514566299,0.2531188225263091,1
6.2896734695350265,2.0365473971342656,-3.182082266425462,-0.15554352969717652,-0.2024890612335894,-1.2579858450405386,-0.2861526264617388,-0.21850434329749235,-0.4964818709658629,-0.4169801164838227,0
-3.4307706912388376,-0.9926100348372937,-0.7316945965028399,-1.34372292657354,-0.2358391430049659,-0.6918040020981281,-0.052083122514755234,-0.08578611040336956,0.26834432490609095,-0.5870755146740598,1
-2.001388466389223,-0.29332646338373775,0.6192038889010829,0.3525117457165711,-1.16481985299212,2.4301144986176313,0.20578459864797582,-0.16912065564343526,-0.1407496404850677,0.12117598972744706,1
-2.473293094287154,-0.33504702649306656,-1.4823620283793966,-0.46523744989371746,-0.04899270342815487,0.9379162955455763,0.022589291538741674,-0.6987993996323308,-0.0696256149619069,-0.2317381410017831,1
-3.6472577463942075,-1.2413651251827096,1.386624535128139,-1.6139593537320351,0.17299139326934998,0.5970636092278716,-0.29389088868356045,0.4075883142177462,-0.04341331635002724,-0.6095359333465018,1
-2.34618685094242,0.6827413168887655,1.1327338901016615,0.3031037312534946,0.5416756760447329,-1.4185259409751851,0.055442135825366404,-0.18533421062708563,-0.011958279719191429,-0.9148128675325773,1
-1.1429969265477053,-1.9621714940294175,-1.2407197004619661,-1.479076572929907,-0.48418251067668566,0.3043702616997797,-0.535504611776194,-0.4370835544953124,-0.2840431603838697,0.1342365266066555,1
-1.3508573033319768,0.3695739020305141,2.486675656972659,1.14071766213439,-1.9058645388993394,0.9309493452250025,0.7885685869422683,-0.02925138526320626,-0.4555804338795545,0.0062107007195622375,1
2.7633707862900607,-1.0786335090315857,-1.1796239441243423,-0.41415907244082617,0.16461154902950886,-0.45916410343720937,-0.7430197400475467,0.046677216023811516,-0.1929909499492266,0.8059069417366913,0
-1.9693236050366545,-0.1758485084311619,0.4207313763354554,0.7863120037748129,0.8612525213010316,1.586687376675428,-0.5751025424798016,-0.2215587849391898,0.33340493614161,-0.25871734562163845,1
-2.9311870554399926,-0.4948562291381114,-1.017070891251678,1.6864230172696821,0.5657302170967,-0.46892848307748825,-0.03421474903056626,-0.19334470512099727,0.4766029849987167,-0.6804133307083103,1
-2.926374386150482,0.3773322571214217,-0.8867938375703427,0.11534487111997974,0.9856802469755261,-0.33445608055318493,-0.018664574013814238,-0.8971508619348004,0.1896834055864157,-0.399423244639561,1
-3.9961882774103663,0.959856089776316,0.20440412868526972,1.5102303014220273,-1.709248439055944,-0.28569629562775684,1.290107661490171,0.3118040831136027,-0.20862750292863036,-0.6827810189242484,1
0.1551380594684899,-0.4380082282319311,-0.4614456968346657,1.454533104078289,-0.8558402817224106,1.242874820898749,0.1694417490890973,-0.3037743372560865,-0.023161350701104245,0.49641723025083195,1
-0.9340908103734465,-2.1059455911648852,1.4329170271005278,2.894261664692199,1.2754158303211864,1.6266921174083322,-0.547604028247446,0.8500747128535243,0.36868525012427694,0.29219366284008214,0
-1.9296217302551857,0.8924666900760734,0.04234474806297703,0.5588843033652262,1.2803302386980548,0.11682942277000542,-0.46842299288777917,0.6676574550630555,0.2660564719295149,0.6196760546777386,1
-2.622338601703934,2.5021016179702906,2.43499949925706,1.8780131580463486,3.1508166488517846,-0.7836538552172032,-0.1886321887562992,0.15650612314142773,-0.28406834050261587,-0.06571438372716035,1
6.003616591373187,-0.09102922215333291,1.711201670098507,-0.9473749160740662,1.1750360687414176,-0.8562049645299467,2.5045961656642257,0.056320000535166385,1.9104064836194525,0.031320198262615256,0
-2.921877804574744,-0.009212681102502424,-0.9013034826142063,-1.7913285484526482,-0.5769796710282947,-0.23980999656450266,0.6760032496881284,0.29535708280362033,-0.49963247509145353,0.06926602295613342,1
-3.3419448039492616,-0.022224730460860508,0.5033012014078245,1.1422623205719318,1.5647613960017663,0.16775780988482225,0.07552719037536614,-0.1250437708935067,-0.16103479485696423,-0.5883045249082868,1
-2.014915033411889,0.7784521313204145,0.12557879392343194,0.6597357793024816,0.021929721787723927,0.6893207655293241,0.07556516069993369,-0.04524020572639034,0.7792983244360885,0.30612979251744793,1
1.988462105551326,2.31604805401409,1.236303942128995,-1.7697760725947522,-0.14399580609984364,0.13359584513212788,0.36543706205298676,-0.4985955083993297,-0.7123684338111771,0.005231872640590404,1
-1.669603930600564,0.8623188526395804,-1.0103061724323736,-1.3238952193195466,0.28156784894003073,-0.23939662238432297,-0.7280751839241998,-0.5912709865347341,0.7338608570290076,-0.15630406828157237,1
-0.3711781135185412,0.11361265869439921,-0.9983635752221842,0.155369884178387,-1.4759557167633681,0.475962142169545,-0.08897631105786993,-0.5952503900548868,0.24128742225012134,0.19732411578166836,1
-1.8489599298371766,2.5412296491762567,2.0053476116292517,-0.48437201548708053,3.508645446403291,0.5345345383934254,0.6996349212781814,0.02142306372998565,0.815195581080931,1.3139603406255103,1
-4.703042202111233,-0.43230243073641605,0.005305087690085657,1.3706086349331168,0.08509958388861547,-0.3300739073226068,0.9947377416263717,-0.3738479288152495,0.17874120283720132,0.37683689221647343,1
-1.2831871507862185,2.5509093102530107,-0.083860345105328,-0.7715122498119904,-0.5569105569619222,0.27000153394459214,0.5114146803192782,-0.06901332884737522,0.5303780236883415,-0.20828217435836452,1
-2.314246819305015,0.4020314772956681,0.2746231955442521,1.6704631787770454,0.5367110897129029,0.508374813417765,-0.13889400925498135,-0.21597931006418927,1.1494273741736905,0.33427392137921935,1
-4.659085176410953,-0.7822987564616696,0.1921219212058557,-0.49368191192622707,-0.5361221191864091,0.22604181093336653,0.22645146021743623,-0.05937473431210457,-0.2216109964965273,-0.1344976528617519,1
-3.9434733817348304,-2.0300162870602856,0.6917357213138667,-0.5134062463783988,-0.3401145547807032,-0.06509738064485411,0.05022620870922892,0.5796324250340855,-0.19760138662205926,-0.20046861619006062,1
4.949858461550107,3.006064129202199,-1.7540716861367198,0.6723605161746992,-2.8647737807104687,-0.30708100323658466,-0.649833594855963,-0.20491591891525165,0.4986337761118332,-0.38256622850166544,0
-0.9158035193313223,2.4790131286784103,0.3626066865372223,-0.2619665184514691,-0.13847177574513733,-0.991235941619011,-0.051203490668002644,-0.09396385869327564,-0.6269731043561438,0.10956773376955513,1
4.549111146627948,-0.8160005055481389,-0.5187550863109879,-0.9163397745221589,0.07148601869349211,-0.9308826516327965,-2.25644837095835,0.46667327209456716,-0.780237485442147,-0.49491717361066156,0
4.442342818131014,-0.9924388978973591,1.4423190862201651,0.5750345977292005,0.3575899993032486,-0.0299674130740162,-0.32327742148329075,-0.18429768924321316,-0.21190197370852346,-0.1100144008600764,0
-2.1949843010205914,-1.8053532377462154,-0.4351094056917206,-0.953943063323195,-0.5538004201779999,-0.16861156391896062,-0.2354458575131487,0.2583928035223193,-0.232269800152673,0.16944249131959233,1
0.6644409146912525,0.4368608556548236,-2.6807818782310258,0.7292266179991421,0.027787374369115374,-1.0820506667848555,-0.001050814389236191,-0.1276175858047172,-0.009941713166330366,-0.4810724179885344,0
-2.240876053643133,-0.454589511449016,-0.4655275880689162,-0.1887246599952854,0.8282932096222885,0.9533192397193452,0.6734784504712407,0.317714984097307,0.1381575249346193,0.5455904099385348,1
-2.125180436920124,-1.1947969118047674,0.4903719873832553,-0.8553963494811511,0.10593586367308884,0.19534269690342973,-0.0034522341220601647,0.43395426583329383,-0.140823133636633,0.18764494138932716,1
-2.615317411222227,-1.832060432590997,0.7643295557640378,0.82316585935904,0.3007872453822847,0.08993781013526546,0.14634302836425261,-0.3780229403561049,-0.5429749147852303,-0.2192514514566677,1
-3.21096797566215,-2.235142704166276,-0.166224429537198,-1.1300577997422976,-1.26018880474274,-0.10359137063955118,-0.23537316817112827,-0.2904738019524228,0.059291785877568656,0.5059438602783043,1
-0.3067503987078537,2.1849988333666657,0.03928624215563758,0.48645562874349535,-2.089449969045047,-1.1041435286125967,-0.13486221556072892,0.3370750206935578,0.5554572504068654,-1.1869052555793567,1
2.472356916773653,-1.499824751673737,0.5914532151178267,2.26735150034172,-1.40584018028416,-0.9648581313984237,-0.8143027105373437,0.9107755617592025,-0.011737280423967983,-0.7365545598809657,0
-3.454718372112869,-2.136461548171423,0.1971626717042851,-1.5341768880571083,-0.9428752994717525,-0.9371161033586015,0.6832630797387054,0.21948623322083013,-0.3089957283240638,0.28269141572611106,1
-3.9005268480585245,0.7307759702638021,2.1360711045127796,0.781172887170637,0.8325514964961681,0.8978211767431307,-0.8910793181587153,-1.095161836010455,0.2557932787762154,1.5395945082540377,1
0.9817275418953914,-2.2104299471104376,-1.6999192298530388,-0.9709720149603759,-1.1832582998273344,0.14365294745476556,-0.4571111324969192,-0.06783342439970187,-0.4502713062657144,0.08306232227036427,0
-1.2572515710229821,1.0676915149434756,0.2594752699895485,1.2417521408105727,0.39321578798740875,-0.6997706079011805,-0.49818151297237084,-0.22808196085186516,0.45139032848743,0.6770494020375327,1
3.245413648903251,-1.7783586322775575,-1.7931536723727302,2.4850594608296603,-0.5503521125909708,-0.5986124380678964,-0.46960132438337915,0.02839285231963869,0.23540031376672754,-0.15322812114749745,0
-1.5572194125370173,-1.037927106396421,-1.3012450790124368,-0.621672592115784,0.3793533938242208,1.5356984492928119,-0.29079885421612983,0.3893703248266761,-0.11541863422753702,0.3466488202863135,1
-1.2492580966982785,-1.5888387893468157,-0.32641344047943743,0.9253221277016203,-1.5353498717804817,0.012065233436815738,-0.10117657897266821,-0.37360588261406613,-0.07208234251992938,-0.8157924278994453,1
4.331653344535904,-4.049332418331278,-0.19250552543561927,0.29061345709173936,-0.6108408047500926,-1.4235883076978373,-0.6701408763512677,-0.49491275457839057,-0.5046692659220426,-0.3502195024606379,0
-1.0774513298933357,1.8036181631512829,1.7810416304900125,1.6289522502186182,-3.7417539198513143,0.34243465253085725,0.9299644691840545,0.5198990030396394,-0.8391908839850498,-0.3226170252418946,1
2.5117531022607595,-2.5288075833955213,0.7982023062429728,0.8236745856457637,0.42926394591802464,-1.8315347789492527,-2.4042988932567697,0.8927964554099659,-0.15219796026106383,0.07602660037269225,0
-2.2170923054478444,0.029891288094555008,0.6364601353332355,3.37670114751929,-0.47999472804744686,-0.48464635112561805,0.04299831181312905,0.1896336003034319,0.11537059431461372,0.4095378152257503,1
-1.1738306467787556,-0.47483950502457517,-0.4815709118113447,-2.1439593885003587,0.24330052982709366,-0.4828604561646812,-0.5075109153157527,-0.4051346414057379,-0.5537799393610603,-0.17356193440559234,1
-2.8363014443334333,-1.018125806323986,-1.4866300032199948,-0.45640567167800794,-0.11470499442974129,0.9738357660018172,-0.15046125090908394,0.049352384020243174,0.5073944548231093,0.17223129804371803,1
-1.8570858988747978,-1.5713931191145083,0.826482744478891,3.930249474943818,0.22082665933948964,-1.199840230185957,0.3367877270426603,-0.4951920303116659,-0.1479516939697803,0.10176533597691727,1
-1.3286143729580842,0.7770956605632369,1.256758229414022,3.7855436123337216,1.2450630091160857,-0.2256243833353256,-0.749763560921694,0.22456786034561022,0.47787775473750277,-0.5366408424352407,1
-2.8027713567761756,-1.6663016342542092,-0.194018327082697,2.2331074208252097,0.20524668155587614,-0.5721718048082299,-0.3615667724985262,-0.006888038064461009,0.43722849988567986,0.30219968965214383,1
-3.174568796763732,-2.075733619391643,0.07490026826366895,1.869829028764714,0.20932679993186853,-0.48256592490129047,-0.17958507918715708,0.04373602508732943,0.5105761225348717,0.6739619011114598,1
-4.087077360931371,-0.484710079360694,0.6313640086937926,3.4027328432092823,0.01822470777706375,-0.3098212942889598,0.23062639058927767,-0.1147383964095336,0.6659466767357184,0.32018919418878844,1
3.4754937481308663,-1.67288439122666,0.8568267992048041,1.1567678797737744,1.3825714329191243,-0.9999209134881322,1.1156336229462949,1.1182680897135802,0.689647102012543,0.5542298115008023,0
16.319233231031983,-7.7758528042480535,6.235415554855193,-2.328073172491345,1.7094559531045626,-1.1248214678265656,4.96249632745239,0.8875120962330227,3.5947582408161347,-0.5877077512759077,0
-2.560115018016909,-2.4940454475524705,0.17031258676224031,2.109756585986075,-0.9792388447988932,0.48875514294719746,-0.04627062391763116,0.5318371274161011,0.3840887257172081,1.019823514361758,1
-2.968888795917071,-0.06884713568910007,-0.7784115655269568,0.0466668136306667,-0.22820687173022167,0.3448923943958196,-0.07660151886050674,1.0835769570953262,0.16323599407703326,-0.496789180533295,1
-2.757430451020115,-1.7939187681258855,-0.7578141189390941,-0.02411827956204032,-1.2839123833477455,-0.6588327049158765,-0.31323381533684874,0.5954829255427545,0.2569240280473994,-0.16019224010197028,1
1.3703398754406413,2.110011349121699,-0.8537202468911369,0.7237684363927077,-3.8243792108127077,0.22342034338281155,1.4713795266111627,0.8049286484549598,-0.005546145709198277,-0.40652271224287817,1
-0.417664492552878,0.11651969702822695,-0.5361425958913013,0.36419906266123897,-1.5134570871729212,-0.555700684559013,-0.2172868459577375,0.8100999433594986,0.5639999457613797,-0.5886747271280347,1
-3.838398622981229,0.8991786485508177,0.7005639498689405,0.2199397673045495,1.3371628915530869,0.07674450603616158,0.6410428046155406,1.3574026211709334,-0.06838136463072882,-0.31248866079139126,1
5.930964859583865,1.2282966822613564,1.7215877555795625,0.4735822620113374,-2.883539337995841,-1.1002377058954456,2.0243201352891065,-0.4839891543118843,-0.6796660967544833,0.6051740319911839,0
0.64547864748665,3.4260114209522263,0.6082849579981708,-0.23448622479905634,1.209698553816952,-2.427851382626582,-0.9417139935236128,0.13407732800356847,0.37515945567757386,0.03007297648582838,1
-2.683846400979263,1.443555528964755,0.3394035000855615,0.2448170114128382,0.7926918613561645,0.9256296944802016,0.4960040184727228,-0.27173189159466954,1.2081078964815197,0.9410419752802446,1
-2.041664052105511,-0.9032559294447856,2.8432414099458234,2.8858314262650993,1.0167094549769071,0.10446045718084913,0.3195856077072538,-1.0332992248687696,0.6088264157325622,0.39769683099164077,1
-1.399296350112009,-1.772226245377805,-1.479561560763827,-1.3081089948054219,-1.8053147465139925,0.6154644577507148,0.28022008409421967,-0.06489463915859466,0.00024650266573802174,0.1025103567614495,1
-3.536415295417765,-1.2468541534618018,3.3854111271305314,4.6660509679043916,1.8757278225964387,0.8903976312335037,0.925509779256823,-1.0867788492646755,-1.2077185490075453,-0.4843964225751742,1
-1.9905294465908603,1.899462550689393,-2.0309980790190956,-0.9119054687431898,-1.2315544732094734,-0.41962780302776626,1.2878926021279793,-0.40363783693775585,0.13892947142412493,0.22112761302102987,1
-1.9981853671291818,-0.20637113652569775,-1.6413250733560167,-1.0392104952540797,-0.9042109602026762,0.3676287600018259,-0.34478063720280083,0.34536568114980104,0.42559747185605207,-0.3658483499803099,1
-0.5206581123170592,-0.9733678106769822,-0.32413538021474153,0.5439993686755029,-1.429436707201128,-0.049199003709498895,0.22270262792672837,-0.19539652960776377,0.02776076464183769,-0.40765945026385947,1
-3.172370488248241,-2.0890522980358526,-0.9788057325551289,-0.3870971040311951,-1.4194755710666669,1.3383653938386184,0.5370579908922524,0.04198983438998721,-0.041933944229022635,0.7870319575922393,1
-2.2027101890567256,1.2860393186695738,-0.8873992153533202,-0.7011030483900947,-0.1798211483159369,-0.02405210095432183,0.272936341911128,-0.6517621815264146,0.25930494610420374,-0.510319479044054,1
3.8244330429411644,2.3052363163771434,0.0275461934392529,-0.6702588828133779,-1.28976522027445,0.809094686415965,-1.5682757162901269,0.2945493855746713,-0.1355658085930011,0.23555248954777347,0
-2.985484690326373,-0.6733392442277562,-0.5904898836921557,0.5943502866109708,-0.4619692962875832,-0.5454030937320171,0.6173995442036639,-0.3611049251965532,-0.18554923768191026,-0.6059279791536308,1
-2.4810551072777005,-2.363958760525991,-0.43261456686139177,0.3834696738429683,-1.0381214017246305,-0.02046691679495336,0.5600933916357873,-0.23918297439307667,0.2822329847152172,0.22993062973941772,1
-1.2721114612782494,0.5098338482934457,-2.2389916783955504,-1.672376377566656,0.11760644181494928,-0.01547884674850261,0.03422990455297489,-0.5572661550900878,-0.41072750940526076,-0.00015267468303607266,1
-2.2351568880780768,-1.2987044937051533,-0.9014368964630961,-0.43409411497575073,-0.18292602964136168,-0.163432643670344,-0.23652212315084264,-1.111512360554434,0.40532199776275263,0.0867632291596213,1
-0.05618310431173571,-0.22738339295599327,-2.255515653554976,-2.7106004261155623,-0.8017853835836566,-0.9605697692780251,-1.0384062590407885,-0.28158735261580864,-0.27414495629115826,-0.251860139147385,1
2.317390606280653,4.389134334922115,1.7784111295615548,-0.9694155881694003,-2.645376588527195,1.5571171023132013,-0.007413415918088104,-0.10363995224895375,0.6213336967336186,0.006655907539484535,1
-2.2843312608518875,-2.466840756413279,-0.8211884864674696,0.04080319619878143,-1.0927813026949202,-0.10101401987775574,-0.248221605596392,-0.23706393139504495,-0.19035894378464377,-0.7374350487649559,1
4.754614870668751,-1.4894235603784571,-1.253751104708338,0.0525869967409892,0.09662477551147737,-0.3553730134905862,-0.6255166542330319,-0.5325229050562232,-0.5734461298506486,-0.7423498792126284,0
-1.726310917687999,0.9981778354005336,-0.08023841604984559,-1.0646470599764108,1.4356170248795364,-0.8660553278871138,-0.3429320656477893,-0.10800681668242267,0.38780355947721357,-0.08963594222967076,1
-0.7417817670631596,-2.452034966108277,-1.997709941884272,0.4579397643786449,-0.2612910889385822,3.2035584976036398,0.16833284716284622,1.0383810542044636,-0.23365965484797913,0.5210461590750781,0
-2.894310661011965,-0.9779443192076616,-0.8056442410371294,1.7207792579021208,0.02898354910945786,0.21190399664248105,0.6725137135198794,0.4786985993692981,0.09462756326774142,-0.014972234971957878,1
-1.654521845920792,-4.555664122445226,0.7523230680234035,-1.6483228181278295,-1.40307287020266,-0.553403246534838,0.12242926656670106,-0.33942779900658937,-0.9660083634350078,-0.6857687064936285,1
3.1035197039278493,-1.2361532113365894,1.287355079658183,-0.6086489057707299,1.1222598881364507,0.930049623640904,-0.19737959431172625,0.16164793724986068,0.03036561977005739,0.5664967293834244,0
-4.064270597765448,-0.5609542217248056,2.176684800661663,-1.3758683589728484,-0.19946516605448186,0.5647368412075555,0.26888232564073344,0.5164787907923829,-1.235093933440886,0.0270870283691919,1
-2.793330657462964,-1.077888133115855,0.8445421128614524,1.1102075540048801,-0.0048696691863073654,0.565603285686775,0.4689916516656024,0.574387704157866,-0.35708997519704055,0.28979804247043367,1
-1.4749199376087587,-1.5910942013854996,0.31999144425786485,0.798832150923284,-0.15805756198617596,-0.4380661524903623,-1.043826277847549,-0.7601559987144854,-0.4795929655709547,-0.640101111065518,1
-0.22939463704328453,1.5159034180090343,-2.2162830056656215,-0.555569741393619,-0.25120188359533946,-0.6025604899803594,0.4100432140056943,0.14166881432756037,-0.1268162884195737,-0.5512411827609005,1
-2.553258407613496,-0.7639004851777257,-1.6094031180159043,-0.059927868304773084,-0.5058450058054498,0.21379696121766928,0.09832558170207067,0.007367167175511045,0.10062435849077346,-0.5824584439064223,1
3.7157051034634057,-1.0586862195140512,0.5219535630210211,-1.3970017644327648,-0.3686144020674824,-1.1046105008956242,0.6344600026623587,-0.059139094692002396,-0.2870686038743973,0.39353576190328776,0
5.094841843796656,-2.0192078340507664,-0.7093696957160723,0.08279495368838334,-0.3838169003213503,-1.4479359134646614,-0.5734944798868209,-0.6501202849088136,-0.5360480952171816,0.25121174873156565,0
-0.6006161135559809,-0.8384546630132836,-0.6870419696538247,-1.155333809787685,-0.9824326045999356,-0.8532305262770321,0.7055308873756583,-1.3469391166463947,-0.4889443270058751,0.41666636342696206,1
2.7903998294337877,3.3855607718235565,-0.753076322495809,1.3331817382369124,1.5855316171887095,-0.5084176413480831,0.20716268823832773,0.08017000938598358,-0.051704787288745724,0.9756563266662607,0
-1.4087712143990503,1.5057705921465352,-0.353896017432828,-1.1217407039016505,1.811670292108111,-0.24214538295588864,-1.0461585228654764,0.21013104766669968,-0.03940270094189946,-0.18757365701214826,1
7.259178840793041,-5.495735719287866,1.9109258819794397,-1.895716656468267,-0.39637792113786097,0.06639142336844248,1.1539848648983233,0.992567696453849,0.16752395628442654,-0.5700838950400176,0
1.2988665487860682,7.7298528015446095,-0.6889146563006561,-2.892727403870431,2.0153548762958424,-2.202856102982001,1.025997174569437,-2.030674722240546,-0.23681880565746755,1.1463569037676276,1
1.0766932756334722,8.294775448775123,0.434192458436756,-1.9541898161094466,1.3958720225709886,-3.511878193549119,0.6047923820505119,1.2796251515531025,-1.8742044478132327,1.0210265805173442,1
-1.249760524772048,1.595683854511017,-1.3564745816389738,-0.1262674782458778,-0.02342007499168051,-0.4851495807085894,-0.1360701868873903,-0.6656294200600806,0.7785623250960088,0.9401240691668422,1
-1.256928405619016,4.1171866815190565,-0.41272977060668187,-1.054173669554052,1.139526960223093,-1.9490429127323958,0.4886229899422433,0.25528902430262856,-0.9073260244356651,1.276650477058987,1
-1.1665352144776242,-1.6656937357126096,-0.7378780075700765,-1.7621671166061854,-0.7383522713562825,-0.8347113634999394,-1.4101275750836464,0.29824157946055363,-0.07379683327465128,0.647668244024524,1
4.094142557240372,2.8029272496079347,-0.5074334200447612,1.9773184078283685,-0.13282518062529802,-1.6035214836136138,-1.05429604947365,-0.356882345449962,-0.42928226950029214,-0.73095307729868,0
-1.887639241359501,1.6721917387288308,0.1197976153948164,-1.2182151966096766,-2.568069912701771,0.253891789885071,0.5477366493119389,0.5425307750059742,-0.6181942690085596,-0.0917094705667915,1
-2.767435702846046,-2.1610487950224164,-0.021096169201027342,-1.6102757342970022,-0.7163787006179967,0.033008961193243966,-0.8760672647958507,0.29592411837909627,-0.033443638025670956,0.3415772177669289,1
2.2269944892059637,1.941634759016571,-2.2856034980594186,0.33986068192841395,0.5368573156700085,-0.13682050439173438,0.393263349156781,-0.6152759784756199,0.7154164229163931,0.12170012311383735,0
-1.1315768907450152,-1.4110019654201038,-0.5650531256557197,-1.994960716143918,-0.528487567465154,0.07255810834748487,-0.1759690269873949,-0.2553015200389127,0.3116953150361594,-0.21409807627919225,1
-0.7337724522411082,-1.943697183423244,-0.2752361999418971,0.3378231464550367,-0.6609911481959753,-0.7743052229101444,-0.14559667295883308,-0.500365683478757,0.2707677536364206,-0.40864043692674906,0
-2.3336707368113827,0.790146607289256,-0.3500434071099412,-0.44085955843945085,1.422550171839391,0.04664905754608801,-1.0014034552842845,0.3072322937570345,0.656177234657056,-0.09081453996427592,1
2.697223754399566,-1.9437099457678475,-0.9605644482176601,-0.4595086523698223,0.5844984180363707,-0.49172550871006315,-0.5172086090102783,-0.050072528173865004,-0.13147298544158148,0.22607749152296025,0
3.3790146677223882,-2.3334289449619248,-1.2019321794400508,-0.5536129522146823,-0.5278808022106938,-1.0185728262732485,-0.02613146449366934,-0.4437455742297842,-0.6587459300829384,0.5304101910319095,0
-0.19987058014153142,1.0763600031270566,-0.6731488311899749,-0.6284454996421631,0.8402504078527173,-1.2875018007427463,0.7487130684225448,-1.3765159124677087,-0.2577670693155774,-0.2082609538931077,1
-1.1760259132353266,1.0113701777302333,-0.7117683065044693,-1.0660684567937744,1.421900927323556,-0.26543958542902907,0.19444543344817136,-0.4627176511048463,0.3580167586914831,0.7947756028185755,1
-1.292636539281563,4.964224702132632,0.34592702006925524,-2.240534883405196,3.840529889481222,-0.5486177127702183,-0.8147889838808196,0.987977222514862,-0.07056944602014983,-0.05378347895229909,1
8.630755859096043,-3.4594519150760727,-0.17905679264440325,-1.1771640700013288,0.02290528705954356,-0.006691028033917971,0.9620201295901372,-0.3979716606997215,-1.2577443726786575,0.8494384926905707,0
-4.429456371065784,-0.7860360357018072,-0.473419092821146,0.6966169884521297,-0.10380442443058681,0.09718106670790545,0.722518003928969,-0.5085744383361537,0.060611089025147245,0.3882067341231257,1
-0.6198387404461234,0.6363492701040995,-0.488851249502651,0.015154457556360499,0.1064066572049701,-0.6007163651402855,0.13930927835721502,-0.29541622409016133,-0.24398312372444889,0.002339793832611759,1
-3.252315768612037,1.2859251612593694,-0.21847648787760443,-0.3078082325541599,0.09942903763666423,-1.4031994931206637,0.9536158271792393,0.30023545533770013,-0.504336026352348,-0.785313740613149,1
-3.3529270535365914,2.673300597719782,-1.779087079067528,-1.3895859891178894,0.354441102967708,-1.2112738742812061,0.8167571416483584,0.37339289529321507,0.2932394679784536,-0.3613048664307478,1
-0.8598029860026024,0.09684852260130529,-2.8140447257800245,-0.18432389798722693,0.63007538497289,-0.3650391865104512,-0.04625674343924866,0.12574861441624222,0.31256848862971476,-0.2471422243201113,1
-3.1566219686828405,-0.8715426236404168,-2.1957147876623435,-1.4498676230025331,-0.43143587544578565,0.32605711340453575,-0.09453354557089809,-0.14928163369172334,0.3191855871039593,-0.22905476827589163,1
0.3465281132084072,1.5412252758019365,2.84645400515992,-1.909811471404087,0.57183436457361,-1.6874945063371898,-1.7124115855904307,-2.410660074685212,0.33321104344271907,-0.11772010529928748,1
-2.4614066509244976,0.6008479692253269,-1.1714651365776112,-2.2110539321938454,0.6919118933802653,-0.8526901430616959,-0.028873966144882444,0.20527893557254123,0.03243514619276043,-0.3898487045051771,1
-1.530100721587445,0.40521778929245506,0.6044647414844102,0.3471714846944482,0.7860472762929822,-1.1021305908391814,0.08702829372580397,-1.2965919861227322,0.16165805547055667,-0.9111215009259331,1
-1.7735850660605688,0.8042100123847635,-2.0279180424690924,0.6873331774435469,0.6160920316421161,-0.2893278687590232,0.4734528693407164,0.0696800036749183,0.5439414656391838,0.05725860050962501,1
-2.6804416239658657,-1.4847089005284761,-1.7416933808912194,-1.0234906130765544,-0.2974687520493333,-0.1980777643973774,0.43413126208398933,-0.1691221003252343,0.024851387059129582,0.31940837839657416,1
4.028435261074219,-2.9414300980113044,1.6594853954200768,-0.22516730275648447,0.5135947396173931,1.9362225480912796,-0.7282261749645248,-0.757985511472584,-0.17613517777982501,0.270481181134925,0
-2.1363512285988726,1.5185806390194967,0.17896523310853182,0.5007767122095969,-0.6830474441393416,-1.5516758291544572,-0.718327658574536,-0.13975252082968678,0.1884560218214001,-0.3705077366862525,1
5.165410948305191,-2.382203231518125,-0.4222772813046223,-0.8834276167280716,0.2094081510784386,0.5792299830560973,-0.5434880084534299,-0.9527684477569532,-0.24802799655572183,0.5291530822122464,0
0.5359319494274819,0.3807151456363178,-0.44313478145024926,1.8793719186876983,-0.22686941665113267,-0.5238389673502742,-1.1505709678411031,-1.0920921137086173,0.32420080817157115,-0.10397327910291806,0
0.3431233829428891,3.5344810519931764,0.06966880121661904,1.5506703478482566,1.9569208590039535,-2.339517912280496,-0.4835065912171017,-0.5024245152644736,-0.06986580880971728,1.279951051088959,1
-4.197079986345913,2.3673922830225256,1.3271447307861763,2.039503958126576,1.7619167368984818,0.04242900726182115,2.16875540968426,1.4812173586625819,-0.32308841215009,1.1811559736944512,1
-1.1428318645966062,5.599458470260658,1.3010370177249924,2.1882496591275618,-0.7655746716815709,-1.1592267478181424,0.19153519017868556,1.798140008551647,0.8768383897735093,0.9493126092239661,1
-1.665475153217081,2.3896181248027184,1.5022494407304656,-0.8759511409652819,-0.48454557280327787,-1.1895181860481885,-0.6777554020434683,-0.1466433311634874,-0.2916477170817659,0.10273272557775369,1
1.0117124957300916,1.0923896495493215,-0.6326983810409974,1.7585184225129924,-1.0468264439985535,0.4258947088701494,0.3982859726145901,0.8360360526547223,-0.3841468139004142,0.6196240079322952,1
-1.300929711968368,-1.8214153018192945,0.3733074981288235,1.848168946630109,-0.19962707048542158,0.7657543373053447,-0.4667152033650203,-0.39857922035179094,0.36499142246772304,0.7948279739363697,1
-2.37342872500962,-1.6815762381895438,0.38452814071781494,3.0167286399481372,0.03824665554842263,0.06881354646928127,-0.41522251873748484,-0.5083930352534376,0.2782723262825276,0.2878345383952129,1
-1.6658710117954187,-0.21396274009249713,-0.1480724220983096,0.1970517482918673,-0.5564802542524696,-0.9315821530159162,0.5243195200898431,-0.3007019605234539,-0.3566222384907791,0.41860236438295695,1
-1.9276781923709831,-1.1377399160440196,0.47820229749384074,1.1575004013591434,0.20234190850513487,0.1148982696113002,-0.11625493665615633,0.013630619455693231,0.05805705390219723,0.1324339169870365,1
-4.237216617940865,0.18427249696751033,-0.326418406550334,-0.5883033317855139,0.7046267903380973,-0.14609126279242973,0.2598571346883531,-0.14956886408581044,0.5648535105107922,0.5751755023424056,1
-2.6778707208422854,2.3157928229760034,-0.05384820591978069,-0.34044965333581234,-0.45064815663064967,-0.6783477095897287,0.06410094064588012,0.9709665978418924,-0.4552752687581869,0.09538363074481779,1
-3.8364978517958357,0.4962499285509427,0.9232396859792159,0.551871671454205,-0.08003558329283078,-0.11266882128770274,0.4744866104899591,0.1698441214250409,0.41054913011332933,-0.21960512472919141,1
-2.551440295950188,0.22832995743667334,1.4141780117945082,1.9707898183222876,1.4563251243801927,0.8555217746435462,1.021921009633554,0.16049089970863492,0.44714244175879625,0.399077646425978,1
-4.694923445156694,-0.7674779440649339,1.5439648405352402,0.7790190185760157,0.7848969794154581,0.8513735571344734,0.7526680967058751,1.070425919635859,-0.5893180898361644,0.06891047263293022,1
-2.025037164127076,1.2612419002369082,0.504926093842303,1.1355273912276955,0.11426263232775791,1.7847769636270625,0.3904953244902997,-0.8744235219577036,0.31124110547377476,0.36569422507751936,1
-2.895948205518769,-1.4516357644008584,0.7805459976049549,2.9704481982243176,0.35714995685806744,-0.5832026074026393,-0.6184118265391713,0.9392225550739315,0.3625405131016056,0.4489162444524653,1
-3.5022010405437847,1.8008324922228438,2.766456639692323,0.8663072825209762,0.625364690617858,0.41226960375775784,-0.30766602333976856,0.3579088634722481,-0.14318164024231117,-0.45188030532902507,1
-2.1539036673959564,-0.8300688184730443,0.5647967241587211,3.0117559275365675,-0.5658252895799278,-0.5504027048454836,-0.4844054412012739,0.8931825973868917,0.43548637559757863,0.24413919643832413,1
-2.0550840679912517,1.6164592679963885,1.8389594650896266,3.113534975315585,-0.2110426636365987,-1.6418062316221806,-1.0888529250986694,0.3501933953550976,0.5150640603423443,-0.0049465592911763275,1
-3.8772895793977975,1.0842547444977868,1.8599439096396593,0.4337396700655906,1.687438793364262,-0.8148926835952716,-0.4710738985643939,0.07138474106258687,-0.7018808020483513,-0.07064381715140439,1
-4.063862114728076,0.12216843521676546,3.2387726471757903,3.4691829509849255,2.24190807316769,0.1749091483245252,1.0772541424198299,0.12949446235081347,-0.42703048047435166,-0.2772864478523953,1
-0.09866733268842809,-0.21355983833068576,0.3889294641594725,1.012710525077496,-2.9890677499919813,0.012452208093487972,-0.29025697120604,-0.3123436689510383,-0.06786390718318099,-0.32577044314062076,1
-1.0893761900701344,1.2928478982612017,1.429378885627292,3.3721364571237915,-0.9473415671793729,-1.7258698723295993,-0.35397481912986384,-1.1643395019073222,-0.20749512950743718,-1.3917082431460548,1
-0.48177096484745674,-0.17801969111679325,1.032107582308012,2.010280187379828,-0.3271031744572472,-0.9920622853725434,-0.04854568307912953,-0.1952209586020136,-0.32586533227545794,0.4290722035979305,1
-4.870309518087024,-2.1311061074865685,3.4141887812790412,5.133988306252538,0.48892077687331986,-1.1107923351723825,0.4883712147859694,-1.2892843376701042,-1.390478578923397,-1.7466626657300308,1
5.917612589142677,3.482636659061125,-3.262791685889059,3.9175854449932737,-1.7163821624291877,1.0135989310390667,0.271442386958192,0.09196333570777823,0.37247597741163235,-0.6304233926442984,0
8.741338077267802,-0.5738546724065803,0.8970900979949529,-0.3851499084660254,-0.6790432787353593,-0.3007527735656928,0.09482438363990016,-0.7340818536235173,0.8310933709620969,0.45063859320756433,0
6.439315483954047,-3.576817444014346,2.459486559392157,-1.1773140506057553,0.07482429488196914,-2.3751929340845823,-0.5961296776392153,-0.03547093016308817,0.9879290196995808,0.2569885912419738,0
3.793382370032729,-3.584047863942084,2.088476389587589,2.50602775526013,0.5107225246989068,-0.24671010941047916,-0.7163263395813121,-1.1133595621582029,-0.10520740675509538,-0.10863249972698306,0
1.2561792761502502,-1.9022967130754458,0.5627305255654614,2.089227022209131,-1.8099913310371134,-0.5344471888364387,-0.19275822828687716,0.34188703510941565,0.39391682191019495,0.5208773834743595,0
10.374794059769837,1.6720101053366794,-1.8770293302249197,2.356031128193666,0.03374193156470453,0.5679364748431838,0.22308167182645908,-0.280238609715158,-0.5420345423952899,-0.08929611696546416,0
-5.475243302544343,-0.6706367907573548,1.490443080834658,2.2991571385252927,0.18470330897729678,1.617837363144384,1.6989515570198286,1.0463535156146868,0.3741011115338209,-0.04772557101110159,1
