Recency,Frequency,Monetary
-0.18545429314421233,0.6133119978948424,1.4088873223374063
-0.811401300628618,-0.8301205927100848,1.352216682696941
2.4412876132635617,-0.8301205927100848,-0.6798019820631455
-0.6213816733565662,2.5378887853680787,2.420934421787183
1.2564593490966507,-0.8301205927100848,-1.0301918779505257
1.5694328528388537,-0.8301205927100848,0.3839326244409228
1.3682356004331517,-0.8301205927100848,-0.5013230212403152
-0.7666908000940176,0.1321678010265333,2.8569799405526553
-1.0014209279006698,-0.34897639584177576,0.5105241817733396
-0.4425396712181647,0.1321678010265333,2.6437047215278064
2.1842022351896095,-0.8301205927100848,-0.8861236607743372
0.2057625865335412,-0.34897639584177576,-0.3691058070627626
-0.9343551770987691,0.6133119978948424,0.7176168895952859
2.22891273572421,-0.34897639584177576,-0.24148621091600608
-0.9790656776333695,-0.8301205927100848,-0.9161081261925726
-0.5207830471537154,-0.34897639584177576,1.5384202129441835
-0.21898716854516265,0.1321678010265333,0.6961137443953515
2.452465238397212,-0.8301205927100848,-0.6366814651283497
-0.7443355498267175,-0.8301205927100848,-0.09648990314353872
-0.9008223016978189,-0.34897639584177576,-0.5040359014448222
2.497175738931812,-0.34897639584177576,1.1674124275025497
-0.10721091720866163,-0.34897639584177576,0.05958637851680977
-0.7778684252276677,0.6133119978948424,2.733301159860867
-0.9678880524997194,1.0944561947631515,1.4775231915114337
1.0440844715572988,1.0944561947631515,1.4850193078659926
-0.699625049292117,-0.34897639584177576,-0.32160184685015814
-0.8449341760295683,1.5756003916314605,2.8130455595565076
-0.12956616747596184,-0.8301205927100848,-0.37218992350578106
-0.7778684252276677,-0.8301205927100848,-0.5295084187334566
-0.21898716854516265,0.6133119978948424,1.1024175291293081
-0.30840816961436346,-0.34897639584177576,0.6596183664862991
-0.6213816733565662,-0.34897639584177576,2.2836626834391276
-0.5096054220200653,-0.8301205927100848,1.1781782784193828
0.3063612127363921,0.6133119978948424,0.4256967012734651
2.363044237328011,-0.8301205927100848,-1.0369026868774642
2.586596740001013,-0.8301205927100848,-0.8351500695633368
-0.46489492148546485,-0.8301205927100848,-0.546585285704985
0.6416899667458952,-0.8301205927100848,1.284880140357704
-0.46489492148546485,1.0944561947631515,1.2816389624291613
-0.6549145487575166,1.0944561947631515,2.9670943202219098
2.4301099881299115,-0.34897639584177576,-0.16731035479803794
-0.18545429314421233,0.1321678010265333,0.5945092415781308
-0.27487529421341317,0.1321678010265333,-0.0748296964580801
1.401768475834102,0.1321678010265333,-0.3542420792054374
0.23929546193449153,-0.8301205927100848,-0.20264918904095816
-0.30840816961436346,-0.8301205927100848,-0.3000130317490286
-0.8449341760295683,0.6133119978948424,-0.004951613716725699
0.04927583466243979,0.1321678010265333,-0.009920467986033157
-1.0125985530343198,2.5378887853680787,1.4975128351235907
0.7981767186169966,-0.34897639584177576,1.357085588748188
-0.15192141774326204,-0.8301205927100848,-0.047558111244351615
1.1558607228937998,-0.8301205927100848,-0.32522853933407797
-0.7778684252276677,0.1321678010265333,0.021834508723564648
-0.5431382974210156,-0.8301205927100848,-0.7911728536165915
-0.07367804180771133,-0.34897639584177576,-0.006236662234650044
0.0939863351970402,-0.8301205927100848,-0.4304882912689504
-0.8672894262968686,-0.34897639584177576,2.993223640086371
-0.9902433027670197,-0.8301205927100848,-0.9115961780629716
-0.7778684252276677,-0.8301205927100848,-0.9667961510662565
-0.37547392041626404,-0.8301205927100848,0.2738610797222669
1.692386729309005,-0.8301205927100848,-0.47692137771661786
-0.5319606722873654,-0.8301205927100848,-0.5155299465218125
0.7199333426814459,-0.34897639584177576,-0.8747295639154077
-0.8337565508959183,-0.34897639584177576,-0.5424874087644928
0.47402558974114367,-0.8301205927100848,-0.14766339079066065
-0.20780954341151253,1.5756003916314605,2.364991976306875
-0.28605291934706323,2.0567445884997695,2.217025778626316
-0.23016479367881273,-0.34897639584177576,0.19545884181201392
0.026920584395139585,-0.34897639584177576,0.023376566945073958
-0.811401300628618,-0.34897639584177576,0.5412653979854638
-0.43136204608451456,0.6133119978948424,0.7628505974262241
-0.9119999268314689,2.5378887853680787,0.57333449766611
-0.8337565508959183,-0.34897639584177576,-0.09754649859161005
1.077617346958249,-0.34897639584177576,-0.11560856942688028
-0.42018442095086445,-0.8301205927100848,-0.12440401261622946
-0.9790656776333695,-0.8301205927100848,-0.18492979781046762
-0.9008223016978189,-0.8301205927100848,-0.40451603289001203
-0.8337565508959183,2.5378887853680787,2.3908642864677523
-0.9119999268314689,0.1321678010265333,0.6969990000410328
-0.587848797955616,-0.8301205927100848,-0.4998951895537325
-0.3195857947480136,-0.34897639584177576,-0.7814493198309637
0.8317095940179469,-0.34897639584177576,-0.5379611823180258
-0.8449341760295683,2.0567445884997695,0.6219521665942492
-0.10721091720866163,-0.8301205927100848,0.33210233421797264
-0.7890460503613178,0.1321678010265333,-0.5808532461829683
-0.8225789257622681,-0.34897639584177576,-0.4689826335392185
1.5806104779725039,-0.8301205927100848,-1.0523232690925568
0.47402558974114367,0.1321678010265333,0.7057801649135159
-0.7331579246930673,-0.34897639584177576,-0.5891632265988793
2.150669359788659,-0.8301205927100848,-0.9052566053745446
0.5746242159439946,-0.34897639584177576,0.24567568222912536
-0.28605291934706323,-0.34897639584177576,-0.9685381057238872
0.23929546193449153,-0.8301205927100848,-0.2830218346786952
1.9606497325166072,-0.8301205927100848,0.2958068527450419
-0.15192141774326204,-0.34897639584177576,0.71613194464124
-0.7108026744257671,1.0944561947631515,2.386038215367103
-1.0125985530343198,1.0944561947631515,1.779623819758589
-0.30840816961436346,-0.8301205927100848,-0.6848850628673797
-0.14074379260961192,1.0944561947631515,2.6040110006408095
0.5746242159439946,-0.8301205927100848,-0.3010267922465023
-0.587848797955616,-0.34897639584177576,-0.8820971754181741
-0.811401300628618,3.9813213759730055,1.3982214196386338
-1.0125985530343198,0.1321678010265333,0.7226999703995204
-0.10721091720866163,0.1321678010265333,-0.6593697106281478
-0.9231775519651191,1.5756003916314605,1.6034151113174253
-0.35311867014896386,0.6133119978948424,1.216187157916213
-0.8561118011632184,-0.8301205927100848,-0.9784758142625024
-0.6884474241584669,-0.8301205927100848,-0.6577705391391753
0.4404927143401933,-0.8301205927100848,0.397896818335701
0.004565334127839384,-0.34897639584177576,-0.1344416693729054
-0.699625049292117,-0.8301205927100848,-0.6376095557246284
-0.6884474241584669,0.1321678010265333,0.24369099618477552
-0.6213816733565662,-0.8301205927100848,-0.6251160284670303
-0.18545429314421233,-0.34897639584177576,0.2711196428840281
-0.4984277968864152,-0.34897639584177576,0.5011576059093575
1.18939359829475,-0.34897639584177576,-0.860565473584508
0.8317095940179469,-0.8301205927100848,-1.0213393214937132
-0.14074379260961192,-0.8301205927100848,0.22034594810914945
-0.587848797955616,-0.34897639584177576,-0.5321356290367687
-0.46489492148546485,-0.34897639584177576,-0.30119813204889223
-0.9343551770987691,-0.8301205927100848,-0.7718114559465309
2.452465238397212,-0.34897639584177576,-0.3552415613860451
-0.9678880524997194,0.1321678010265333,1.8897381994278428
2.363044237328011,-0.8301205927100848,-0.8162312997161169
1.8935839817147067,-0.8301205927100848,-0.5048926004567719
2.2065574854569094,-0.8301205927100848,-0.9489196983502418
-0.06250041667406123,-0.8301205927100848,-0.6551718854695949
-0.5766711728219659,-0.34897639584177576,-0.41535327539117434
-0.9231775519651191,-0.34897639584177576,0.2997191115662784
1.5135447271706033,-0.8301205927100848,-0.9280447990924036
2.5083533640654623,-0.8301205927100848,-0.8453590661224027
-0.6213816733565662,1.0944561947631515,0.7215148700996565
-0.6325592984902164,0.1321678010265333,-0.2625895632436975
-0.7890460503613178,-0.34897639584177576,2.832821028415678
-0.15192141774326204,-0.8301205927100848,-0.5284232666516537
1.7370972298436054,-0.8301205927100848,-0.5637192659439767
-0.5766711728219659,-0.8301205927100848,-0.8749722953021267
1.6476762287744044,-0.34897639584177576,-0.42713288680548117
-0.9790656776333695,3.0190329822363875,2.181215759926823
1.591788103106154,-0.34897639584177576,1.7556505257408666
-0.8337565508959183,-0.8301205927100848,-0.8760717257007953
-0.9343551770987691,-0.8301205927100848,-0.9516611351884805
-0.587848797955616,-0.8301205927100848,-0.8504278686097712
-0.699625049292117,-0.34897639584177576,-0.23391870297711814
2.5195309891991124,-0.8301205927100848,-0.5106753187874316
0.004565334127839384,-0.34897639584177576,-0.5324497520078167
0.19458496139989112,0.1321678010265333,-0.5602924698961784
-0.4537172963518148,-0.34897639584177576,-0.27448340119293096
-0.9119999268314689,2.5378887853680787,3.159180517017872
-0.699625049292117,2.0567445884997695,0.3170815448751233
-0.699625049292117,3.5001771791046967,2.553722768639368
1.0999725972255494,1.0944561947631515,-0.33332434499700153
-0.364296295282614,-0.8301205927100848,-0.9386393102068468
-0.7778684252276677,-0.8301205927100848,-0.10181571533449216
-0.14074379260961192,-0.34897639584177576,-0.7943426399608049
-0.35311867014896386,-0.8301205927100848,1.0980055292177677
-0.15192141774326204,0.1321678010265333,0.4516832379692689
-0.7666908000940176,1.0944561947631515,1.8405208411913387
-0.4425396712181647,-0.8301205927100848,0.5465912101764171
-0.19663191827786244,-0.8301205927100848,-0.15201827743473764
2.0836036089867584,-0.8301205927100848,-0.7066452177708991
-1.0014209279006698,0.6133119978948424,2.114164783924902
0.03809820952878969,-0.34897639584177576,-0.13879655601698254
-0.699625049292117,-0.8301205927100848,-0.6532728693264399
-0.7778684252276677,-0.8301205927100848,-0.9041000617084127
-0.8561118011632184,0.1321678010265333,0.7551831412692754
1.5694328528388537,-0.8301205927100848,-0.900116411302847
2.061248358719458,-0.8301205927100848,-0.7216374504800168
0.1610520859989408,-0.34897639584177576,-0.24184316883765175
1.3458803501658516,-0.34897639584177576,2.674774339027845
-0.9790656776333695,0.1321678010265333,-0.03433638982659636
-0.9119999268314689,-0.34897639584177576,0.657333835787767
-0.38665154554991416,-0.8301205927100848,-0.2427427028001988
-0.364296295282614,0.6133119978948424,1.9325303150747244
-0.01778991613946082,-0.34897639584177576,1.254595830285286
-0.6549145487575166,-0.8301205927100848,-0.19820863249568613
1.6476762287744044,-0.8301205927100848,-0.4631999152085587
-0.7555131749603675,0.1321678010265333,0.5198336443698585
0.2616507122017917,-0.8301205927100848,-0.8918349875206678
-0.7443355498267175,0.1321678010265333,0.28949583669034673
0.42931508920654327,-0.8301205927100848,-0.4748938567216705
-0.6437369236238665,0.6133119978948424,1.3773893553313932
-0.9678880524997194,-0.34897639584177576,0.7659775488198401
0.7087557175477958,-0.8301205927100848,-0.7031470301387717
0.17222971113259092,0.1321678010265333,-0.26700156315523793
-0.9902433027670197,-0.8301205927100848,-0.708301502527335
0.6416899667458952,-0.34897639584177576,1.99802495453827
-0.9008223016978189,1.0944561947631515,-0.29774277936736215
-0.9008223016978189,0.6133119978948424,1.1889155727024845
-0.811401300628618,-0.8301205927100848,-0.17770496947635955
-0.6884474241584669,-0.8301205927100848,-1.0263652890304842
-0.9008223016978189,-0.8301205927100848,-0.8073073516749754
2.6089519902683134,-0.8301205927100848,-1.0673155018016744
-0.37547392041626404,-0.8301205927100848,-0.27182763425588724
0.6640452170131954,0.1321678010265333,2.7607440848769853
-0.9119999268314689,1.0944561947631515,3.1205862265295434
-0.9678880524997194,-0.34897639584177576,-0.2855490967639464
-0.587848797955616,0.6133119978948424,1.6564162235233728
-0.7443355498267175,1.5756003916314605,0.7437319311428827
-0.364296295282614,0.6133119978948424,0.43193632574383106
-1.0125985530343198,0.6133119978948424,0.07467855944398821
-0.9343551770987691,2.0567445884997695,2.1033703763743374
-0.7108026744257671,1.5756003916314605,2.9307274471646494
-0.7331579246930673,-0.34897639584177576,0.6241081924409887
1.278814599363951,-0.8301205927100848,-0.6018280936588674
-0.7108026744257671,1.5756003916314605,0.3216791629059194
0.3957822138055929,0.6133119978948424,0.064826520806568
-0.24134241881246285,-0.34897639584177576,0.08447348481394515
-0.9455328022324192,0.6133119978948424,-0.3261280732966251
-0.699625049292117,0.1321678010265333,0.2100084466982911
-0.12956616747596184,-0.34897639584177576,-0.018273283352541643
-0.8002236754949679,-0.8301205927100848,-0.8445737586947824
-0.23016479367881273,-0.8301205927100848,-0.7524072233258728
-0.9455328022324192,2.5378887853680787,2.1850566271637306
2.24009036085786,-0.8301205927100848,-0.2956867017386832
-0.6884474241584669,3.5001771791046967,2.716309962790534
0.06045345979608989,0.1321678010265333,0.4833382664608062
-1.0125985530343198,-0.8301205927100848,0.05431767959331975
0.1610520859989408,-0.8301205927100848,-0.6670086101513649
-0.9790656776333695,-0.34897639584177576,0.34693750544156643
0.6640452170131954,-0.34897639584177576,0.31479701417659117
-0.23016479367881273,-0.8301205927100848,-0.8170879987280665
-0.9678880524997194,-0.34897639584177576,-0.23638885179490599
-0.6660921738911667,1.5756003916314605,2.6352376796263717
-0.07367804180771133,0.6133119978948424,0.26717882742906
-0.9790656776333695,1.0944561947631515,-0.12199097706590473
-0.9678880524997194,0.6133119978948424,0.3154109818018218
-0.7108026744257671,2.0567445884997695,2.5680867554063895
-0.23016479367881273,0.6133119978948424,0.03686957638327999
0.25047308706814164,-0.8301205927100848,-0.5104468657175784
0.9881963458890484,-0.8301205927100848,-0.819929383784366
1.591788103106154,-0.8301205927100848,-0.6090529219929756
2.497175738931812,-0.34897639584177576,-0.044174150147150905
-0.15192141774326204,-0.34897639584177576,0.2891817137192985
-0.30840816961436346,-0.8301205927100848,-0.5467280688736432
0.47402558974114367,-0.34897639584177576,-0.3860541691824986
0.41813746407289315,-0.8301205927100848,-0.7633586923619616
1.6141433533734542,0.1321678010265333,3.141561074005442
-0.051322791540411125,-0.8301205927100848,-0.9972375226241985
0.28400596246909193,-0.34897639584177576,2.8286517598908563
-0.4425396712181647,0.1321678010265333,1.02936966004374
-0.9343551770987691,-0.34897639584177576,1.5534981155544962
0.5187360902757441,-0.34897639584177576,-0.45180581834962924
2.5195309891991124,-0.8301205927100848,1.2613066392122245
1.6476762287744044,-0.8301205927100848,0.47559941871952816
1.3347027250322014,-0.8301205927100848,0.7723742347757304
-0.35311867014896386,-0.8301205927100848,0.11702804726802948
-0.8337565508959183,1.0944561947631515,0.8217629328146239
-0.8002236754949679,1.5756003916314605,0.016737149602464706
-0.30840816961436346,-0.34897639584177576,0.023176670508952408
-0.9678880524997194,1.0944561947631515,2.1708925368328305
-1.0014209279006698,1.5756003916314605,2.020955931424787
-0.9231775519651191,-0.34897639584177576,-0.39649161881141776
-0.9119999268314689,0.1321678010265333,-0.49524045825547314
-0.29723054448071334,-0.8301205927100848,-1.0261225576437651
1.1223278474928495,-0.8301205927100848,-0.6933378264519489
1.8488734811801062,-0.8301205927100848,-0.5853651943125696
-0.43136204608451456,-0.34897639584177576,0.0712517633961899
-0.811401300628618,-0.8301205927100848,-0.5426159136162853
1.0664397218245991,-0.8301205927100848,-0.5467566255073749
-0.6102040482229162,0.1321678010265333,-0.46669810284068614
0.9658410956217481,-0.8301205927100848,-0.4586165754946284
1.8935839817147067,0.1321678010265333,-0.4221497542193077
-0.5207830471537154,-0.8301205927100848,-0.829381629549543
0.1163415854643404,-0.8301205927100848,-0.9774763320818947
0.6305123416122451,-0.34897639584177576,0.3611729873567954
0.04927583466243979,-0.34897639584177576,-0.34026360699379316
2.1171364843877085,-0.8301205927100848,-0.920191724816199
1.9047616068483568,-0.8301205927100848,1.0445617891889794
-0.9902433027670197,0.6133119978948424,0.18823401347790583
1.3682356004331517,-0.8301205927100848,-1.0248803440764382
-0.23016479367881273,-0.34897639584177576,0.19757203270815626
-0.18545429314421233,1.0944561947631515,1.3550009544857773
-0.35311867014896386,-0.8301205927100848,-0.5902483786806821
-0.9902433027670197,2.0567445884997695,0.9483830467807727
-0.9567104273660694,0.1321678010265333,-0.5430870980728575
-0.9902433027670197,1.5756003916314605,0.2972775193822222
1.9047616068483568,-0.8301205927100848,-0.8502136938567838
-0.6660921738911667,-0.34897639584177576,-0.6103665271446316
0.5969794662112947,-0.8301205927100848,-0.5613205087105179
2.139491734655009,-0.8301205927100848,-0.7112428358016952
-0.364296295282614,0.6133119978948424,2.569885823331484
0.9099529699534976,-0.8301205927100848,-0.9657966688856485
-0.6437369236238665,-0.34897639584177576,-0.19783739625717467
0.5858018410776447,0.6133119978948424,2.7360997099665694
-0.24134241881246285,-0.34897639584177576,0.4404604809127295
-0.28605291934706323,2.5378887853680787,1.273271868745787
-0.699625049292117,-0.34897639584177576,-0.6918528814979029
1.9606497325166072,0.6133119978948424,-0.6516879761543333
-0.7778684252276677,-0.8301205927100848,0.04730702601219902
-0.6772697990248168,-0.34897639584177576,0.28525517658119626
0.06045345979608989,-0.8301205927100848,-0.9690664034479229
2.27362323625881,-0.8301205927100848,-0.7124279361015589
0.48520321487479373,1.5756003916314605,1.6371404957545075
-0.14074379260961192,0.1321678010265333,0.7221145594080214
-0.9343551770987691,1.5756003916314605,1.9422395705434865
1.3347027250322014,-0.34897639584177576,0.4224840799786541
-0.4425396712181647,-0.8301205927100848,-0.4130830230095079
0.5187360902757441,-0.8301205927100848,-0.9472063003263426
-0.7331579246930673,-0.34897639584177576,1.0818995877931155
2.139491734655009,-0.8301205927100848,-0.3589396454542942
1.055262096690949,1.5756003916314605,1.1373422921831198
-0.08485566694136143,-0.34897639584177576,-0.6137790448755641
2.6313072405356133,-0.34897639584177576,-0.30061272105739323
2.1283141095213587,-0.8301205927100848,-0.6232598472744728
0.5746242159439946,-0.34897639584177576,-0.6671942282706206
-0.37547392041626404,-0.34897639584177576,2.0096903394176504
1.6141433533734542,-0.34897639584177576,0.06351291565491204
-0.5207830471537154,0.1321678010265333,-0.3388072186734789
2.061248358719458,-0.8301205927100848,-0.7317750554547536
-0.9231775519651191,-0.34897639584177576,0.9317059726814872
-0.7443355498267175,0.6133119978948424,-0.1528321414960898
-0.040145166406761024,-0.8301205927100848,-0.7159975153180154
-0.3195857947480136,0.1321678010265333,0.5207474566492715
-0.26369766907976305,-0.34897639584177576,0.8108542987291327
1.3682356004331517,-0.34897639584177576,-0.6516451412037357
-0.7555131749603675,-0.8301205927100848,-0.6193761450869681
1.055262096690949,0.1321678010265333,-0.6846566097975264
-0.6772697990248168,-0.8301205927100848,-0.9051852137902155
-0.5543159225546657,-0.34897639584177576,-0.624973245298372
1.2676369742303009,-0.34897639584177576,-0.848143337911239
1.9382944822493071,-0.8301205927100848,-0.9592571997611
-0.8225789257622681,-0.34897639584177576,-0.4489787116101956
-0.8896446765641687,1.0944561947631515,3.011728338744482
0.9434858453544479,-0.34897639584177576,-0.08639513311939953
-0.5766711728219659,1.0944561947631515,1.9535051625506235
-0.9902433027670197,1.0944561947631515,1.2162157145499446
-0.9678880524997194,1.0944561947631515,2.3889367136908657
0.6416899667458952,-0.34897639584177576,-0.6380379052306032
0.5299137154093941,0.6133119978948424,3.04762402734517
0.40695983893924303,-0.8301205927100848,-0.30913687622629166
-0.9343551770987691,1.5756003916314605,0.7491576915518967
-0.8337565508959183,-0.8301205927100848,-0.9248464561144585
0.7758214683496963,-0.8301205927100848,-0.5784544889495096
-0.30840816961436346,-0.8301205927100848,-0.9105110259811688
-0.040145166406761024,0.6133119978948424,0.17589754770583182
-0.9678880524997194,-0.34897639584177576,-0.16628231598369841
-0.6325592984902164,1.0944561947631515,1.7879195218576347
2.463642863530862,-0.8301205927100848,-0.9889989337926165
-0.15192141774326204,-0.34897639584177576,-0.5635764827753184
-0.7555131749603675,0.1321678010265333,-0.2898183135068286
-1.0014209279006698,2.0567445884997695,1.927847027142733
-0.8337565508959183,0.6133119978948424,0.36180123329889186
-0.8561118011632184,0.6133119978948424,0.9905754731192896
-0.7331579246930673,-0.8301205927100848,-0.9942961893498381
-0.4090067958172144,-0.34897639584177576,0.1273369920451562
0.4404927143401933,0.1321678010265333,-0.19262581060114806
-0.6213816733565662,-0.34897639584177576,-0.2941303652003081
2.1953798603232593,-0.8301205927100848,-0.4962542187529469
0.5858018410776447,1.5756003916314605,1.1329588489053106
-0.8449341760295683,2.0567445884997695,1.791132143152445
-1.0014209279006698,0.1321678010265333,1.474224900315428
-0.9231775519651191,1.5756003916314605,0.3620439646856107
-0.9567104273660694,0.6133119978948424,0.8242616382661435
-0.9119999268314689,-0.8301205927100848,-0.6862986162370964
2.3965771127289615,-0.8301205927100848,-1.002963127687395
-0.9455328022324192,-0.34897639584177576,-0.776908815067631
-0.9343551770987691,2.5378887853680787,1.4936862462035494
-0.028967541273110922,-0.8301205927100848,-0.05810978740819731
-0.9119999268314689,-0.8301205927100848,-0.9285588184995732
0.2281178368008414,-0.8301205927100848,-0.9631551802654706
-0.9455328022324192,0.6133119978948424,-0.5783259840977171
1.18939359829475,-0.8301205927100848,-0.9505188698392144
1.3458803501658516,-0.8301205927100848,-0.10267241434644162
0.7199333426814459,-0.8301205927100848,-1.101240782674878
-0.6884474241584669,-0.34897639584177576,-0.62580138767659
1.692386729309005,-0.8301205927100848,-0.5996435111783959
-0.811401300628618,-0.8301205927100848,-1.0180553086145734
-1.0125985530343198,-0.34897639584177576,0.6123571376604139
-0.19663191827786244,-0.34897639584177576,-0.3595393347626588
2.24009036085786,-0.8301205927100848,-0.435043074349149
-0.6772697990248168,0.1321678010265333,-0.5725718224007891
-0.7666908000940176,-0.34897639584177576,-0.43798440762350926
-0.7666908000940176,0.6133119978948424,-0.5650614277293644
-0.9790656776333695,0.1321678010265333,0.23403885398347704
-0.07367804180771133,-0.8301205927100848,-0.8555395060477371
-0.7778684252276677,0.6133119978948424,0.5945235198949966
1.16703834802745,0.1321678010265333,-0.5063489887770861
0.17222971113259092,0.1321678010265333,-0.3935931204876549
2.5307086143327626,-0.8301205927100848,-0.9845726555642103
0.1610520859989408,0.1321678010265333,-0.9444505851712381
0.9211305950871477,-0.34897639584177576,-0.42379176065887775
-0.39782917068356427,-0.8301205927100848,-1.0408006673818349
2.586596740001013,-0.8301205927100848,-0.829624360936262
-0.9231775519651191,2.5378887853680787,1.194141436675377
-0.20780954341151253,0.1321678010265333,-0.029438927141617974
-0.9455328022324192,-0.8301205927100848,-0.865991233993522
-0.9790656776333695,3.0190329822363875,2.578481370084712
-0.30840816961436346,-0.34897639584177576,-0.17220781748301633
-1.0125985530343198,1.0944561947631515,0.23538101576886464
-0.7666908000940176,-0.34897639584177576,-0.2130152470855483
-0.6772697990248168,0.1321678010265333,0.6239511309554647
-0.9008223016978189,-0.34897639584177576,-0.08291122380413797
-0.4425396712181647,-0.34897639584177576,0.2850981150956721
-0.4090067958172144,-0.34897639584177576,-0.23950152487165624
-0.19663191827786244,-0.34897639584177576,0.15902057717042492
0.5187360902757441,0.1321678010265333,0.1007507660409874
-0.12956616747596184,0.1321678010265333,0.13985907593648594
-0.9231775519651191,-0.34897639584177576,-0.19064112455679819
2.027715483318508,-0.8301205927100848,-0.4199080584713731
2.22891273572421,-0.8301205927100848,-0.3570120726774076
0.08280871006339009,-0.8301205927100848,-0.7213804407764319
-0.6772697990248168,-0.34897639584177576,-0.25872013937305866
-0.8672894262968686,0.6133119978948424,1.4405423508289434
-0.30840816961436346,-0.34897639584177576,-0.21964038611129158
1.3458803501658516,-0.8301205927100848,-0.6601692963726341
-0.15192141774326204,0.1321678010265333,0.5767041804464452
-0.7443355498267175,0.1321678010265333,-0.7697553783178518
1.7706301052445557,-0.8301205927100848,-0.8954045667371244
1.815340605779156,-0.8301205927100848,-0.7181678194816211
-0.21898716854516265,-0.8301205927100848,-0.8022956624550702
1.1111502223591994,-0.8301205927100848,-0.6618398594459358
-0.8784670514305186,0.6133119978948424,0.42132753631252196
-0.7555131749603675,-0.34897639584177576,-0.4850457400132731
-0.10721091720866163,-0.8301205927100848,-0.992411451523549
-0.9119999268314689,-0.34897639584177576,-0.6660947978719521
1.1223278474928495,-0.8301205927100848,-0.8305810081662724
1.9606497325166072,-0.8301205927100848,-0.9043285147782659
0.42931508920654327,-0.8301205927100848,0.15577939924188236
-1.0125985530343198,0.6133119978948424,-0.11777887359048603
-0.9790656776333695,1.0944561947631515,-0.8430031438395413
0.9770187207553982,-0.8301205927100848,-1.074340433699661
-0.9790656776333695,-0.34897639584177576,-0.7235650232569034
0.742288592948746,-0.34897639584177576,-0.5631766899030752
-0.7108026744257671,-0.8301205927100848,-0.6634961442023717
-0.23016479367881273,1.0944561947631515,-0.47500808325659716
-0.23016479367881273,-0.8301205927100848,-1.0510382205746323
0.08280871006339009,-0.8301205927100848,-0.8611937195266043
1.591788103106154,-0.8301205927100848,-1.0127866096910834
-0.5766711728219659,-0.8301205927100848,-0.8089636364314111
-0.9902433027670197,1.5756003916314605,0.4111756530209195
0.46284796460749356,-0.8301205927100848,-1.0480397740328087
-0.5319606722873654,0.6133119978948424,1.029626669747325
-0.35311867014896386,-0.34897639584177576,-0.034222163291669855
-0.6772697990248168,2.0567445884997695,0.9683012988086006
-0.8896446765641687,0.6133119978948424,2.119290699679734
0.5187360902757441,-0.8301205927100848,-0.4417253266423558
-0.7778684252276677,2.5378887853680787,0.2490168083757288
-0.8002236754949679,1.0944561947631515,0.5530021744491732
1.6476762287744044,-0.8301205927100848,-1.113577248446952
1.9830049827839076,-0.8301205927100848,-0.7521502136222878
0.026920584395139585,-0.34897639584177576,0.15974877133058207
-0.9678880524997194,2.5378887853680787,1.840663624359997
-0.15192141774326204,-0.8301205927100848,-0.7872177598447575
0.026920584395139585,-0.8301205927100848,-1.065887670115092
-0.7666908000940176,0.1321678010265333,0.3752228511527685
1.9047616068483568,-0.8301205927100848,-1.0468975086835428
2.038893108452158,-0.34897639584177576,-1.0004929788696069
-0.06250041667406123,0.6133119978948424,1.4036614583645137
-0.39782917068356427,1.0944561947631515,2.5659592861933818
-0.7778684252276677,1.5756003916314605,0.21686203879388774
0.183407336266241,0.1321678010265333,-0.5540528454258121
-0.07367804180771133,1.0944561947631515,2.2534640432679045
-0.811401300628618,-0.8301205927100848,-0.7187960654237174
-0.5766711728219659,0.6133119978948424,-0.2741264432712853
-0.7331579246930673,-0.8301205927100848,-0.8304239466807484
-0.9119999268314689,0.6133119978948424,-0.1395104718602737
-0.8672894262968686,0.6133119978948424,1.2358626785573217
2.28480086139246,-0.8301205927100848,0.6387577455453269
-0.9567104273660694,-0.8301205927100848,-0.46302857540616876
-0.6549145487575166,0.6133119978948424,0.2302408216971671
-0.47607254661911497,0.6133119978948424,1.3289001912550467
0.03809820952878969,0.6133119978948424,0.5576426274305668
-0.9231775519651191,0.6133119978948424,0.883602323160518
-0.7778684252276677,-0.8301205927100848,-1.0261939492280945
2.4748204886645118,-0.8301205927100848,-0.996280875394188
0.33989408813734245,0.6133119978948424,1.2533250600842274
-0.5096054220200653,-0.34897639584177576,0.3012326131540561
2.139491734655009,-0.8301205927100848,-0.5615775184141027
-0.811401300628618,0.6133119978948424,-0.02738284951293889
-0.6213816733565662,0.6133119978948424,0.6983268835095544
-0.30840816961436346,-0.34897639584177576,-0.1393962453253472
-0.7219802995594172,-0.8301205927100848,-1.0019065322393237
-0.7778684252276677,0.1321678010265333,-0.4884582577442056
-0.9790656776333695,-0.34897639584177576,-0.6523162220964296
-0.8449341760295683,0.1321678010265333,2.7590164085362208
-0.5096054220200653,-0.8301205927100848,-0.46978221928370467
-0.29723054448071334,-0.8301205927100848,-0.7539778381811136
-0.5207830471537154,-0.8301205927100848,-0.9842442542762962
-0.8561118011632184,3.5001771791046967,1.2257107952657191
1.9718273576502574,-0.8301205927100848,-1.0553217156343804
-0.5766711728219659,0.1321678010265333,1.0928367785123385
-0.9008223016978189,-0.8301205927100848,-0.9936393867740101
-0.811401300628618,-0.34897639584177576,-0.7850617339980177
0.03809820952878969,-0.34897639584177576,0.14482793020579354
-0.34194104501531375,-0.8301205927100848,-0.9972375226241983
0.49638084000844385,-0.8301205927100848,-1.0705995146808145
-0.9008223016978189,0.6133119978948424,1.4096583514481609
-0.811401300628618,0.6133119978948424,0.08507317412230997
-0.9119999268314689,0.6133119978948424,0.0841736401597629
-0.8561118011632184,-0.34897639584177576,-0.7999397401722089
-0.364296295282614,1.5756003916314605,0.581330355110973
0.026920584395139585,-0.8301205927100848,-0.6525589534831486
-0.9119999268314689,0.1321678010265333,0.4068064880599767
-0.8002236754949679,0.1321678010265333,-0.03380809210256078
-0.38665154554991416,1.0944561947631515,1.0138634079274524
1.9718273576502574,-0.8301205927100848,-0.6807443509762899
0.33989408813734245,0.1321678010265333,-0.3948353340549818
0.3957822138055929,-0.8301205927100848,-1.0678295212088442
-0.15192141774326204,0.6133119978948424,0.012539324443911825
1.6588538539080546,-0.34897639584177576,0.05268995147061556
1.2117488485620505,-0.34897639584177576,-0.9242467668060936
-0.35311867014896386,-0.34897639584177576,1.9210648266314654
2.027715483318508,-0.8301205927100848,-1.002763231251273
1.2341040988293506,-0.8301205927100848,-0.789316672424034
-0.11838854234231173,-0.8301205927100848,-0.6461051542597951
1.5023671020369531,-0.8301205927100848,-0.9274593881009046
-0.8784670514305186,2.0567445884997695,0.7393913228156712
-0.19663191827786244,-0.34897639584177576,-0.2932593878714927
1.3458803501658516,-0.8301205927100848,0.3149255190283835
-0.7443355498267175,-0.34897639584177576,-0.09374846630530011
-0.8337565508959183,0.6133119978948424,-0.15674440031732625
1.9047616068483568,-0.8301205927100848,-0.6867126874262054
0.04927583466243979,0.6133119978948424,-0.20968839925581068
0.2281178368008414,0.1321678010265333,-0.7711832100044343
1.2452817239630007,-0.8301205927100848,-0.3218160216031455
0.015742959261489484,-0.8301205927100848,-0.98344466853181
-0.4537172963518148,-0.8301205927100848,-0.5425873569825536
-0.8225789257622681,1.5756003916314605,1.6434515118092026
-0.8225789257622681,0.6133119978948424,-0.4417538832760874
0.37342696353829274,-0.34897639584177576,-0.4923562382485762
0.004565334127839384,0.1321678010265333,-0.14149515790462372
0.731110967815096,-0.34897639584177576,0.31396887179837335
-0.9231775519651191,-0.34897639584177576,-0.5868358609497497
-0.8896446765641687,0.1321678010265333,-0.19658090437298195
-0.33076341988166363,-0.8301205927100848,-0.7529355210499082
-0.34194104501531375,-0.8301205927100848,-0.36108139298416814
1.9830049827839076,-0.34897639584177576,0.19074699724629127
1.915939231982007,-0.8301205927100848,-0.8712884895507436
-0.43136204608451456,1.0944561947631515,1.83069735918765
-0.6102040482229162,-0.8301205927100848,-0.8552967746610179
-0.6772697990248168,-0.34897639584177576,-0.7623877668150856
0.23929546193449153,-0.8301205927100848,-0.9588288502551253
-0.30840816961436346,-0.34897639584177576,-0.31352031950410025
-0.8449341760295683,0.6133119978948424,-0.7883171902434263
-0.5654935476883158,-0.8301205927100848,-0.38234180679738367
-0.15192141774326204,-0.8301205927100848,-0.960585083229622
0.33989408813734245,0.1321678010265333,-0.01720240958760466
-0.8225789257622681,0.1321678010265333,0.45923646759129133
-0.35311867014896386,-0.34897639584177576,-1.0235381822910508
-0.7666908000940176,0.6133119978948424,2.7108984806983853
0.7199333426814459,-0.8301205927100848,-0.6416645977145231
-0.587848797955616,-0.34897639584177576,-0.33064002142622634
1.0999725972255494,-0.34897639584177576,0.09028475977833657
0.5075584651420939,-0.8301205927100848,-1.032476408649058
-0.9343551770987691,0.6133119978948424,1.826685152148353
-1.0125985530343198,-0.8301205927100848,-0.6432494908866299
1.9718273576502574,-0.8301205927100848,-0.9538028827183545
0.8652424694188972,-0.8301205927100848,-0.6262725721331622
0.1386968357316406,0.6133119978948424,-0.27474041089651574
0.7087557175477958,-0.8301205927100848,-1.0662446280367375
-0.9790656776333695,3.5001771791046967,1.6996224103593636
0.3175388378700422,-0.8301205927100848,-1.1358514227576413
-0.7666908000940176,0.1321678010265333,0.8210061820207352
-0.9455328022324192,1.0944561947631515,0.9227820246403458
-0.7108026744257671,0.1321678010265333,0.4590794061057671
-0.9790656776333695,-0.34897639584177576,-0.3026116854186089
-0.7778684252276677,1.0944561947631515,1.0634662807193334
-1.0014209279006698,0.1321678010265333,-0.04935717916944573
-0.28605291934706323,1.5756003916314605,2.0891634510928396
-1.0125985530343198,0.1321678010265333,-0.24237146656168734
-0.15192141774326204,0.6133119978948424,1.030454812125543
-0.21898716854516265,-0.34897639584177576,-0.3471743123568532
-0.8337565508959183,-0.8301205927100848,-0.8724450332168755
-0.9902433027670197,1.0944561947631515,-0.03235170378224651
-0.10721091720866163,-0.8301205927100848,-0.19305416010712295
2.5083533640654623,-0.8301205927100848,0.7110203072032742
-0.6660921738911667,-0.34897639584177576,-0.030709697342676503
0.015742959261489484,0.1321678010265333,0.4717871081163527
-0.8672894262968686,-0.8301205927100848,-0.6562427592345319
-0.16309904287691213,-0.8301205927100848,-0.02197136742079073
0.742288592948746,-0.8301205927100848,-0.46188631005690267
1.2229264736957004,-0.8301205927100848,0.07083769220708099
1.8935839817147067,-0.8301205927100848,-0.049485684021238215
0.9658410956217481,-0.8301205927100848,-0.6526303450674777
-0.26369766907976305,0.1321678010265333,2.429001670816375
2.1953798603232593,-0.8301205927100848,-0.6011284561324419
-0.24134241881246285,-0.8301205927100848,-0.6698642735245303
-0.30840816961436346,-0.8301205927100848,-0.8234989630008225
-0.9008223016978189,-0.8301205927100848,-0.804137565330762
-0.8449341760295683,-0.34897639584177576,0.24074966291041536
-0.28605291934706323,-0.8301205927100848,-0.6233455171756678
-0.35311867014896386,-0.8301205927100848,-0.5890204434302212
-0.23016479367881273,-0.8301205927100848,-0.09563320413158927
0.33989408813734245,-0.8301205927100848,-0.19391085911907238
-0.12956616747596184,-0.8301205927100848,-0.06035148315613213
1.8488734811801062,-0.8301205927100848,-0.287148268252919
1.9830049827839076,-0.8301205927100848,-0.5304079526960037
-0.30840816961436346,-0.8301205927100848,-0.5296512019021148
-0.8225789257622681,-0.34897639584177576,0.2598540508768911
-0.23016479367881273,-0.8301205927100848,-0.9645687336351875
-0.6437369236238665,-0.34897639584177576,2.0201849023140324
-0.46489492148546485,-0.8301205927100848,-1.0770818705378997
1.8488734811801062,-0.34897639584177576,-0.267158624640762
-0.01778991613946082,-0.8301205927100848,-0.6166347082487295
-0.028967541273110922,-0.8301205927100848,-0.04548775529880688
0.08280871006339009,0.1321678010265333,0.2987767426531339
-0.7331579246930673,0.1321678010265333,-0.33974958758662355
2.1171364843877085,-0.8301205927100848,-0.8388767102653175
0.4404927143401933,-0.34897639584177576,-0.19048406307127408
-0.9008223016978189,0.1321678010265333,-0.017916325430895982
-0.18545429314421233,-0.8301205927100848,-0.38041423402049707
1.2564593490966507,-0.8301205927100848,-1.071884563198739
-1.0014209279006698,2.5378887853680787,2.440895508765608
1.0440844715572988,-0.8301205927100848,-0.7178965314611703
-0.699625049292117,-0.34897639584177576,0.7859957490657288
-0.20780954341151253,1.0944561947631515,1.047488844146474
1.1223278474928495,-0.8301205927100848,-0.5042643545146756
0.3957822138055929,-0.34897639584177576,-0.2702570194006463
-0.8225789257622681,-0.8301205927100848,-1.0501815215626826
-1.0125985530343198,-0.34897639584177576,-0.7967556755111296
-0.19663191827786244,0.1321678010265333,-0.33990522124046096
-0.7555131749603675,1.0944561947631515,0.27493195348720373
0.17222971113259092,-0.8301205927100848,-0.8523554413866578
0.47402558974114367,0.1321678010265333,0.8281310621367826
-0.5319606722873654,-0.34897639584177576,-0.1399388213662486
-0.9678880524997194,-0.34897639584177576,-0.24227151834362648
-0.30840816961436346,-0.8301205927100848,-0.8416324254204222
0.6528675918795452,-0.34897639584177576,-0.9290300029561456
-0.5766711728219659,-0.34897639584177576,1.4609603439470753
-0.30840816961436346,-0.8301205927100848,2.5926454604156115
0.183407336266241,0.1321678010265333,1.1618296056080117
-0.811401300628618,0.1321678010265333,-0.32541415745333374
-0.9119999268314689,-0.8301205927100848,-0.8691610203377355
-0.9008223016978189,0.6133119978948424,0.2802720439950228
-0.811401300628618,-0.34897639584177576,-0.18712865860780484
-0.27487529421341317,-0.34897639584177576,0.6547922953856496
-0.19663191827786244,-0.34897639584177576,-0.3944640978164703
-1.0014209279006698,-0.8301205927100848,-0.8761431172851245
1.826518230912806,-0.8301205927100848,-0.7521787702560195
0.004565334127839384,-0.8301205927100848,-0.7337169065485061
-0.7666908000940176,0.1321678010265333,0.45495297253154343
-0.7555131749603675,-0.8301205927100848,-0.7405133853766394
-0.7219802995594172,1.5756003916314605,1.7608192764462955
-0.7331579246930673,1.0944561947631515,2.980958565898626
1.8712287314474065,-0.34897639584177576,-0.3148482029726222
0.8317095940179469,-0.34897639584177576,-0.6475615425801095
-0.7443355498267175,-0.34897639584177576,0.3538624891214921
-0.8225789257622681,1.5756003916314605,1.365309899262904
-0.699625049292117,-0.34897639584177576,-0.8953474534696609
-0.587848797955616,0.1321678010265333,0.9059478890555365
1.804162980645506,-0.8301205927100848,-0.9409523975391106
-0.37547392041626404,-0.8301205927100848,-0.19393941575280418
1.0329068464236488,-0.8301205927100848,-0.7176395217575855
-0.9008223016978189,-0.34897639584177576,0.3732381651084188
0.08280871006339009,-0.34897639584177576,-0.921676669770245
-1.0125985530343198,0.6133119978948424,2.4149375287035357
-0.34194104501531375,-0.34897639584177576,-0.5538101140390932
1.6141433533734542,-0.8301205927100848,-0.8333795582719744
1.1111502223591994,0.6133119978948424,0.8870719541589139
0.9770187207553982,-0.34897639584177576,0.6110578108256235
-0.5990264230892661,1.5756003916314605,0.9196265166129981
1.2229264736957004,-0.34897639584177576,-0.7275629519793348
-0.5096054220200653,1.0944561947631515,1.419339050283191
1.5694328528388537,-0.8301205927100848,-0.8936340554457619
-0.28605291934706323,-0.8301205927100848,-0.9568869991613729
1.6700314790417046,-0.8301205927100848,-0.7092153148067478
1.5806104779725039,-0.8301205927100848,-0.5086906327430817
-0.15192141774326204,0.1321678010265333,0.4453436652808422
-0.37547392041626404,0.1321678010265333,-0.33569454559672884
0.14987446086529072,0.6133119978948424,-0.5154299983037518
-0.4425396712181647,3.5001771791046967,0.5787174231245266
0.49638084000844385,0.1321678010265333,0.6558488908337209
2.050070733585808,-0.34897639584177576,-0.2739693817857612
2.463642863530862,-0.8301205927100848,-0.7057028488577545
-0.9343551770987691,1.0944561947631515,1.762461282885866
-0.9008223016978189,-0.34897639584177576,-0.22442362226134346
2.139491734655009,-0.34897639584177576,-0.6603120795412923
-0.8225789257622681,1.0944561947631515,0.4977450881784249
-0.7666908000940176,0.1321678010265333,0.508682278897648
2.1953798603232593,-0.8301205927100848,0.7564824681040655
-0.8337565508959183,0.1321678010265333,-0.7403420455742494
-0.23016479367881273,-0.8301205927100848,-0.8476435968209349
-0.30840816961436346,-0.8301205927100848,-0.7347306670459796
2.5083533640654623,-0.34897639584177576,-0.502579513124508
-0.9902433027670197,0.6133119978948424,2.382554306051841
1.7035643544426549,-0.8301205927100848,-0.998822415796305
-0.9231775519651191,2.0567445884997695,0.24160636192236498
-1.0125985530343198,0.6133119978948424,1.4007772383576167
1.8935839817147067,-0.8301205927100848,-0.7985833000699554
0.3957822138055929,-0.8301205927100848,-0.864420619138281
-0.19663191827786244,-0.8301205927100848,-0.9399529153585027
-0.20780954341151253,0.6133119978948424,0.11510047449114288
-0.7890460503613178,0.1321678010265333,0.8265747255984076
-0.35311867014896386,0.1321678010265333,1.8817566202998457
-0.06250041667406123,-0.8301205927100848,-0.2617899774992113
-0.15192141774326204,-0.8301205927100848,-0.9820025585283616
-1.0125985530343198,0.1321678010265333,0.37298115540483384
-0.6884474241584669,-0.8301205927100848,-0.9776476718842846
-0.5654935476883158,1.0944561947631515,-0.1860863414765995
-0.8561118011632184,-0.34897639584177576,-0.2594768901669474
-0.6437369236238665,2.0567445884997695,2.044443762669072
-0.14074379260961192,-0.34897639584177576,-0.717839418193707
1.2676369742303009,-0.34897639584177576,-0.4664839280876988
-0.6437369236238665,-0.8301205927100848,-0.8569816160511855
1.0217292212899987,0.1321678010265333,-0.7730536695138579
-0.5431382974210156,2.0567445884997695,0.6715693177029958
-0.06250041667406123,0.1321678010265333,-0.2558216410492958
-0.5766711728219659,-0.34897639584177576,-0.7631016826583769
-0.8896446765641687,0.1321678010265333,-0.27045691583676784
0.04927583466243979,-0.34897639584177576,-0.18897056148349656
-0.7331579246930673,2.0567445884997695,0.15376615656380088
2.541886239466413,-0.8301205927100848,-1.0261939492280945
-0.7108026744257671,-0.34897639584177576,-0.3233295231909232
-0.9567104273660694,0.6133119978948424,-0.3083944037492687
-0.9455328022324192,-0.8301205927100848,-0.9125099903423843
1.390590850700452,-0.8301205927100848,-0.9547166949977672
-0.10721091720866163,0.1321678010265333,1.411871490562364
-0.08485566694136143,-0.34897639584177576,-0.04708692678777945
0.5858018410776447,0.1321678010265333,1.305269576842104
-0.811401300628618,-0.34897639584177576,-0.8142751703054986
-0.5654935476883158,-0.34897639584177576,0.06615440427508996
0.9099529699534976,-0.8301205927100848,-0.8901929810810978
-0.8337565508959183,-0.34897639584177576,-0.6737765323457667
1.692386729309005,-0.8301205927100848,-0.815317487436704
1.278814599363951,-0.8301205927100848,0.8192071140956411
-0.46489492148546485,-0.34897639584177576,-0.7428407510257691
-0.7666908000940176,1.0944561947631515,-0.1119961552598264
-0.7443355498267175,0.6133119978948424,1.2523398562204855
-0.8561118011632184,-0.34897639584177576,-0.4904143871548238
2.4301099881299115,-0.8301205927100848,-0.9887847590396291
0.7199333426814459,-0.8301205927100848,-0.0420895158847402
2.407754737862611,-0.8301205927100848,-0.9539456658870127
-0.30840816961436346,-0.8301205927100848,-0.1400816045349069
-0.8449341760295683,3.0190329822363875,2.382254461397659
-0.8561118011632184,-0.34897639584177576,-0.6151925982452809
-0.9008223016978189,1.5756003916314605,1.6725792782154887
-0.29723054448071334,0.1321678010265333,0.4378047139756859
-0.6213816733565662,0.6133119978948424,-0.803223753051349
0.183407336266241,1.0944561947631515,1.7153571155455045
-0.43136204608451456,-0.8301205927100848,-0.5904625534336695
-0.9567104273660694,-0.34897639584177576,-0.2090315966799826
-0.4984277968864152,-0.8301205927100848,-0.928758714935695
2.463642863530862,-0.8301205927100848,-0.8438312862177594
-0.5207830471537154,-0.34897639584177576,-0.1673246331149036
-0.29723054448071334,-0.8301205927100848,-0.5448861659979517
-0.7331579246930673,-0.8301205927100848,-0.9226190386833895
-0.699625049292117,0.1321678010265333,-0.7621164787946347
-0.5766711728219659,-0.8301205927100848,-0.19275431545294053
-0.8896446765641687,2.0567445884997695,0.3881161712826097
-0.028967541273110922,0.1321678010265333,0.49102000093462095
-0.7555131749603675,0.6133119978948424,1.1065011277529344
2.541886239466413,-0.8301205927100848,-0.5608778808876772
-0.5766711728219659,0.1321678010265333,-0.38027145085183894
0.9211305950871477,-0.8301205927100848,-0.9040572267578151
0.28400596246909193,-0.8301205927100848,-0.8519270918806829
-0.6772697990248168,1.0944561947631515,-0.11817866646272912
1.804162980645506,-0.8301205927100848,-0.7899877533167279
-0.364296295282614,1.0944561947631515,1.1821904854586802
-0.9678880524997194,2.0567445884997695,1.743770966108499
-0.7443355498267175,1.0944561947631515,1.8682064975941761
-0.6549145487575166,1.0944561947631515,1.0521007404941358
-0.26369766907976305,-0.8301205927100848,0.37198167322422593
-0.6102040482229162,1.0944561947631515,0.19791471231293611
-0.4425396712181647,0.1321678010265333,-0.00886387253796215
-0.8449341760295683,-0.8301205927100848,-0.9821596200138857
-0.19663191827786244,-0.8301205927100848,0.31816669695692607
1.390590850700452,-0.8301205927100848,-0.7113856189703536
-0.6772697990248168,0.1321678010265333,-0.4155960067778933
-0.8449341760295683,0.6133119978948424,2.589732683774983
0.3175388378700422,-0.8301205927100848,-0.7973125298688969
-0.9119999268314689,0.6133119978948424,1.1959690612342029
1.8488734811801062,-0.34897639584177576,-0.6623824354868372
-0.8337565508959183,1.5756003916314605,1.4647155412827875
-0.6325592984902164,-0.34897639584177576,-1.022767153180296
-0.5096054220200653,0.1321678010265333,0.4063210252865384
-0.5431382974210156,1.5756003916314605,2.7083426619794024
0.25047308706814164,-0.34897639584177576,0.17485523057462646
0.8205319688842968,-0.34897639584177576,-0.6151925982452809
-0.9008223016978189,-0.34897639584177576,-0.6116372973456902
-0.9119999268314689,1.0944561947631515,2.61102165422193
1.278814599363951,-0.34897639584177576,1.0744320280722883
-0.06250041667406123,0.1321678010265333,0.10102205406143801
0.9770187207553982,-0.8301205927100848,-0.8867376283995677
-0.35311867014896386,0.1321678010265333,-1.0364029457871602
0.6416899667458952,-0.8301205927100848,-0.7302758321838418
-0.4537172963518148,-0.34897639584177576,-0.8452162829537446
-0.18545429314421233,-0.8301205927100848,-0.657956157258431
2.3406889870607106,-0.34897639584177576,-0.8911353499942423
-0.811401300628618,-0.34897639584177576,-0.6040697894068021
0.6640452170131954,-0.34897639584177576,-0.46217187639421914
0.6752228421468455,-0.8301205927100848,-0.8251552477572583
-0.8225789257622681,0.6133119978948424,0.024733007047327536
1.0664397218245991,-0.8301205927100848,-1.0723129127047137
2.1730246100559594,-0.8301205927100848,-1.0642742203092534
1.0217292212899987,-0.8301205927100848,-1.0544650166224308
-0.3195857947480136,-0.8301205927100848,0.14205793673382314
-0.364296295282614,-0.8301205927100848,-0.9113248900425208
-0.7443355498267175,0.1321678010265333,0.9678015577182965
-0.587848797955616,-0.8301205927100848,-0.9412379638764272
0.7087557175477958,-0.8301205927100848,-0.7166685962107092
-0.7331579246930673,3.5001771791046967,2.053396267343945
2.5307086143327626,-0.8301205927100848,-1.015199645241408
-0.9678880524997194,3.0190329822363875,2.138252304477551
-0.9343551770987691,0.1321678010265333,-0.14085263364566147
2.363044237328011,-0.8301205927100848,-0.6849564544517087
1.9606497325166072,-0.34897639584177576,-0.005851147679272757
2.0053602330512077,-0.8301205927100848,-0.7498656829237558
-0.6660921738911667,-0.8301205927100848,-0.8995738352619457
1.4241237261014024,-0.34897639584177576,-0.7973696431363603
1.7370972298436054,-0.8301205927100848,-0.8305238948988091
2.1171364843877085,1.0944561947631515,0.3810626827508917
1.9830049827839076,-0.8301205927100848,-0.9598283324357332
-0.6660921738911667,1.5756003916314605,0.9059621673724023
1.7259196047099552,-0.34897639584177576,-0.719567094534472
-0.8561118011632184,1.0944561947631515,0.3300748132230255
0.28400596246909193,0.6133119978948424,-0.015146331958925742
-0.6213816733565662,-0.8301205927100848,-0.408885197850955
0.45167033947384344,0.1321678010265333,2.234416768568892
1.401768475834102,-0.8301205927100848,-0.8719167354928399
-0.46489492148546485,2.5378887853680787,1.6706374271217361
-0.587848797955616,-0.34897639584177576,0.38430386067943395
-0.699625049292117,-0.34897639584177576,-0.6811155872148015
-0.6102040482229162,1.5756003916314605,0.2936079919477047
0.49638084000844385,-0.34897639584177576,-0.08268277073428464
1.4241237261014024,-0.34897639584177576,-0.2854491485458856
-0.7108026744257671,-0.8301205927100848,-0.4549756046938427
-0.7443355498267175,0.6133119978948424,2.95994088347213
-0.9678880524997194,-0.34897639584177576,-0.11523733318836896
1.2117488485620505,-0.8301205927100848,-0.6723772572929158
-0.8225789257622681,-0.8301205927100848,-0.8475722052366059
1.6700314790417046,-0.8301205927100848,-0.6564569339875193
-0.21898716854516265,0.1321678010265333,-0.20286336379394554
-0.9902433027670197,2.0567445884997695,0.7583100926628912
0.03809820952878969,-0.34897639584177576,0.3855317959298952
0.7869990934833465,-0.8301205927100848,-0.728862278814125
0.04927583466243979,1.0944561947631515,0.1966724987456092
-0.42018442095086445,1.0944561947631515,1.1947411259837417
2.1953798603232593,-0.8301205927100848,-0.7342737609062733
0.36224933840464263,1.5756003916314605,0.5209759097191248
2.1953798603232593,-0.8301205927100848,-0.09887438206013184
0.6752228421468455,-0.34897639584177576,-0.7537636634281264
-0.9790656776333695,3.0190329822363875,1.852685967161023
-0.6549145487575166,-0.34897639584177576,-0.21574240560692093
-0.42018442095086445,-0.34897639584177576,-0.7477810486613451
-0.46489492148546485,-0.34897639584177576,0.3714390971833247
1.4241237261014024,-0.8301205927100848,-0.7193243631477529
-0.3195857947480136,-0.8301205927100848,1.2914053311653866
-0.23016479367881273,0.1321678010265333,1.0122071231710168
-1.0014209279006698,3.5001771791046967,2.835676691788843
-0.30840816961436346,0.6133119978948424,2.6042822886612593
-0.6437369236238665,0.1321678010265333,0.44565778825189045
-0.10721091720866163,-0.8301205927100848,-0.6646669661853695
0.1275192105979905,-0.8301205927100848,-0.9021153756640627
-0.9455328022324192,-0.34897639584177576,-0.643235212569764
1.7818077303782056,-0.8301205927100848,-0.9747348952436559
-0.8784670514305186,1.5756003916314605,0.14043020861111896
-0.9119999268314689,3.9813213759730055,2.3591807013424835
-0.17427666801056224,-0.34897639584177576,-0.7160117936348812
-0.9790656776333695,-0.8301205927100848,-0.6592412057763554
0.40695983893924303,-0.34897639584177576,1.007323938802904
-0.28605291934706323,-0.34897639584177576,-0.8780564117451454
0.28400596246909193,-0.34897639584177576,-0.17369276243706222
2.4412876132635617,-0.8301205927100848,-0.3600819108035602
-0.27487529421341317,-0.8301205927100848,-0.6935091662543388
1.826518230912806,-0.8301205927100848,-0.7616595726549285
-0.6772697990248168,2.0567445884997695,2.538516361177263
-0.4425396712181647,-0.34897639584177576,0.16290427935792975
-0.30840816961436346,-0.8301205927100848,-0.7912014102503232
-0.9567104273660694,1.0944561947631515,1.338095427316639
2.3853994875953113,-0.8301205927100848,-0.9358835950517423
-0.699625049292117,0.1321678010265333,0.983065078447865
1.0329068464236488,0.1321678010265333,0.005700010665180861
-0.5543159225546657,0.1321678010265333,-0.38766761898833696
-0.5766711728219659,0.6133119978948424,0.794377121065969
0.004565334127839384,-0.34897639584177576,1.0974486748600003
-0.7555131749603675,-0.34897639584177576,-0.3410203577876819
-0.699625049292117,-0.34897639584177576,-0.6104379187289607
2.3518666121943608,0.1321678010265333,0.47095896573813456
0.5969794662112947,-0.34897639584177576,-0.6066398864426509
-0.9567104273660694,-0.34897639584177576,-0.25487927213615125
-0.811401300628618,-0.34897639584177576,0.2101083949163518
-0.6549145487575166,1.0944561947631515,1.2685314675463326
0.9434858453544479,-0.8301205927100848,-0.8866947934489703
-0.37547392041626404,0.1321678010265333,-0.5721434728948143
-0.7778684252276677,-0.8301205927100848,-0.8581524380341832
-0.8449341760295683,1.5756003916314605,1.9817476733112276
-0.811401300628618,-0.8301205927100848,-1.0827360840167668
0.7534662180823962,-0.8301205927100848,-0.6091957051616338
-0.7443355498267175,0.6133119978948424,0.03435659261489455
1.3458803501658516,-0.34897639584177576,-0.7766232487303143
-0.9567104273660694,0.6133119978948424,-0.19373951931668246
1.804162980645506,-0.8301205927100848,-1.0359032046968564
-0.9008223016978189,-0.8301205927100848,-0.640936403554366
-0.29723054448071334,-0.8301205927100848,-0.7103861367897456
-0.7443355498267175,0.1321678010265333,0.07789118073879932
0.004565334127839384,0.1321678010265333,0.6346598686048346
-0.4425396712181647,-0.34897639584177576,1.038664844323393
0.41813746407289315,-0.8301205927100848,1.1208080012524924
0.04927583466243979,0.1321678010265333,2.6285697056500306
-0.38665154554991416,-0.8301205927100848,0.3992675367548204
0.8652424694188972,0.1321678010265333,-0.6025562878190245
-0.38665154554991416,-0.8301205927100848,-0.8486145223678112
2.620129615401963,-0.8301205927100848,-0.8700462759834167
-1.0125985530343198,1.0944561947631515,0.6216666002569327
-0.8225789257622681,2.5378887853680787,1.9973253170118448
1.7482748549772553,-0.8301205927100848,-0.7206665249331407
-0.37547392041626404,0.6133119978948424,-0.44112563733399107
-0.19663191827786244,-0.8301205927100848,-0.9492766562718873
-0.6772697990248168,0.1321678010265333,0.2778304518109666
-1.0014209279006698,2.5378887853680787,2.799167035562925
0.3175388378700422,0.1321678010265333,-0.6009856729637836
-0.42018442095086445,1.0944561947631515,1.3939664812126176
-0.30840816961436346,-0.8301205927100848,-0.9820739501126906
-0.06250041667406123,-0.8301205927100848,-0.989869911121432
-0.4090067958172144,-0.8301205927100848,0.6583190396515088
-0.9902433027670197,1.0944561947631515,0.5434642587828014
-0.9008223016978189,1.0944561947631515,2.661438391075163
-0.9455328022324192,1.0944561947631515,-0.032708661703892174
1.0887949720918992,-0.34897639584177576,-0.433643799296298
-0.23016479367881273,-0.8301205927100848,-0.8095062124723127
1.2564593490966507,-0.8301205927100848,-0.6581703320114184
0.3175388378700422,-0.34897639584177576,-0.3067523973096987
0.015742959261489484,-0.8301205927100848,-0.5620058679200775
-1.0125985530343198,3.5001771791046967,1.5324947114448657
-0.7219802995594172,0.6133119978948424,-0.25349427540016606
2.3071561116597605,-0.8301205927100848,0.015123699796626328
-0.7555131749603675,0.1321678010265333,-0.35108657117808967
-0.7108026744257671,0.6133119978948424,2.5451986134704705
-0.46489492148546485,-0.8301205927100848,-0.7129847904593261
2.620129615401963,-0.8301205927100848,-0.9346271031675495
-0.8449341760295683,-0.34897639584177576,-0.6025277311852929
1.0217292212899987,0.1321678010265333,-0.09931700988297237
-0.21898716854516265,1.0944561947631515,2.9366101137133698
-0.6102040482229162,-0.34897639584177576,-0.682314965831531
-0.12956616747596184,0.6133119978948424,2.2260496748855183
-0.38665154554991416,3.0190329822363875,2.527836180161625
-0.8896446765641687,-0.34897639584177576,-0.2628037379966849
-0.46489492148546485,-0.34897639584177576,-0.768841566038439
-0.46489492148546485,-0.34897639584177576,0.5744624846985106
-0.364296295282614,-0.34897639584177576,-0.6078249867425145
-0.42018442095086445,-0.8301205927100848,-0.6559143579466179
-1.0014209279006698,1.5756003916314605,1.4682993988161102
0.015742959261489484,0.6133119978948424,-0.18884205663170409
-0.7666908000940176,-0.8301205927100848,-0.8376487750148565
-0.18545429314421233,-0.8301205927100848,-0.6589699177559047
-0.9008223016978189,0.6133119978948424,-0.49394113142068297
0.8652424694188972,-0.34897639584177576,0.0458934726424822
-0.37547392041626404,-0.34897639584177576,-0.6756041569045925
0.04927583466243979,-0.34897639584177576,0.6097156490402358
2.27362323625881,-0.8301205927100848,-0.7183534376008768
0.19458496139989112,-0.34897639584177576,-0.28801924558173425
1.927116857115657,-0.8301205927100848,0.15933470014147313
0.9881963458890484,-0.8301205927100848,-0.6195760415230896
0.8652424694188972,-0.8301205927100848,-0.9304578346427281
-0.6325592984902164,-0.8301205927100848,-1.0549504793958688
-0.7666908000940176,0.1321678010265333,-0.34547519264981996
-0.8337565508959183,0.6133119978948424,0.04088178342257714
-0.14074379260961192,0.1321678010265333,-0.3554414578221668
-0.29723054448071334,-0.8301205927100848,-1.0279073472519935
-0.9902433027670197,1.5756003916314605,2.3085355114193975
-0.9008223016978189,0.6133119978948424,-0.09344862165111786
0.9434858453544479,0.1321678010265333,-0.19426781704071805
-1.0014209279006698,-0.34897639584177576,-0.5291371824949451
0.6975780924141457,-0.34897639584177576,-0.6961363765576509
-0.9678880524997194,1.0944561947631515,0.2980771051267084
-0.14074379260961192,0.1321678010265333,-0.3090797629588284
-0.7890460503613178,-0.34897639584177576,-0.828553487171325
-0.7778684252276677,-0.34897639584177576,-0.915180035596294
2.4189323629962614,0.6133119978948424,-0.20841762905475214
0.6081570913449449,-0.8301205927100848,-1.0420428809491615
-0.811401300628618,2.5378887853680787,2.781062129777057
-0.23016479367881273,-0.34897639584177576,-0.8856239196840333
2.1842022351896095,-0.8301205927100848,-0.7793218506179556
-0.47607254661911497,-0.8301205927100848,-0.566731990802666
-0.6772697990248168,1.5756003916314605,2.356967562228281
1.289992224497601,-0.8301205927100848,-0.6461337108935268
-0.8561118011632184,-0.34897639584177576,-0.8762859004537829
-0.20780954341151253,-0.8301205927100848,0.08475905115126174
-0.35311867014896386,-0.8301205927100848,-0.8715026643037309
-0.587848797955616,0.6133119978948424,1.5153607312058737
-0.7219802995594172,1.0944561947631515,0.1570644477598067
-0.8337565508959183,-0.8301205927100848,-0.6997059557741075
-0.28605291934706323,-0.34897639584177576,0.6504802436921702
1.3570579752995016,-0.8301205927100848,-0.7127848940232044
-0.8896446765641687,1.5756003916314605,0.060500190796222646
-0.6884474241584669,-0.8301205927100848,-1.047611424526834
-0.9790656776333695,1.5756003916314605,2.089820253668668
-0.8561118011632184,1.0944561947631515,0.8326858452169812
1.3347027250322014,-0.8301205927100848,-0.24965340816325884
-0.5096054220200653,0.1321678010265333,1.7599054641668832
0.47402558974114367,-0.34897639584177576,-0.400903618722958
-0.9119999268314689,1.0944561947631515,2.9473474079964705
0.2728283373354418,0.1321678010265333,0.2165764724565713
1.18939359829475,-0.34897639584177576,-0.1640548985526294
2.0836036089867584,-0.8301205927100848,-0.6877978395080082
0.2057625865335412,0.1321678010265333,-0.48187595366905966
-0.16309904287691213,-0.8301205927100848,-0.43595688662856186
-0.43136204608451456,-0.8301205927100848,0.15253822131333977
-0.4984277968864152,0.1321678010265333,0.8725509059063684
-0.8337565508959183,-0.34897639584177576,-0.2394586899210588
0.7087557175477958,0.1321678010265333,-0.25502205530480954
1.491189476903303,-0.8301205927100848,-0.5290229559600185
-0.9455328022324192,-0.34897639584177576,-0.3233152448740572
0.33989408813734245,-0.34897639584177576,-0.6893684543632491
-0.34194104501531375,-0.8301205927100848,-1.0076035806687884
-0.3195857947480136,-0.34897639584177576,-0.48952913150914257
-0.8225789257622681,2.5378887853680787,2.210757597522218
-1.0014209279006698,3.9813213759730055,3.0913727902220627
-0.7778684252276677,0.1321678010265333,-0.23076319494977046
-0.699625049292117,1.0944561947631515,0.8817033070173632
2.161846984922309,-0.8301205927100848,-0.2625181716593684
0.9434858453544479,-0.34897639584177576,-0.9470920737914159
-0.15192141774326204,0.1321678010265333,1.070691109053442
-0.6549145487575166,-0.8301205927100848,-0.9399529153585027
1.9494721073829573,-0.8301205927100848,-0.9553592192567295
-0.7219802995594172,0.6133119978948424,-0.23428993921562963
0.19458496139989112,0.6133119978948424,1.2125747437491587
2.150669359788659,-0.8301205927100848,-0.9359692649529372
-0.9231775519651191,1.0944561947631515,0.7112059253225301
2.3853994875953113,-0.8301205927100848,-0.5719578547755585
-0.6660921738911667,-0.34897639584177576,-0.09159244045856033
-0.8002236754949679,-0.8301205927100848,-0.8354927491681167
0.36224933840464263,-0.34897639584177576,-0.7856757016232483
-0.29723054448071334,-0.8301205927100848,-1.0252515803149498
0.1610520859989408,-0.8301205927100848,-0.12117711300455254
1.9606497325166072,-0.8301205927100848,-0.8951190003998079
-0.699625049292117,1.0944561947631515,0.7479440346183013
1.9606497325166072,-0.8301205927100848,-0.939453174268199
-0.30840816961436346,-0.34897639584177576,-0.622260365093865
2.5530638646000625,-0.8301205927100848,-0.7776798441783855
-0.9790656776333695,2.5378887853680787,0.8953390996242274
-0.6660921738911667,-0.8301205927100848,-0.9416092001149386
-0.9678880524997194,0.1321678010265333,0.18811978694297915
0.41813746407289315,-0.8301205927100848,-0.9878281118096188
-0.5654935476883158,1.0944561947631515,-0.444181197143278
0.1163415854643404,1.5756003916314605,0.34105483889284577
0.37342696353829274,-0.8301205927100848,-0.6216892324192319
-0.6549145487575166,-0.8301205927100848,-1.0921597731482124
2.3518666121943608,-0.34897639584177576,0.15864934093191346
-0.9790656776333695,3.0190329822363875,0.27470350041735053
-0.9902433027670197,-0.8301205927100848,-0.8838819650264024
-0.38665154554991416,-0.8301205927100848,-0.9306006178113865
2.6089519902683134,-0.8301205927100848,-1.0482967837363937
-0.8896446765641687,-0.8301205927100848,-0.5377898425156359
-0.6102040482229162,-0.8301205927100848,-0.9468778990384286
0.5187360902757441,-0.8301205927100848,-0.8831966058168427
-0.9678880524997194,1.0944561947631515,0.42174160750163087
0.7087557175477958,-0.34897639584177576,-0.8485574091003478
1.6476762287744044,-0.8301205927100848,0.6506944184451576
-0.4425396712181647,2.0567445884997695,2.702488552064414
-0.6772697990248168,-0.34897639584177576,-0.3035540543317536
-0.20780954341151253,-0.8301205927100848,-0.9513755688511638
-0.8672894262968686,0.6133119978948424,-0.16799571400759747
-0.7666908000940176,2.0567445884997695,3.005074643085007
-0.9790656776333695,0.6133119978948424,1.470541094564045
2.038893108452158,-0.34897639584177576,-0.6053691162415924
-0.8002236754949679,1.0944561947631515,0.8170510882489013
0.5858018410776447,-0.8301205927100848,-1.0287640462639431
-0.9790656776333695,0.6133119978948424,2.8123173653963507
-0.08485566694136143,-0.8301205927100848,-0.5581792790000359
-0.9008223016978189,0.1321678010265333,2.727332823410952
-0.9343551770987691,0.1321678010265333,-0.14903410920977989
0.3510717132709925,0.1321678010265333,-0.1439224717718141
-0.34194104501531375,-0.34897639584177576,-0.24702619785994673
-1.0014209279006698,1.0944561947631515,0.4474140212263871
2.541886239466413,-0.8301205927100848,-0.47061036166192255
0.42931508920654327,0.1321678010265333,-0.2925169153944697
-1.0014209279006698,-0.34897639584177576,0.22184517138006132
-0.5096054220200653,-0.8301205927100848,-0.5635479261415868
-0.9790656776333695,-0.34897639584177576,0.17782512048271826
-0.9902433027670197,0.6133119978948424,0.1493827132859921
0.47402558974114367,-0.8301205927100848,-0.9919259887501111
-0.15192141774326204,-0.34897639584177576,-0.4670550607623319
1.591788103106154,-0.8301205927100848,-0.9328137569255895
1.4464789763687027,-0.8301205927100848,-0.5195707101948414
-0.6213816733565662,-0.34897639584177576,-0.2168418360055897
-0.18545429314421233,-0.34897639584177576,-0.27017134949945143
1.6476762287744044,-0.34897639584177576,0.7640499760429534
1.9494721073829573,-0.8301205927100848,-0.9877138852746922
-0.8002236754949679,-0.34897639584177576,-0.5505974927442822
-0.5766711728219659,-0.8301205927100848,-0.43241586404583693
1.390590850700452,0.1321678010265333,0.4099477177704586
0.9211305950871477,-0.34897639584177576,-0.7441115212268277
-0.051322791540411125,0.6133119978948424,2.335078902472968
-0.23016479367881273,-0.34897639584177576,1.1726240131585766
2.061248358719458,-0.8301205927100848,-0.9853008497243674
-0.587848797955616,0.6133119978948424,-0.3539850695018524
0.07163108492973999,-0.8301205927100848,-0.6378380087944816
-0.9008223016978189,0.6133119978948424,-0.5135452604774626
-0.6549145487575166,-0.8301205927100848,-0.9652826494784787
2.2959784865261104,0.6133119978948424,-0.33355279806685467
-0.06250041667406123,0.6133119978948424,-0.37273249954668247
-0.9231775519651191,2.0567445884997695,1.1276330367143574
-0.5654935476883158,-0.34897639584177576,-0.1555450217005968
-0.27487529421341317,-0.8301205927100848,-0.5106182055199683
-0.6772697990248168,1.5756003916314605,1.7760114055915353
-0.26369766907976305,-0.34897639584177576,0.06122838495637978
1.2341040988293506,-0.34897639584177576,0.28769676876525263
0.17222971113259092,-0.8301205927100848,-0.678202810574173
-0.8225789257622681,0.6133119978948424,-0.15578775308731596
1.4129461009677522,-0.8301205927100848,-0.8925489033639591
-0.35311867014896386,2.0567445884997695,-0.09005038223705102
-1.0014209279006698,-0.8301205927100848,-0.9422231677401691
-0.8337565508959183,-0.34897639584177576,-0.49089984992826197
1.6476762287744044,-0.8301205927100848,-0.6887116517874212
0.03809820952878969,-0.8301205927100848,-0.9406097179343308
-0.9008223016978189,1.5756003916314605,1.8032401558546658
0.1610520859989408,1.5756003916314605,1.5639498435002814
-0.43136204608451456,3.0190329822363875,2.0426446947439776
-0.01778991613946082,-0.8301205927100848,0.37119636579660553
-0.6772697990248168,1.0944561947631515,0.27681669131349285
-0.8896446765641687,1.5756003916314605,1.3981500280543049
-0.9902433027670197,0.6133119978948424,1.468941923075072
-0.5431382974210156,-0.8301205927100848,-0.9152799838143547
-0.9790656776333695,-0.8301205927100848,-1.028849716165138
1.7370972298436054,-0.34897639584177576,-0.25430813946151826
0.954663470488098,-0.8301205927100848,-0.18181712473371756
0.004565334127839384,0.1321678010265333,0.2578979214662729
0.2057625865335412,0.6133119978948424,0.28445559083671
-0.699625049292117,1.0944561947631515,2.0050784430699884
-0.4425396712181647,0.1321678010265333,1.0518722874242825
1.0329068464236488,0.1321678010265333,0.1644891725300365
-0.5431382974210156,1.0944561947631515,1.7670303442829305
-0.47607254661911497,0.6133119978948424,0.931249066541781
-0.7778684252276677,0.6133119978948424,-0.08051246657067904
-0.11838854234231173,-0.34897639584177576,-0.4564034363804253
2.620129615401963,-0.8301205927100848,-0.9475918148817198
-0.5431382974210156,3.9813213759730055,2.242184172943902
-0.6884474241584669,-0.34897639584177576,0.11398676577560846
1.0329068464236488,-0.8301205927100848,-0.8521412666336703
1.602965728239804,-0.34897639584177576,-0.7566907183856207
-0.9231775519651191,3.5001771791046967,2.5390589372181647
1.4353013512350525,-0.34897639584177576,1.260692671586994
0.21694021166719132,0.1321678010265333,0.947440677867628
2.0836036089867584,-0.8301205927100848,-0.961984358282473
2.5307086143327626,-0.8301205927100848,-0.7252355863302051
-0.9455328022324192,0.1321678010265333,1.561394024781298
-1.0014209279006698,1.0944561947631515,2.9544580097956525
1.8824063565810565,-0.34897639584177576,0.22638567614339405
0.5634465908103444,-0.8301205927100848,-0.9859290956664638
-0.4537172963518148,-0.34897639584177576,0.5039418776981938
-0.9343551770987691,2.5378887853680787,2.581122858704889
0.7087557175477958,-0.34897639584177576,-0.6804159496883759
0.19458496139989112,-0.34897639584177576,-0.40026109446399594
0.7981767186169966,0.1321678010265333,1.007666618407684
1.5023671020369531,-0.8301205927100848,-0.9968948430194187
-0.19663191827786244,-0.34897639584177576,-0.5319357326006471
-0.4537172963518148,0.6133119978948424,-0.3577259885206989
0.08280871006339009,0.1321678010265333,0.44153135467766647
1.1782159731611,-0.8301205927100848,-0.9658823387868436
-0.6772697990248168,-0.34897639584177576,-0.30735208661806335
-0.7890460503613178,0.6133119978948424,1.5699039016333307
-0.9343551770987691,0.1321678010265333,-0.9050709872552889
1.3570579752995016,-0.8301205927100848,-0.5481559005602259
-0.9231775519651191,1.5756003916314605,0.14385700465891726
-0.9008223016978189,1.0944561947631515,2.147661715292131
-0.9902433027670197,0.6133119978948424,0.33704263185354866
-0.5766711728219659,-0.8301205927100848,-0.9199632717463457
-0.8225789257622681,0.6133119978948424,0.7065226373905388
-0.811401300628618,-0.8301205927100848,-1.0955865691960107
0.28400596246909193,-0.8301205927100848,-0.24325672220736858
1.4688342266360028,-0.8301205927100848,-0.6097668378362668
-0.23016479367881273,0.1321678010265333,1.4970130940332869
-0.4537172963518148,-0.34897639584177576,1.831639728100795
-0.028967541273110922,1.5756003916314605,3.12011504207297
-0.9343551770987691,3.0190329822363875,2.2017479795798818
1.692386729309005,-0.8301205927100848,-0.7142698389772505
-0.4984277968864152,1.5756003916314605,1.1438103697233386
0.17222971113259092,-0.8301205927100848,-0.9859290956664638
-0.5207830471537154,1.5756003916314605,2.3853671344744094
-0.29723054448071334,-0.8301205927100848,-0.43110225889418086
1.289992224497601,-0.34897639584177576,-0.47506519652406043
-0.9008223016978189,1.0944561947631515,1.028384456179998
0.2616507122017917,-0.34897639584177576,-0.29334505777268755
1.6812091041753547,-0.8301205927100848,-0.8947620424781622
0.7981767186169966,-0.8301205927100848,-0.7122851529329006
0.36224933840464263,-0.34897639584177576,-0.49666828994205586
-0.7666908000940176,0.1321678010265333,0.04240956332722063
-0.26369766907976305,-0.8301205927100848,-0.564433181787268
-0.8337565508959183,2.5378887853680787,2.4868574107567034
-0.8449341760295683,-0.34897639584177576,-0.5078053770974004
-0.8337565508959183,0.6133119978948424,1.1485507709227933
0.7758214683496963,-0.34897639584177576,-0.3173897433747393
1.692386729309005,-0.8301205927100848,-0.7153264344253216
1.4241237261014024,-0.8301205927100848,-0.9649399698736989
-0.5207830471537154,2.5378887853680787,1.9368138101344723
-0.7890460503613178,0.6133119978948424,-0.2026777456746898
0.3957822138055929,2.5378887853680787,0.11340135478410962
-0.587848797955616,-0.8301205927100848,-1.0016638008526046
0.32871646300369234,-0.34897639584177576,0.3013753963227144
1.8824063565810565,-0.8301205927100848,-0.5724718741827283
-0.9119999268314689,-0.8301205927100848,-0.9666533678975981
2.038893108452158,-0.8301205927100848,-0.7532924789715539
0.8205319688842968,-0.8301205927100848,-1.084449482040666
0.731110967815096,0.6133119978948424,0.38330437849882637
1.379413225566802,-0.8301205927100848,-1.0279073472519935
-0.9567104273660694,-0.34897639584177576,-0.923647077497729
-0.12956616747596184,-0.34897639584177576,-0.15603048447403495
-0.5431382974210156,-0.8301205927100848,-0.8358354287728965
-0.811401300628618,0.1321678010265333,0.14517060981057323
-0.6660921738911667,0.6133119978948424,1.8669214490762522
-0.7778684252276677,-0.8301205927100848,-0.9409523975391106
2.5530638646000625,-0.8301205927100848,-0.9359549866360714
2.27362323625881,-0.8301205927100848,-1.0137718135548253
1.0440844715572988,-0.8301205927100848,-0.8209288659649738
1.1111502223591994,-0.34897639584177576,-0.27622535585056185
-0.5319606722873654,-0.34897639584177576,-0.6602406879569632
-0.4425396712181647,-0.8301205927100848,-0.8678759718198109
-0.7331579246930673,-0.8301205927100848,-0.27845277328163065
-0.5990264230892661,0.1321678010265333,0.6242224189759156
-0.9231775519651191,0.1321678010265333,-0.8686898358811631
2.2959784865261104,-0.8301205927100848,-0.9539456658870127
-0.6549145487575166,0.1321678010265333,1.309453123683791
-0.29723054448071334,-0.34897639584177576,0.3326163536251426
1.4129461009677522,-0.8301205927100848,-1.0602477349530903
-0.29723054448071334,-0.34897639584177576,-0.4605013133209175
0.6416899667458952,-0.8301205927100848,-0.3366940277773366
0.42931508920654327,0.6133119978948424,0.9499393833191476
-0.6437369236238665,1.5756003916314605,0.9121161219415734
0.3063612127363921,-0.8301205927100848,-0.9334562811845518
0.17222971113259092,1.5756003916314605,1.9236063670335828
-0.9008223016978189,2.0567445884997695,2.553708490322503
-0.23016479367881273,1.5756003916314605,1.7832790688762412
0.004565334127839384,3.0190329822363875,0.4137314717399024
2.452465238397212,-0.8301205927100848,0.36051618478096736
-0.5431382974210156,-0.34897639584177576,-0.05779566443714926
0.004565334127839384,2.0567445884997695,0.9801665801241023
-0.7778684252276677,-0.34897639584177576,-0.4573172486598382
-0.9790656776333695,0.1321678010265333,1.6087980367758419
-0.9008223016978189,1.5756003916314605,0.3445101915743759
0.08280871006339009,-0.8301205927100848,-0.6039555628718756
-0.38665154554991416,-0.34897639584177576,0.003715324620831008
1.4129461009677522,-0.8301205927100848,-0.7786079347746642
-0.8225789257622681,-0.8301205927100848,-0.6973928684418437
-0.46489492148546485,-0.34897639584177576,-0.6384805330534438
-0.9455328022324192,1.0944561947631515,0.5904827562219676
2.363044237328011,-0.8301205927100848,-0.4856739859553695
-0.9119999268314689,1.5756003916314605,2.053210649224689
-0.7778684252276677,1.5756003916314605,0.8028584412842698
0.08280871006339009,-0.8301205927100848,-1.0301062080493308
2.3965771127289615,-0.8301205927100848,-0.9689378985961304
2.5530638646000625,-0.8301205927100848,2.642533899544808
-0.9343551770987691,1.0944561947631515,2.2091013127657826
-1.0125985530343198,0.6133119978948424,1.2884497195741607
1.2676369742303009,-0.34897639584177576,1.1127264739064346
-0.42018442095086445,0.6133119978948424,0.8705376632282871
-1.0125985530343198,0.6133119978948424,0.2853408464823913
-0.811401300628618,1.0944561947631515,0.5036277547271456
-0.9231775519651191,-0.34897639584177576,-0.6213322744975862
-0.811401300628618,0.6133119978948424,0.10750440991852316
0.9993739710226984,0.1321678010265333,-0.46726923551531924
-0.35311867014896386,-0.34897639584177576,-0.23788807506581786
-0.9008223016978189,-0.34897639584177576,-0.7873890996471475
1.0999725972255494,-0.8301205927100848,-0.9860290438845245
-0.9678880524997194,3.0190329822363875,3.1508990932356924
2.452465238397212,-0.8301205927100848,-0.9950101051931295
0.7087557175477958,-0.8301205927100848,1.4669715153475882
0.2057625865335412,0.1321678010265333,-0.5371044833060763
0.6305123416122451,0.1321678010265333,1.8455468087281097
-0.28605291934706323,3.9813213759730055,1.6706517054386019
0.07163108492973999,0.1321678010265333,-0.4010606802084821
1.7370972298436054,0.1321678010265333,0.32544863855849776
-0.699625049292117,2.0567445884997695,2.0873358265340145
-0.8225789257622681,0.6133119978948424,-0.3059099766146149
-0.8896446765641687,-0.34897639584177576,-0.49876720252133233
0.1386968357316406,2.5378887853680787,1.488032032724682
-0.19663191827786244,-0.34897639584177576,-0.8226708206226045
-0.5096054220200653,-0.8301205927100848,-0.3753025965825313
-0.21898716854516265,0.1321678010265333,0.16468906896615806
1.8488734811801062,-0.8301205927100848,-0.881697382545931
-0.8002236754949679,0.6133119978948424,0.7126194786922466
1.815340605779156,-0.34897639584177576,-0.7057171271746204
-0.9008223016978189,-0.8301205927100848,-0.7588324659154947
0.8205319688842968,-0.34897639584177576,-0.24843975122966355
-0.8225789257622681,1.5756003916314605,1.7309633158798527
2.1283141095213587,-0.8301205927100848,-0.9615131738259006
-0.46489492148546485,-0.8301205927100848,-0.6976213215116968
-0.587848797955616,-0.8301205927100848,-0.9248178994807269
-0.7219802995594172,1.5756003916314605,0.5068403760219565
-0.26369766907976305,-0.8301205927100848,0.3623438093397931
1.289992224497601,-0.8301205927100848,-0.4956402511277163
0.9323082202207978,-0.34897639584177576,-0.6704782411497608
-0.9455328022324192,1.0944561947631515,2.2455966906748346
-0.7331579246930673,-0.8301205927100848,-0.9580007078769075
-0.4537172963518148,-0.34897639584177576,-0.9805033352574499
2.463642863530862,-0.34897639584177576,-0.3879389070087876
2.4301099881299115,-0.8301205927100848,-0.47852054920559045
-0.5431382974210156,1.0944561947631515,1.6374546187255554
-0.7331579246930673,0.1321678010265333,-0.0029526493555098706
-0.040145166406761024,0.1321678010265333,-0.6477471606993651
1.0329068464236488,-0.34897639584177576,-0.7985833000699554
-0.8002236754949679,3.9813213759730055,2.3121193689527195
-0.4984277968864152,0.6133119978948424,-0.19596693674775148
-0.8337565508959183,1.0944561947631515,1.642209298241876
-0.7555131749603675,1.5756003916314605,0.7958335093862833
-0.7778684252276677,-0.34897639584177576,-0.7745386144679038
-0.9008223016978189,1.0944561947631515,0.7200584817793423
1.077617346958249,-0.34897639584177576,-0.7642153913739113
0.1051639603306903,0.1321678010265333,-0.5067630599661951
-0.34194104501531375,0.1321678010265333,0.2565700379977511
-0.8225789257622681,1.5756003916314605,1.808180453490242
-0.6549145487575166,-0.34897639584177576,-0.6854419172251469
-0.30840816961436346,-0.8301205927100848,-0.9082978868669657
-1.0014209279006698,-0.34897639584177576,-0.770897643667118
-0.7555131749603675,0.6133119978948424,0.2342101937858668
0.183407336266241,-0.8301205927100848,-0.8130329567381717
-0.6660921738911667,3.0190329822363875,1.4754100006152915
-0.6102040482229162,-0.8301205927100848,-0.6372240411692511
-0.35311867014896386,0.1321678010265333,-0.33111120588279846
-0.7331579246930673,1.5756003916314605,2.929342450428664
1.6141433533734542,0.6133119978948424,0.17468389077223656
-0.7443355498267175,2.0567445884997695,1.6266030979075274
-0.35311867014896386,0.1321678010265333,2.918962114067208
1.8824063565810565,-0.8301205927100848,-0.9131810712350782
-0.37547392041626404,-0.8301205927100848,-0.6495890635750567
-0.29723054448071334,-0.34897639584177576,-0.6029132457406702
-0.8449341760295683,-0.34897639584177576,-0.38983792315194254
-0.9119999268314689,0.1321678010265333,0.2029692364834386
-0.364296295282614,2.5378887853680787,0.9178702836385014
1.055262096690949,-0.8301205927100848,-1.0098452764167232
-0.7555131749603675,-0.34897639584177576,1.704534151361208
-0.9678880524997194,1.0944561947631515,2.5178699149892783
0.6640452170131954,-0.34897639584177576,-0.2251803730552324
2.452465238397212,-0.8301205927100848,-0.7442828610292176
-0.9008223016978189,-0.34897639584177576,-0.07587201358928546
-0.8225789257622681,-0.34897639584177576,-0.8913638030640955
0.6752228421468455,-0.8301205927100848,-0.9227903784857794
-0.811401300628618,1.0944561947631515,0.06962403527348571
-0.9119999268314689,0.6133119978948424,2.0974591531918856
-0.38665154554991416,-0.34897639584177576,-0.7110143827318419
-0.07367804180771133,-0.8301205927100848,-0.03159495298835775
-0.17427666801056224,0.1321678010265333,0.385874475534675
0.21694021166719132,-0.8301205927100848,0.8873860771299622
-0.38665154554991416,-0.34897639584177576,1.027827601822231
-1.0125985530343198,-0.8301205927100848,-0.832594250844354
2.1171364843877085,-0.34897639584177576,-0.8459159204801701
-0.9902433027670197,2.0567445884997695,2.847142180232101
0.9881963458890484,3.0190329822363875,1.1841180582355666
-0.8784670514305186,0.6133119978948424,0.07025228121558215
-0.9902433027670197,-0.8301205927100848,-0.91649364074795
-0.8337565508959183,-0.8301205927100848,-0.9593714262960267
-0.5654935476883158,-0.8301205927100848,-0.9943390243004356
-0.9567104273660694,1.0944561947631515,0.25194386333322333
0.8652424694188972,0.6133119978948424,0.31776690408468294
-0.46489492148546485,-0.8301205927100848,-0.933027931678577
2.0724259838531083,-0.8301205927100848,-0.818358768929125
-0.811401300628618,3.0190329822363875,1.0991192379333021
-0.8561118011632184,0.6133119978948424,0.7277687728868887
-0.6325592984902164,0.1321678010265333,-0.36062448684446163
-0.7778684252276677,0.1321678010265333,-0.2760825726819035
-0.9455328022324192,-0.34897639584177576,-0.6384948113703096
-0.8002236754949679,1.5756003916314605,1.3280149356093653
-0.9008223016978189,-0.34897639584177576,0.07957602212896676
-0.5319606722873654,-0.8301205927100848,-0.8403330985856319
2.3965771127289615,-0.8301205927100848,-0.5956598607728303
-0.9008223016978189,-0.8301205927100848,-0.8517700303951588
2.050070733585808,-0.8301205927100848,-0.2148999849118373
-0.9790656776333695,0.6133119978948424,1.3916248372466222
-0.21898716854516265,0.6133119978948424,-0.29834246867572695
1.692386729309005,0.1321678010265333,-0.5774550067689016
-0.9231775519651191,0.1321678010265333,-0.36704972943408354
1.7259196047099552,-0.8301205927100848,-0.5940749676007236
1.278814599363951,-0.34897639584177576,-0.567888534468798
-1.0125985530343198,1.0944561947631515,1.3962081769605525
1.0440844715572988,-0.8301205927100848,-0.6995346159717175
-0.6660921738911667,1.0944561947631515,0.10878945843644766
-0.38665154554991416,-0.34897639584177576,-0.8347931116416912
1.16703834802745,-0.34897639584177576,0.12725132214396115
-0.7555131749603675,0.6133119978948424,2.8281948537511497
-0.0066122910058107175,-0.34897639584177576,-0.19782311794030885
-0.9790656776333695,-0.34897639584177576,0.2066815988685535
-0.4537172963518148,0.1321678010265333,0.28052905369860776
1.915939231982007,-0.8301205927100848,-0.9936965000414735
1.9494721073829573,-0.8301205927100848,-0.6648097493540277
-0.6213816733565662,-0.34897639584177576,-0.28650574399395673
-0.4537172963518148,-0.8301205927100848,-0.523882761888321
-0.4425396712181647,1.5756003916314605,3.1040804922326477
-0.7555131749603675,1.5756003916314605,1.851715041614147
-0.7778684252276677,-0.8301205927100848,-0.9995506099564622
-0.364296295282614,-0.8301205927100848,-1.0200257163420574
0.8764200945525473,-0.34897639584177576,-0.1666249955884781
-0.26369766907976305,-0.34897639584177576,0.028916553889014603
0.731110967815096,-0.34897639584177576,-0.30472487631475126
1.2229264736957004,-0.8301205927100848,-0.8202435067554141
-0.9678880524997194,0.6133119978948424,0.8453935472275665
-0.27487529421341317,-0.34897639584177576,-0.2238239329529788
-0.16309904287691213,-0.8301205927100848,-0.9942390760823747
-1.0125985530343198,2.0567445884997695,1.593663020898066
-0.9343551770987691,0.6133119978948424,1.6016303217091972
0.8652424694188972,-0.34897639584177576,-0.7416984856765031
-0.8225789257622681,0.6133119978948424,0.05384649513674758
-0.9678880524997194,-0.34897639584177576,-0.804380296717481
-0.9231775519651191,3.0190329822363875,2.4550453207796417
-0.051322791540411125,-0.34897639584177576,-0.7492802719322568
-0.7219802995594172,-0.8301205927100848,-1.0031344674897846
-0.699625049292117,0.6133119978948424,-0.09871732057460772
-0.8002236754949679,-0.34897639584177576,-0.24882526578504086
-0.34194104501531375,1.0944561947631515,1.4638017290033747
-0.7555131749603675,-0.8301205927100848,-0.8784847612511201
1.6812091041753547,0.1321678010265333,0.640713874955945
2.105958859254059,-0.34897639584177576,-0.5963309416655243
1.602965728239804,-0.34897639584177576,-0.06419235039303951
-0.9902433027670197,1.0944561947631515,1.3220180425257184
-0.8449341760295683,-0.8301205927100848,-0.3057671934459566
-0.6772697990248168,1.5756003916314605,2.4811889189609704
-0.23016479367881273,0.1321678010265333,-0.44485227803597177
1.077617346958249,-0.34897639584177576,-1.0830216503540835
-0.7331579246930673,1.0944561947631515,0.5582851516895291
0.17222971113259092,-0.8301205927100848,-0.2600480228415804
1.3123474747649013,-0.8301205927100848,-0.996209483809859
-0.5319606722873654,-0.34897639584177576,-0.6503172577352139
-0.6772697990248168,1.0944561947631515,1.861638471835896
0.5075584651420939,0.6133119978948424,-0.31263506385841916
1.9382944822493071,-0.8301205927100848,-0.9103967994462422
-0.9790656776333695,2.0567445884997695,1.811121786764602
1.4129461009677522,-0.34897639584177576,-0.8879655636500288
-1.0014209279006698,1.0944561947631515,0.5807877790700715
1.3682356004331517,-0.8301205927100848,-1.001449626099617
-0.6660921738911667,0.1321678010265333,1.9769644371611759
-0.9008223016978189,3.0190329822363875,2.449562447103165
-0.8561118011632184,-0.8301205927100848,-0.7029756903363817
-0.9008223016978189,3.0190329822363875,0.9758545284306227
1.2005712234284003,-0.8301205927100848,-0.9016870261580879
-0.9902433027670197,0.1321678010265333,0.4509978787597092
-0.8672894262968686,0.6133119978948424,-0.3013123585838188
-0.9119999268314689,3.9813213759730055,2.8972305157974203
-0.699625049292117,0.1321678010265333,0.1521527067579625
-0.9231775519651191,3.9813213759730055,2.6439046179639276
-0.7555131749603675,-0.8301205927100848,-0.9285445401827074
-0.7443355498267175,0.6133119978948424,0.08120375025167095
-0.5431382974210156,-0.34897639584177576,-0.7181963761153527
-1.0014209279006698,1.0944561947631515,1.101332377047505
-0.9567104273660694,0.1321678010265333,-0.2094599461859575
0.619334716478595,-0.8301205927100848,-0.8996595051631405
-0.9119999268314689,1.5756003916314605,0.4452722736965131
-0.7443355498267175,-0.8301205927100848,-0.2212110009665325
2.038893108452158,-0.8301205927100848,-0.773781863674015
-1.0125985530343198,2.5378887853680787,1.5521416754522426
-0.4984277968864152,0.1321678010265333,-0.6146643005212453
-0.9343551770987691,2.5378887853680787,2.701431956616343
-0.9790656776333695,0.1321678010265333,0.5055124925534346
-0.5431382974210156,2.0567445884997695,0.7195444623721727
1.1782159731611,0.1321678010265333,0.9105312287694668
-0.8896446765641687,1.5756003916314605,0.8421809259327556
-0.8449341760295683,2.0567445884997695,0.41331740055079347
0.23929546193449153,1.0944561947631515,0.5850569958129536
1.7594524801109055,-0.8301205927100848,-0.6886545385199578
-0.699625049292117,1.0944561947631515,0.8641838122229942
-0.5319606722873654,-0.8301205927100848,-0.6009285596963203
-0.051322791540411125,-0.8301205927100848,-0.3531854837573662
-0.5207830471537154,-0.34897639584177576,-0.24624089043232633
-0.8561118011632184,-0.8301205927100848,-0.10215839493927184
-0.18545429314421233,-0.8301205927100848,-0.55686567384838
0.5969794662112947,0.6133119978948424,0.9617189947334545
-0.9678880524997194,0.1321678010265333,1.1643425893763972
2.2959784865261104,-0.8301205927100848,-1.0299063116132092
-0.364296295282614,-0.34897639584177576,-0.7918867694598829
1.927116857115657,-0.8301205927100848,-0.7281769196045654
-0.4984277968864152,-0.8301205927100848,-0.7599033396804318
-0.699625049292117,0.1321678010265333,-0.7944425881788657
-0.9343551770987691,1.5756003916314605,2.3742871605865274
-0.8337565508959183,-0.34897639584177576,-0.882268515220564
1.5694328528388537,-0.34897639584177576,0.09411134869837798
0.2281178368008414,-0.8301205927100848,-0.9584290573828822
-0.37547392041626404,0.1321678010265333,0.28755398559659434
-0.4537172963518148,3.9813213759730055,2.466996271996339
0.3957822138055929,-0.34897639584177576,-0.11372383160059128
2.1171364843877085,0.1321678010265333,-0.6059116922824938
-0.4090067958172144,-0.34897639584177576,-0.5180572086070638
2.5530638646000625,-0.8301205927100848,-0.8715597775711942
-0.7331579246930673,-0.34897639584177576,-0.7432119872642806
-0.9119999268314689,-0.34897639584177576,-1.0467547255148844
-0.9455328022324192,-0.34897639584177576,-0.18714293692467082
-0.699625049292117,-0.8301205927100848,-0.8750722435201875
-0.8337565508959183,0.6133119978948424,-0.09344862165111786
-0.30840816961436346,-0.8301205927100848,-1.1484163415995685
-0.7890460503613178,-0.8301205927100848,-0.8303097201458217
-0.9902433027670197,2.0567445884997695,0.727340423380914
0.8317095940179469,-0.8301205927100848,-0.9695804228550925
-0.43136204608451456,0.1321678010265333,-0.9091974208295127
-0.4537172963518148,-0.8301205927100848,-0.9320998410822982
-0.34194104501531375,-0.8301205927100848,-0.8869232465188234
0.7869990934833465,0.1321678010265333,0.05003418453357182
-0.9231775519651191,-0.8301205927100848,-0.652858798137331
-0.8561118011632184,0.6133119978948424,-0.37710166450762544
-0.18545429314421233,-0.8301205927100848,-0.8811405281881638
-0.5766711728219659,2.5378887853680787,2.7244343250871887
-0.5654935476883158,3.9813213759730055,1.8202313529249994
-0.6102040482229162,-0.34897639584177576,-0.045701930051794244
1.1782159731611,-0.8301205927100848,-0.7691128540588896
1.2117488485620505,-0.34897639584177576,0.4281097368237895
-0.19663191827786244,0.1321678010265333,-0.21804121462231918
-0.30840816961436346,-0.34897639584177576,-0.7687987310878416
-0.7890460503613178,0.6133119978948424,-0.4329441617698725
0.9881963458890484,0.1321678010265333,-0.6983209590381223
-0.9119999268314689,0.6133119978948424,0.4529111732197301
1.1782159731611,0.1321678010265333,1.897948231625693
-0.699625049292117,0.6133119978948424,-0.16128490508065915
-0.43136204608451456,-0.8301205927100848,-0.8875800490946515
-0.8225789257622681,1.5756003916314605,1.2990299523717377
-0.9119999268314689,0.1321678010265333,-1.010987541765989
-0.01778991613946082,0.6133119978948424,1.1979394689616867
1.9718273576502574,-0.8301205927100848,-1.0675296765546618
-0.5319606722873654,0.6133119978948424,2.8759129887167414
0.6416899667458952,-0.8301205927100848,-0.7154977742277115
2.463642863530862,-0.8301205927100848,-0.6921527261520853
-0.7666908000940176,-0.34897639584177576,-0.42714716512234696
-0.37547392041626404,1.5756003916314605,2.8930469689557334
-0.7555131749603675,-0.34897639584177576,-0.47790658158035987
-0.15192141774326204,2.0567445884997695,2.7550327581306555
0.3063612127363921,-0.34897639584177576,-0.23538936961429824
-0.6213816733565662,0.1321678010265333,0.6853907284291157
-0.35311867014896386,-0.34897639584177576,0.5177490101074477
-0.8784670514305186,0.6133119978948424,0.7756439693380046
-0.811401300628618,-0.8301205927100848,-0.9140806051976255
-0.4425396712181647,-0.8301205927100848,-0.9776619502011504
-0.7331579246930673,-0.34897639584177576,0.0438231166969373
-0.699625049292117,-0.8301205927100848,-0.7763805173435954
-0.9455328022324192,-0.34897639584177576,-1.0827360840167668
1.055262096690949,0.1321678010265333,-0.1431086077104621
-0.9902433027670197,2.5378887853680787,3.0599604931172446
-0.9231775519651191,-0.34897639584177576,-0.12715972777133389
1.9047616068483568,-0.8301205927100848,-0.6900109786222114
-0.9902433027670197,0.6133119978948424,-0.44152543020623414
1.3235250998985513,-0.8301205927100848,-0.41525332717311364
0.183407336266241,-0.34897639584177576,0.934961428926896
-0.8784670514305186,3.0190329822363875,0.9503391761913907
-0.16309904287691213,0.1321678010265333,-0.17122261361927424
-0.8002236754949679,-0.8301205927100848,-0.7926006853031742
-0.7219802995594172,-0.34897639584177576,-0.3152765524785969
-0.811401300628618,1.5756003916314605,-0.06984656387190667
0.45167033947384344,-0.8301205927100848,-0.06452075168095356
1.804162980645506,-0.8301205927100848,-0.6363958987910331
-0.14074379260961192,-0.8301205927100848,1.5013537023604981
1.289992224497601,-0.8301205927100848,-0.6301134393700696
1.815340605779156,-0.8301205927100848,-0.9778618466372719
0.6305123416122451,-0.34897639584177576,-0.36570756764869594
-0.9119999268314689,-0.34897639584177576,0.6101725551799424
-0.07367804180771133,-0.8301205927100848,-0.22096826957981353
1.2676369742303009,-0.34897639584177576,-0.4879442383370358
-0.9343551770987691,0.6133119978948424,0.7936917618564093
-0.7666908000940176,1.5756003916314605,0.6550921400398321
-0.9008223016978189,3.0190329822363875,0.872093999766662
-0.7331579246930673,-0.8301205927100848,-0.6822864091977993
-0.7890460503613178,1.0944561947631515,2.833991850398675
-1.0014209279006698,-0.34897639584177576,0.3068868266329234
0.742288592948746,-0.34897639584177576,-0.2775104043684862
-0.19663191827786244,-0.8301205927100848,-0.7606172555237231
-0.9902433027670197,0.6133119978948424,-0.5370902049892103
-0.8337565508959183,-0.34897639584177576,0.08187483114436483
-0.6213816733565662,0.6133119978948424,0.5952945490057512
-0.0066122910058107175,-0.34897639584177576,-0.7182392110659501
-0.23016479367881273,0.6133119978948424,0.65462095558326
0.2728283373354418,-0.34897639584177576,1.14175429209466
1.3570579752995016,-0.34897639584177576,0.23882209013352876
-0.6884474241584669,-0.34897639584177576,0.7218575497044364
-0.4537172963518148,-0.8301205927100848,-0.08768018163732388
1.7259196047099552,-0.8301205927100848,-0.7145696836314328
-0.6660921738911667,-0.8301205927100848,-0.837605940064259
0.19458496139989112,0.1321678010265333,2.2166402640709384
-0.9678880524997194,1.0944561947631515,0.6384864575248761
-0.10721091720866163,-0.34897639584177576,1.5426751513702
2.2959784865261104,-0.8301205927100848,1.3909965913045257
-0.38665154554991416,0.1321678010265333,1.1585027577782743
-0.8672894262968686,-0.8301205927100848,-1.0132006808801923
-0.21898716854516265,-0.34897639584177576,-0.7420268869644171
-0.7666908000940176,1.5756003916314605,0.4161587856070929
-0.811401300628618,-0.8301205927100848,-0.6272577759969042
-0.14074379260961192,-0.8301205927100848,-0.7122280396654372
-0.7443355498267175,-0.8301205927100848,-0.7493802201503175
-0.8896446765641687,-0.8301205927100848,-0.7362727252674889
1.804162980645506,-0.8301205927100848,-1.073755022708162
0.619334716478595,0.1321678010265333,-0.4665838763057596
-0.30840816961436346,0.6133119978948424,-0.16432618657308018
-0.9343551770987691,-0.34897639584177576,-0.8413325807662397
2.0053602330512077,-0.8301205927100848,-0.97636262336636
-0.9119999268314689,1.0944561947631515,0.9449848073667058
1.7370972298436054,-0.8301205927100848,-0.8628357259661743
0.04927583466243979,-0.34897639584177576,-0.3061527080013339
-0.8561118011632184,-0.8301205927100848,-0.8959471427780258
-0.46489492148546485,-0.8301205927100848,-0.4950405618193516
-0.6884474241584669,-0.8301205927100848,-0.9465352194336487
-0.26369766907976305,0.6133119978948424,1.1159248168843796
-0.6325592984902164,0.1321678010265333,0.4104617371776282
0.40695983893924303,-0.8301205927100848,-0.993396655387291
0.17222971113259092,0.1321678010265333,0.7195444623721727
-0.6102040482229162,-0.8301205927100848,-1.028849716165138
-0.38665154554991416,-0.8301205927100848,-0.7575616957144361
-0.38665154554991416,2.0567445884997695,-0.02805393040563277
-0.21898716854516265,1.0944561947631515,1.5861240695929097
1.7259196047099552,-0.8301205927100848,-1.0114587262225614
-0.811401300628618,-0.34897639584177576,-0.8683185996426517
1.18939359829475,-0.34897639584177576,-0.7403277672573837
-0.8449341760295683,-0.34897639584177576,-0.6912246355558066
1.3458803501658516,-0.8301205927100848,-0.6796020856270238
-0.587848797955616,-0.34897639584177576,-0.8260405034029396
-0.5096054220200653,0.1321678010265333,-0.377387230844942
0.8764200945525473,-0.34897639584177576,-0.5649043662438402
-0.4872501717527651,-0.8301205927100848,-0.45688889915386344
0.2728283373354418,0.6133119978948424,1.186888051707537
0.619334716478595,-0.8301205927100848,0.5857851899731107
-0.4537172963518148,-0.8301205927100848,-0.4713671124558114
0.7534662180823962,-0.8301205927100848,-0.9332278281146986
-0.8896446765641687,0.1321678010265333,0.6409851629763957
-0.6213816733565662,-0.8301205927100848,-0.7161545768035396
-0.42018442095086445,-0.34897639584177576,-0.5789399517229477
-0.5431382974210156,-0.34897639584177576,-0.7893595073746315
0.9099529699534976,-0.8301205927100848,-0.9144803980698685
-0.6437369236238665,-0.8301205927100848,-0.9779617948553326
-0.587848797955616,0.1321678010265333,-0.44876453685720813
1.9606497325166072,-0.8301205927100848,-0.7962987693714233
-0.9231775519651191,3.0190329822363875,1.5153036179384105
-0.8896446765641687,0.6133119978948424,0.059800553269797135
-0.9119999268314689,3.5001771791046967,1.1792777088180517
-0.6549145487575166,-0.8301205927100848,-0.6404509407809279
-0.12956616747596184,0.1321678010265333,-0.48761583704912187
-0.6772697990248168,0.6133119978948424,0.36501385459370245
-0.9343551770987691,0.6133119978948424,-0.2618328124498087
-0.21898716854516265,-0.34897639584177576,-0.4172522915343293
-0.9790656776333695,0.6133119978948424,-0.224623518697465
-0.9678880524997194,3.5001771791046967,2.493953734239019
-0.01778991613946082,-0.8301205927100848,-0.7964129959063497
-0.21898716854516265,0.1321678010265333,-0.5439295187679413
-0.364296295282614,1.5756003916314605,-0.17814759729920007
0.8764200945525473,-0.8301205927100848,-0.9003591426895661
1.2005712234284003,-0.8301205927100848,-0.9631837368992022
-0.6772697990248168,-0.8301205927100848,-0.39052328236150224
0.6752228421468455,-0.34897639584177576,-0.10687023950499466
1.9941826079175575,-0.8301205927100848,-0.6666373739128535
-0.29723054448071334,0.6133119978948424,-0.6132650254683943
2.038893108452158,-0.8301205927100848,-0.9842585325931621
-0.7443355498267175,0.1321678010265333,1.32385994540141
-0.7666908000940176,0.1321678010265333,0.8179363438945827
2.541886239466413,-0.8301205927100848,-0.8606654218025687
-0.9678880524997194,0.1321678010265333,-0.16642509915235654
-0.8896446765641687,-0.34897639584177576,-0.7259209455397647
2.050070733585808,-0.34897639584177576,0.969486399108464
-0.7443355498267175,3.9813213759730055,1.8448043362510866
-0.5654935476883158,3.0190329822363875,0.7527701057189508
-0.9343551770987691,0.6133119978948424,-0.7371294242794385
-0.23016479367881273,0.6133119978948424,0.25322891185114765
1.3570579752995016,-0.8301205927100848,-0.6278289086715374
-0.43136204608451456,-0.8301205927100848,0.11862721875700205
-0.15192141774326204,0.1321678010265333,1.333954715425549
-0.5096054220200653,-0.34897639584177576,-0.3671639559690102
0.9770187207553982,-0.8301205927100848,0.4269531931576576
0.026920584395139585,-0.34897639584177576,0.24496176638583422
-0.9119999268314689,0.1321678010265333,0.3325449620408135
0.14987446086529072,-0.8301205927100848,-0.10685596118812885
-0.15192141774326204,-0.8301205927100848,-0.05351216937740133
0.9099529699534976,-0.8301205927100848,0.10043664306993917
1.3570579752995016,0.6133119978948424,0.12151143876389896
-0.7778684252276677,1.0944561947631515,-0.43649946266946327
1.8488734811801062,-0.8301205927100848,-1.0313341432997918
2.1283141095213587,-0.8301205927100848,-0.7190102401767048
-0.7890460503613178,-0.34897639584177576,0.4991158065975443
-0.9119999268314689,1.5756003916314605,2.299283162090342
2.4189323629962614,-0.8301205927100848,-0.612808119328688
-0.26369766907976305,-0.8301205927100848,-0.4708959279992392
1.379413225566802,-0.34897639584177576,-0.5035932736219816
0.1386968357316406,0.6133119978948424,0.7997172115737878
-0.5431382974210156,-0.8301205927100848,-0.8440169043370152
-0.9790656776333695,-0.8301205927100848,-0.803052413248959
-0.08485566694136143,-0.8301205927100848,-0.5711725473479381
-0.9231775519651191,-0.34897639584177576,-0.7038895026157946
-0.6772697990248168,-0.34897639584177576,-0.15298920298161392
1.1782159731611,-0.34897639584177576,0.261338995830937
-0.8225789257622681,2.0567445884997695,2.1252162011790516
-0.8225789257622681,1.0944561947631515,0.8738502327411587
2.452465238397212,1.5756003916314605,-0.7010766741932268
0.5634465908103444,0.6133119978948424,0.6992692524226991
1.7259196047099552,-0.8301205927100848,-0.46484192164812876
-0.7555131749603675,0.6133119978948424,0.26499424494858864
-0.699625049292117,0.1321678010265333,1.0808287140281785
-0.6884474241584669,3.5001771791046967,2.784346142656197
-0.8225789257622681,-0.8301205927100848,-0.6716490631327585
-0.8225789257622681,0.6133119978948424,0.7742304159682878
-0.8561118011632184,1.0944561947631515,1.058411756548831
0.47402558974114367,-0.8301205927100848,-0.8077357011809502
1.7259196047099552,-0.8301205927100848,-0.7768945367507651
0.47402558974114367,-0.8301205927100848,-0.6449343322767973
-0.46489492148546485,-0.34897639584177576,-0.5037217784737741
0.25047308706814164,0.1321678010265333,1.1754939548486076
-0.9455328022324192,-0.34897639584177576,1.982975608561689
-0.7666908000940176,-0.34897639584177576,-0.894276579704724
-0.28605291934706323,-0.8301205927100848,-0.5768124825099396
-0.35311867014896386,0.6133119978948424,0.9430715129066852
0.8764200945525473,-0.8301205927100848,-0.685927379998585
-0.8225789257622681,1.0944561947631515,0.2390505432033821
0.40695983893924303,0.1321678010265333,0.245461507476138
-0.8561118011632184,2.5378887853680787,0.8245472046034601
1.6476762287744044,-0.8301205927100848,-0.9587289020370646
-0.9902433027670197,0.6133119978948424,0.6799221330695043
1.6588538539080546,-0.34897639584177576,-0.9017441394255512
-0.4425396712181647,2.0567445884997695,2.2042038500808037
-0.5096054220200653,-0.8301205927100848,-0.4451521226901541
1.5023671020369531,-0.8301205927100848,-0.7868179669725144
-0.9790656776333695,0.6133119978948424,0.5486044528544988
0.8205319688842968,-0.34897639584177576,0.7376922031086381
1.6588538539080546,-0.8301205927100848,-0.2670158414721037
-0.9008223016978189,-0.8301205927100848,-0.7270774892058967
0.47402558974114367,-0.8301205927100848,-0.41365415568414093
-0.6772697990248168,-0.8301205927100848,-0.687155315249046
-0.18545429314421233,-0.8301205927100848,-0.7941998567921468
-1.0125985530343198,0.1321678010265333,0.2155769902759634
-0.9790656776333695,0.1321678010265333,1.6071131953856743
-0.5207830471537154,-0.8301205927100848,-0.5841372590621084
-0.8225789257622681,-0.34897639584177576,-0.7225369844425639
-0.25252004394611294,0.1321678010265333,0.020092554065933948
2.5642414897337127,-0.8301205927100848,-0.9305292262270574
-0.7331579246930673,-0.8301205927100848,-1.0051191535341346
-0.9231775519651191,1.0944561947631515,1.1616011525381584
2.586596740001013,-0.8301205927100848,-0.9634407466027872
-0.21898716854516265,-0.8301205927100848,-0.8372347038257476
1.8824063565810565,-0.8301205927100848,-1.099441714749784
-0.8225789257622681,1.0944561947631515,1.9938842426471801
-0.28605291934706323,0.1321678010265333,-0.17280750679138115
0.6975780924141457,-0.34897639584177576,-0.2679439320683824
-0.699625049292117,-0.34897639584177576,-0.5829949937128424
-0.24134241881246285,-0.8301205927100848,-0.7137558195700807
-0.8672894262968686,-0.34897639584177576,-0.5698446638794161
0.3175388378700422,0.1321678010265333,0.3338442888756035
-0.34194104501531375,-0.8301205927100848,-0.4443239803119362
-0.9008223016978189,0.1321678010265333,0.3842324690951052
0.004565334127839384,-0.34897639584177576,-0.8807835702665181
-0.364296295282614,0.6133119978948424,0.6542211627110168
-0.051322791540411125,1.0944561947631515,0.608302095670519
-0.7331579246930673,1.5756003916314605,1.4525218586793718
-0.07367804180771133,-0.34897639584177576,-0.22455212711313594
-0.9119999268314689,0.6133119978948424,-0.5571512401856966
-1.0125985530343198,1.0944561947631515,0.08511600907290741
1.491189476903303,-0.8301205927100848,-0.6843996000939415
-0.35311867014896386,-0.34897639584177576,0.11979804073999988
1.6700314790417046,-0.8301205927100848,-1.011915632362268
2.541886239466413,-0.34897639584177576,-0.6884403637669704
-1.0014209279006698,2.5378887853680787,1.2149877792994837
-0.4984277968864152,0.1321678010265333,-0.10789827831933405
-0.040145166406761024,-0.8301205927100848,-1.0193403571324977
0.9434858453544479,-0.8301205927100848,-0.7207093598837382
-0.4425396712181647,1.5756003916314605,1.3827865591066757
2.541886239466413,-0.8301205927100848,-0.3219873614055354
1.5023671020369531,-0.34897639584177576,-0.07818510092154934
1.591788103106154,-0.8301205927100848,-0.5727146055694473
2.452465238397212,-0.8301205927100848,-0.9367974073311552
-0.6102040482229162,1.0944561947631515,0.5838290605624926
1.6476762287744044,-0.34897639584177576,-0.5438724055004779
0.23929546193449153,-0.34897639584177576,-0.28335023596660924
2.0724259838531083,-0.8301205927100848,-0.8759860557996004
2.3183337367934107,-0.8301205927100848,-0.6988635350790237
-1.0014209279006698,0.6133119978948424,0.8592863495380156
-0.699625049292117,0.1321678010265333,0.3733523916433453
-0.9119999268314689,-0.34897639584177576,-0.042717761826836474
-0.5207830471537154,1.0944561947631515,1.279425823314958
-0.27487529421341317,2.5378887853680787,1.3506317895248345
-0.19663191827786244,-0.8301205927100848,-0.7051031595493898
-0.29723054448071334,-0.34897639584177576,-0.2554932397613817
0.47402558974114367,0.1321678010265333,2.434927172315693
1.6364986036407543,-0.34897639584177576,-0.42314923639991564
0.33989408813734245,-0.8301205927100848,-0.6489608176329604
-0.6213816733565662,-0.34897639584177576,-0.09955974126969153
-0.8449341760295683,1.0944561947631515,0.15376615656380072
0.3957822138055929,-0.8301205927100848,-0.7284053726744185
-0.27487529421341317,-0.8301205927100848,0.1147149599357656
0.6416899667458952,-0.8301205927100848,-1.0166988685123197
2.139491734655009,-0.8301205927100848,-0.7044320786566961
0.8652424694188972,-0.34897639584177576,-0.26750130424554186
0.0939863351970402,2.0567445884997695,1.4282058850568693
0.48520321487479373,-0.8301205927100848,-0.7934288276813922
2.597774365134663,-0.8301205927100848,-0.901758417742417
0.17222971113259092,-0.8301205927100848,-0.9337989607893317
-0.30840816961436346,-0.8301205927100848,-0.5950744497813315
0.6640452170131954,-0.34897639584177576,0.9932169617394677
-0.7778684252276677,1.0944561947631515,1.2948321272131846
-0.7555131749603675,-0.8301205927100848,-0.5735713045813969
-0.8449341760295683,2.0567445884997695,2.240242321850149
-0.38665154554991416,-0.34897639584177576,-0.1264600902449084
-0.9790656776333695,-0.34897639584177576,-0.13412754640185717
-0.5990264230892661,-0.8301205927100848,-0.27895251437193463
-0.28605291934706323,-0.8301205927100848,-0.9736069082112556
-0.4984277968864152,-0.8301205927100848,-0.7918867694598829
0.8987753448198476,-0.8301205927100848,-0.9957525776701525
-0.364296295282614,3.0190329822363875,2.1726487698073274
-0.46489492148546485,-0.8301205927100848,-0.8138039858489264
-0.7778684252276677,-0.34897639584177576,-0.46235749451347496
-0.5431382974210156,1.0944561947631515,2.136053443680214
-0.699625049292117,0.1321678010265333,0.1845787643602542
1.2229264736957004,-0.8301205927100848,-0.9025580034869034
-0.9119999268314689,0.1321678010265333,-0.24068662517151973
-0.30840816961436346,-0.8301205927100848,-0.4484361355692942
2.2177351105905596,-0.8301205927100848,-0.33766495332421287
-0.34194104501531375,2.5378887853680787,-0.1657825748933943
-0.30840816961436346,0.1321678010265333,0.5195052430819443
0.04927583466243979,-0.8301205927100848,-0.8641350528009646
2.038893108452158,-0.8301205927100848,-0.7139699943230681
-0.18545429314421233,0.6133119978948424,0.16326123727957542
0.2057625865335412,-0.8301205927100848,-1.0830216503540835
1.2005712234284003,-0.8301205927100848,-0.6889829398078718
-0.30840816961436346,-0.34897639584177576,-0.34269092086098374
2.6313072405356133,-0.8301205927100848,-0.921676669770245
-0.9790656776333695,-0.8301205927100848,-0.7109001561969154
2.150669359788659,-0.8301205927100848,-0.8652773181502306
-0.5319606722873654,-0.8301205927100848,-0.7758522196195597
-0.23016479367881273,0.1321678010265333,2.766855204495559
-0.06250041667406123,-0.8301205927100848,-0.18680025731989097
0.1386968357316406,-0.8301205927100848,-0.9263314010685044
-0.43136204608451456,-0.8301205927100848,-0.8592090334822544
-0.587848797955616,0.1321678010265333,0.3415260233494183
-0.6660921738911667,-0.34897639584177576,-0.13642635541725526
1.3011698496312512,-0.8301205927100848,0.3113416614950611
0.731110967815096,0.1321678010265333,-0.6563569857694584
-0.42018442095086445,-0.8301205927100848,-0.9142233883662836
-0.28605291934706323,-0.34897639584177576,-0.33759356173988364
-0.11838854234231173,-0.8301205927100848,1.7276935813175784
0.42931508920654327,-0.8301205927100848,-0.5774407284520359
-0.051322791540411125,-0.8301205927100848,-0.6368242482970079
-1.0125985530343198,0.1321678010265333,-0.3520574967249658
-0.5096054220200653,-0.8301205927100848,-0.595360016118648
-0.21898716854516265,-0.8301205927100848,-0.9316143783088602
0.742288592948746,-0.34897639584177576,-0.49488350033382755
-0.8896446765641687,2.0567445884997695,1.605099952707593
1.826518230912806,-0.34897639584177576,-0.05766715958535677
-0.699625049292117,-0.34897639584177576,-0.76168812928866
-0.6772697990248168,3.5001771791046967,2.7236204610258374
-0.5766711728219659,-0.8301205927100848,-0.546256884417071
0.04927583466243979,-0.34897639584177576,0.14661271981402185
-0.7331579246930673,2.0567445884997695,2.1471905308355588
-0.18545429314421233,-0.34897639584177576,-0.2969860285734734
-0.38665154554991416,0.6133119978948424,1.5236135983543213
-0.7890460503613178,-0.8301205927100848,-0.5191138040551349
-0.5654935476883158,2.0567445884997695,2.2496088977141317
0.5075584651420939,-0.8301205927100848,1.7089604295896141
0.41813746407289315,-0.8301205927100848,-0.9173931747104971
-0.5766711728219659,0.1321678010265333,0.5869131770055109
-0.9231775519651191,1.0944561947631515,1.2561378885067955
1.3682356004331517,-0.34897639584177576,-0.3050675559195311
0.8764200945525473,-0.34897639584177576,-0.24001554427882602
-0.5766711728219659,-0.8301205927100848,-0.7048175932120734
1.055262096690949,-0.8301205927100848,-0.5945033171066985
1.9941826079175575,-0.8301205927100848,-0.9566014328240564
0.8987753448198476,-0.8301205927100848,-0.44335305476506
-0.9678880524997194,0.6133119978948424,1.035209491641863
-0.8449341760295683,-0.34897639584177576,-0.8262118432053295
-0.9119999268314689,0.6133119978948424,1.9604587028642808
2.620129615401963,-0.8301205927100848,-1.003848383333076
0.23929546193449153,-0.8301205927100848,-0.7457963626169951
2.2177351105905596,-0.8301205927100848,-1.0230527195176125
-0.8449341760295683,-0.34897639584177576,0.763921471191161
-1.0125985530343198,0.1321678010265333,0.00751335690714079
0.004565334127839384,1.0944561947631515,-0.13465584412589277
0.6416899667458952,-0.34897639584177576,-0.2623468318569785
1.0887949720918992,-0.8301205927100848,-0.6588128562703806
-0.6772697990248168,-0.34897639584177576,-0.42806097740175986
-0.6437369236238665,0.6133119978948424,0.3372996415571336
1.927116857115657,-0.8301205927100848,-0.7757808280352305
-0.7331579246930673,0.6133119978948424,0.7687760989255422
0.8875977196861974,-0.8301205927100848,-0.8852241268117902
-0.9119999268314689,0.1321678010265333,-0.05084212412349162
2.4748204886645118,-0.8301205927100848,-0.3582400079278687
-0.07367804180771133,-0.8301205927100848,-0.4307881359231327
-0.7443355498267175,-0.8301205927100848,-0.9632836851172631
-0.364296295282614,0.6133119978948424,0.19968522360429858
2.586596740001013,-0.34897639584177576,-1.0177697422772567
-0.5990264230892661,-0.8301205927100848,-1.095158219690036
1.815340605779156,-0.34897639584177576,-0.609923899321791
-0.811401300628618,1.0944561947631515,0.8475067381237089
-0.6549145487575166,0.1321678010265333,0.8853014428675514
-0.8561118011632184,-0.8301205927100848,-1.0233668424886608
-0.7219802995594172,-0.34897639584177576,-0.5899199773927681
-0.7666908000940176,-0.8301205927100848,-0.9128383916302983
1.3682356004331517,-0.34897639584177576,-0.39580625960185806
-0.9343551770987691,1.0944561947631515,0.32978924688570893
-0.7778684252276677,-0.8301205927100848,-0.9441079055664583
-0.8896446765641687,0.1321678010265333,0.3672983852922349
1.9047616068483568,-0.8301205927100848,-0.8714741076699993
0.4404927143401933,-0.8301205927100848,-0.933699012571271
-0.4090067958172144,0.1321678010265333,-0.6094384365483528
1.7594524801109055,-0.8301205927100848,-0.30913687622629166
-0.9231775519651191,-0.34897639584177576,0.8577014563659091
1.927116857115657,-0.8301205927100848,-0.995210001629251
2.4748204886645118,-0.8301205927100848,-0.45100623260514294
-0.7331579246930673,0.1321678010265333,0.23418163715213516
-0.6884474241584669,-0.8301205927100848,-0.5435297258956981
-0.6884474241584669,0.1321678010265333,-0.4026884083311863
-1.0014209279006698,2.0567445884997695,0.8013877746470897
2.139491734655009,0.1321678010265333,-0.5367475253844305
1.9047616068483568,-0.8301205927100848,-0.818772840118234
-0.7443355498267175,-0.8301205927100848,-0.9264741842371627
0.026920584395139585,0.1321678010265333,-0.8222995843840931
-0.699625049292117,-0.8301205927100848,-0.9771622091108465
-0.07367804180771133,-0.8301205927100848,-0.6796163639438898
-0.9231775519651191,0.1321678010265333,-0.4078286024028839
-0.4537172963518148,-0.34897639584177576,-0.48974330626213003
-0.46489492148546485,-0.34897639584177576,-0.3883101432472992
-1.0014209279006698,-0.8301205927100848,-0.5083479531383018
0.23929546193449153,-0.8301205927100848,-0.6267437565897345
-0.8672894262968686,2.0567445884997695,1.3717065852187944
-0.16309904287691213,-0.8301205927100848,-0.5088762508623375
-0.5766711728219659,-0.34897639584177576,0.8415812366243911
0.2728283373354418,-0.8301205927100848,0.13563269414420126
0.7758214683496963,0.6133119978948424,-0.835635532336775
-0.6884474241584669,0.1321678010265333,2.504405462184804
0.015742959261489484,-0.8301205927100848,-1.026879308437654
-0.7666908000940176,0.1321678010265333,0.462292027400578
-0.7108026744257671,-0.34897639584177576,-0.21567101402259203
-0.6549145487575166,1.0944561947631515,1.6318717968310175
-0.7890460503613178,-0.34897639584177576,0.6711838031476184
-0.8225789257622681,-0.34897639584177576,0.6449402567482296
-0.9343551770987691,0.6133119978948424,0.4584083252130732
-0.11838854234231173,-0.8301205927100848,-1.0818365500542197
-0.7666908000940176,0.1321678010265333,0.23069772783687362
0.8987753448198476,-0.8301205927100848,-0.4778209116791649
1.0887949720918992,1.5756003916314605,0.2709483030816382
-0.8896446765641687,1.0944561947631515,0.1285363706618855
0.7199333426814459,-0.34897639584177576,-0.9845012639798812
-0.5207830471537154,0.1321678010265333,-1.0681293658630266
1.5806104779725039,-0.8301205927100848,-0.7759950027882181
-0.30840816961436346,2.5378887853680787,1.5863810792964943
-1.0014209279006698,-0.8301205927100848,-0.6668087137152434
-0.5766711728219659,2.5378887853680787,3.126511728028861
-0.6549145487575166,-0.34897639584177576,-0.5890061651133552
-0.08485566694136143,-0.8301205927100848,-0.5689879648674666
-0.7443355498267175,-0.8301205927100848,-0.5290229559600185
-1.0014209279006698,0.1321678010265333,-0.10871214238068622
-0.6549145487575166,-0.34897639584177576,-0.9453215625000534
-0.811401300628618,2.5378887853680787,2.3102631877601625
1.815340605779156,-0.8301205927100848,-0.8298242573723835
-0.7778684252276677,0.6133119978948424,0.9806377645806744
-0.9343551770987691,-0.34897639584177576,1.6589720422423562
-0.7443355498267175,0.6133119978948424,1.0769021768900762
-0.811401300628618,0.1321678010265333,-0.0041948629228367755
0.9099529699534976,0.6133119978948424,-0.4392123428739704
0.7981767186169966,-0.8301205927100848,-0.9988938073806343
-0.9455328022324192,-0.8301205927100848,-0.3884386480990915
-0.9008223016978189,-0.8301205927100848,-0.8527123993083034
0.25047308706814164,-0.8301205927100848,-1.0357175865776005
2.1953798603232593,-0.8301205927100848,-0.9747063386099243
-0.42018442095086445,-0.34897639584177576,-0.7446683755845949
-0.16309904287691213,0.1321678010265333,1.243572969664868
-0.9790656776333695,0.6133119978948424,-0.3353661443088148
-0.6102040482229162,-0.8301205927100848,-0.5346486128051541
1.401768475834102,-0.8301205927100848,-1.0285927064615532
-0.35311867014896386,-0.8301205927100848,-0.5448290527304883
2.0836036089867584,-0.8301205927100848,-0.847143855730631
-0.7555131749603675,-0.8301205927100848,-0.7578044271011553
-0.699625049292117,-0.8301205927100848,-0.48774434190091426
-0.8896446765641687,0.6133119978948424,-0.01416112809518364
-0.7778684252276677,0.6133119978948424,0.8423237091014141
-0.46489492148546485,-0.34897639584177576,-0.9100255632077306
-0.811401300628618,-0.8301205927100848,-0.8916779260351437
-0.9902433027670197,0.1321678010265333,-0.07455840843762948
0.1386968357316406,1.0944561947631515,0.8070134314922253
-0.8896446765641687,0.6133119978948424,-0.22856433415243307
-0.9678880524997194,2.0567445884997695,2.4600284533658154
-0.6660921738911667,-0.34897639584177576,-0.31314908326558893
0.9658410956217481,0.6133119978948424,-0.19256869733368479
-0.5990264230892661,-0.8301205927100848,0.1582923830102678
0.6640452170131954,0.1321678010265333,-0.7876318310338666
0.7869990934833465,-0.8301205927100848,-0.9757914906917271
-0.25252004394611294,-0.34897639584177576,-0.6895112375319074
-0.7443355498267175,0.1321678010265333,-0.18218836097222885
-0.7555131749603675,0.6133119978948424,-0.1280021484664177
0.954663470488098,-0.8301205927100848,-0.507177131155304
-0.46489492148546485,0.6133119978948424,0.14731235734044737
1.8376958560464562,0.1321678010265333,-0.47400860107598924
-0.4984277968864152,-0.8301205927100848,-0.6024420612840979
-0.23016479367881273,-0.8301205927100848,-0.8719881270771691
-0.8449341760295683,1.0944561947631515,1.3725347275970121
0.1051639603306903,1.0944561947631515,0.8511048739738971
-0.6325592984902164,-0.8301205927100848,-0.6938375675422528
-0.43136204608451456,-0.8301205927100848,-0.8136183677296706
-0.7219802995594172,-0.34897639584177576,-0.06963238911891931
-0.9343551770987691,3.0190329822363875,0.6958710130086326
-0.14074379260961192,-0.8301205927100848,-1.0880476178908545
-0.4425396712181647,-0.8301205927100848,-0.848300399396763
-0.6213816733565662,1.0944561947631515,0.5536018637575381
-0.34194104501531375,3.0190329822363875,3.0122280798347862
-0.7108026744257671,0.6133119978948424,0.40432206092532286
1.0329068464236488,-0.8301205927100848,-0.7310896962451939
-0.4425396712181647,-0.8301205927100848,-0.9966949465832969
-0.6213816733565662,-0.34897639584177576,-0.8786275444197783
-0.6549145487575166,0.6133119978948424,-0.04805642450296902
-0.9008223016978189,-0.8301205927100848,-0.6769463186899801
-0.38665154554991416,0.1321678010265333,1.0604107209100468
-0.9790656776333695,0.6133119978948424,0.6889603076455724
0.5522689656766944,-0.8301205927100848,-0.7274487254444082
0.28400596246909193,0.6133119978948424,-0.31751824822653174
0.1386968357316406,0.6133119978948424,1.033396145399903
-0.18545429314421233,-0.34897639584177576,-0.19234024426383162
-0.9678880524997194,3.0190329822363875,2.940950722040581
-0.5207830471537154,-0.34897639584177576,0.536639223320936
-0.8337565508959183,-0.8301205927100848,-0.8095204907891785
-0.01778991613946082,-0.34897639584177576,-0.12243360488874543
-0.43136204608451456,-0.8301205927100848,-0.838348412541282
0.47402558974114367,-0.8301205927100848,-0.5499835251190517
0.14987446086529072,0.6133119978948424,1.5373350608623808
1.1223278474928495,0.1321678010265333,-0.20918865816550672
0.8317095940179469,0.6133119978948424,-0.009949024619764945
-0.811401300628618,-0.8301205927100848,-0.2834216275509383
0.742288592948746,0.1321678010265333,-0.518114321874527
1.2564593490966507,-0.34897639584177576,-0.24417053448678144
-0.6102040482229162,0.1321678010265333,-0.23446127901801955
-0.0066122910058107175,-0.8301205927100848,-0.6750330242299594
0.015742959261489484,-0.34897639584177576,0.09556773701869226
-0.9231775519651191,-0.34897639584177576,0.1599486677667036
1.692386729309005,-0.8301205927100848,-0.3567265063400912
-0.5207830471537154,0.6133119978948424,-0.0885368806492735
-0.7666908000940176,-0.8301205927100848,-1.1144339474589016
1.0999725972255494,1.0944561947631515,0.3049735321729028
-0.5319606722873654,-0.8301205927100848,-0.7197098777031303
-0.7443355498267175,3.0190329822363875,1.1284897357263068
2.5195309891991124,-0.34897639584177576,-0.7149266415530784
0.1610520859989408,-0.8301205927100848,-0.9600282288718548
-0.4537172963518148,-0.8301205927100848,-0.6055118994102506
0.8540648442852471,-0.34897639584177576,2.0156729541844314
-0.5766711728219659,-0.8301205927100848,-0.7270346542552992
1.4129461009677522,-0.8301205927100848,-1.0482967837363937
-0.5766711728219659,0.6133119978948424,-0.18014656166041576
2.2959784865261104,-0.8301205927100848,-0.9101826246932547
-0.811401300628618,2.0567445884997695,2.636665511312954
-0.040145166406761024,0.6133119978948424,2.735328680855815
-0.20780954341151253,1.0944561947631515,2.3360641063367105
-0.11838854234231173,0.1321678010265333,-0.6950940594264455
-0.47607254661911497,-0.8301205927100848,-0.21885507868367118
-0.43136204608451456,-0.8301205927100848,-0.6536726621986831
-0.7555131749603675,0.6133119978948424,-0.04173255796309454
-0.9231775519651191,0.1321678010265333,0.7470016657051569
-0.7443355498267175,1.0944561947631515,0.8790475400803196
0.28400596246909193,-0.8301205927100848,-0.880626508780994
-0.9231775519651191,3.0190329822363875,3.1163741230541238
0.3175388378700422,-0.34897639584177576,-0.7944568664957316
-0.9790656776333695,-0.34897639584177576,-0.8149319728813267
1.7929853555118558,-0.8301205927100848,-0.9619415233318755
-0.7108026744257671,-0.8301205927100848,-0.8844959326516331
1.9606497325166072,-0.34897639584177576,-0.5718864631912294
-0.6549145487575166,2.5378887853680787,2.713739865754685
-0.8225789257622681,-0.8301205927100848,-0.7151408163060659
0.8987753448198476,-0.34897639584177576,-0.16252711864798605
-1.0014209279006698,0.6133119978948424,1.0258857507284784
1.9382944822493071,-0.8301205927100848,-0.8552824963441521
0.5410913405430443,0.6133119978948424,2.1176344149232977
1.2229264736957004,-0.8301205927100848,-0.9529461837064048
-0.30840816961436346,0.6133119978948424,0.3570322754657056
-0.6325592984902164,0.6133119978948424,0.15202420190617003
2.150669359788659,-0.8301205927100848,-0.9670103258192438
-0.9231775519651191,1.0944561947631515,0.37388068936738106
0.5746242159439946,-0.34897639584177576,-0.6479613354523526
-0.8896446765641687,-0.34897639584177576,-0.6860416065335115
0.6081570913449449,0.6133119978948424,0.414930850356632
1.591788103106154,-0.8301205927100848,-0.9426657955630099
-0.7555131749603675,-0.8301205927100848,-0.30238323234875575
-0.8896446765641687,-0.8301205927100848,-0.4841890410013235
-0.6213816733565662,1.0944561947631515,1.9999668056320226
1.2229264736957004,-0.34897639584177576,-0.8456446324597193
-0.8561118011632184,-0.8301205927100848,-0.5643617902029389
1.3570579752995016,-0.8301205927100848,-1.0359032046968564
-0.28605291934706323,0.1321678010265333,0.4431590828003708
1.3458803501658516,-0.34897639584177576,-0.7373150423986943
2.139491734655009,-0.8301205927100848,-0.9255318153240182
0.2616507122017917,-0.34897639584177576,0.7552402545367387
-0.8561118011632184,2.5378887853680787,0.5391664854061876
-0.28605291934706323,-0.8301205927100848,-0.5160011309783847
-0.47607254661911497,-0.8301205927100848,-0.9361263264384613
-0.8449341760295683,0.6133119978948424,-0.0493286225357141
-0.15192141774326204,-0.8301205927100848,-1.107580355363305
-0.811401300628618,0.6133119978948424,0.40562138776011286
0.47402558974114367,-0.8301205927100848,-0.8761573956019904
-0.8784670514305186,0.1321678010265333,0.19437368973021113
-0.5766711728219659,-0.8301205927100848,-0.9511471157813107
-0.9902433027670197,2.5378887853680787,2.3595519375809952
-0.5766711728219659,2.0567445884997695,2.5930738099215858
2.3853994875953113,-0.8301205927100848,-1.0441846284790355
-0.4537172963518148,0.1321678010265333,-0.5025081215401789
-0.9119999268314689,1.5756003916314605,2.21848216694663
-0.34194104501531375,0.6133119978948424,-0.4033594892238802
-0.28605291934706323,-0.34897639584177576,-0.13719738452800997
-0.7443355498267175,-0.8301205927100848,-0.8642064443852936
1.4129461009677522,0.1321678010265333,-0.7959703680835093
-0.29723054448071334,-0.34897639584177576,-0.3237721510137637
-0.6660921738911667,-0.34897639584177576,0.39466991872402424
-0.30840816961436346,-0.8301205927100848,-0.7074162468816537
0.2728283373354418,0.1321678010265333,-0.2694003203886968
-0.9567104273660694,-0.8301205927100848,-0.24962485152952704
-0.25252004394611294,-0.8301205927100848,-0.7706120773298015
1.714741979576305,-0.8301205927100848,-1.0074893541338619
0.46284796460749356,-0.8301205927100848,-0.812276205944283
1.6700314790417046,0.6133119978948424,0.337827939281169
1.0329068464236488,0.1321678010265333,-0.47864905405738284
-0.7443355498267175,0.1321678010265333,-0.6640101636095415
-0.9119999268314689,0.1321678010265333,2.5761397261187162
-0.9008223016978189,-0.8301205927100848,-0.8055939536510762
-0.6549145487575166,1.0944561947631515,2.168108265043995
-0.7331579246930673,0.1321678010265333,0.1752693017637354
-0.9119999268314689,-0.8301205927100848,-0.8449307166164279
-0.5319606722873654,-0.34897639584177576,1.1453809845785798
-0.8561118011632184,0.1321678010265333,0.22145965682468388
0.6528675918795452,-0.8301205927100848,-0.2862772909241036
-1.0125985530343198,2.5378887853680787,2.7101702865382284
0.23929546193449153,0.6133119978948424,1.9945267669061426
-0.17427666801056224,0.1321678010265333,0.10513420931879601
0.17222971113259092,-0.34897639584177576,-0.16222727399380366
-0.5096054220200653,0.1321678010265333,0.3618726248832209
0.5746242159439946,-0.8301205927100848,-0.5127171180992447
-0.4537172963518148,-0.8301205927100848,-0.5635479261415867
-0.5096054220200653,0.1321678010265333,-0.03702071339737172
-0.46489492148546485,0.1321678010265333,0.133348163445669
-0.6213816733565662,1.0944561947631515,-0.42083614906765177
-0.14074379260961192,0.6133119978948424,0.8302442530329248
-0.7778684252276677,1.5756003916314605,2.0105470384296
0.17222971113259092,1.0944561947631515,1.4144558659150788
1.3011698496312512,-0.34897639584177576,0.7044951163955914
-0.8337565508959183,0.6133119978948424,1.6203349168034296
-0.30840816961436346,1.0944561947631515,1.8420343427791164
-0.47607254661911497,0.6133119978948424,1.563392989142514
2.5530638646000625,-0.8301205927100848,-0.8617362955675056
-0.5319606722873654,-0.34897639584177576,-0.3420341182851557
-0.9902433027670197,-0.34897639584177576,0.10703322546195099
0.8987753448198476,-0.8301205927100848,-0.39632027900902767
-0.39782917068356427,0.1321678010265333,1.2048073393741492
0.08280871006339009,-0.34897639584177576,-0.24896804895369914
-0.5990264230892661,-0.8301205927100848,-0.3348378465847792
-0.37547392041626404,0.1321678010265333,-0.022656726630350423
1.815340605779156,-0.8301205927100848,0.037526378959107896
-0.24134241881246285,0.6133119978948424,2.0198707793429844
-0.5319606722873654,0.6133119978948424,0.20501103579525187
-0.46489492148546485,-0.8301205927100848,-0.9611276592705233
-0.29723054448071334,-0.8301205927100848,-0.5975874335497169
-0.6549145487575166,0.1321678010265333,0.33979834700865325
-0.364296295282614,-0.34897639584177576,-0.6495890635750567
-0.20780954341151253,0.6133119978948424,0.5904827562219676
2.374221862461661,-0.8301205927100848,-0.9874283189373756
-0.5096054220200653,-0.8301205927100848,-0.9705941833525663
-0.5990264230892661,-0.34897639584177576,-0.6014568574203559
-0.811401300628618,-0.34897639584177576,-0.82189979151185
1.0664397218245991,-0.34897639584177576,-0.9278020677056844
-0.4425396712181647,-0.8301205927100848,-0.9990651471830242
0.5075584651420939,1.0944561947631515,-0.14031005760476006
-0.811401300628618,-0.8301205927100848,-0.7332028871413363
-0.8449341760295683,1.0944561947631515,0.8810607827584009
-0.5654935476883158,2.5378887853680787,0.22081713256572164
-0.9343551770987691,0.6133119978948424,0.03194355706456981
-0.7331579246930673,-0.34897639584177576,-1.0589769647520317
-0.7778684252276677,1.5756003916314605,1.6074701533073203
-0.5654935476883158,0.1321678010265333,0.12082607955433926
0.1051639603306903,-0.8301205927100848,-0.8547256419863849
2.0724259838531083,-0.34897639584177576,-0.9436081644761544
-0.6549145487575166,-0.8301205927100848,-0.6554717301237772
-0.8561118011632184,-0.34897639584177576,-0.7057171271746204
-1.0014209279006698,-0.34897639584177576,-0.45716018717431417
2.463642863530862,1.0944561947631515,-0.44136836872071006
1.2005712234284003,0.6133119978948424,-0.41999372837256793
-1.0014209279006698,-0.34897639584177576,-0.591162190960095
0.015742959261489484,0.1321678010265333,-0.6156209477512556
-0.35311867014896386,-0.8301205927100848,-0.8987028579331302
-0.11838854234231173,-0.8301205927100848,-0.9169505468876565
0.731110967815096,-0.34897639584177576,-0.5574796414736105
1.5135447271706033,-0.8301205927100848,-0.4266759806657747
1.804162980645506,-0.34897639584177576,-0.7885313649964136
0.6528675918795452,-0.8301205927100848,-0.901444294771369
1.1446830977601496,-0.34897639584177576,-0.8594374865521076
-1.0125985530343198,1.0944561947631515,0.8186074247872762
-0.7555131749603675,-0.8301205927100848,-0.6756898268057875
-0.8337565508959183,0.1321678010265333,-0.6550576589346683
-0.9343551770987691,-0.8301205927100848,-0.9221335759099514
-0.8002236754949679,2.0567445884997695,1.081128558682361
-0.9790656776333695,0.1321678010265333,0.10310668832384873
0.9211305950871477,-0.8301205927100848,-0.8832108841337085
-1.0125985530343198,2.5378887853680787,0.5973649049512961
0.9658410956217481,-0.34897639584177576,-0.7794360771528822
-0.8449341760295683,2.5378887853680787,0.9885622304412083
1.7482748549772553,-0.8301205927100848,-0.9815028174380577
1.1111502223591994,-0.34897639584177576,-0.6800447134498645
-0.8002236754949679,-0.34897639584177576,-0.40667205873675183
0.6975780924141457,0.6133119978948424,-0.9181070905537884
0.9099529699534976,-0.8301205927100848,-0.69603642833959
1.1446830977601496,-0.8301205927100848,-0.8614935641807866
-0.27487529421341317,-0.8301205927100848,-0.5481130656096284
-0.9790656776333695,2.5378887853680787,2.406413373534637
-0.7890460503613178,0.1321678010265333,0.42399758156643164
1.6476762287744044,-0.34897639584177576,-0.5620629811875408
-0.30840816961436346,-0.8301205927100848,-0.9497335624115939
0.2281178368008414,1.0944561947631515,-0.5795967542987757
2.452465238397212,-0.8301205927100848,-1.1061525236767225
0.47402558974114367,-0.8301205927100848,-0.6754613737359342
2.0724259838531083,-0.8301205927100848,-0.693080816748364
-0.09603329207501153,-0.8301205927100848,1.2818103022315512
-0.9343551770987691,-0.34897639584177576,0.20665304223482187
-0.8337565508959183,-0.34897639584177576,-0.6365101253259597
-0.6660921738911667,0.6133119978948424,1.3338833238412202
-0.9231775519651191,-0.34897639584177576,-0.14604994098482227
-0.6437369236238665,0.6133119978948424,-0.04083302400054748
-0.8561118011632184,2.5378887853680787,1.2090479994832997
-0.6660921738911667,-0.8301205927100848,-0.5448861659979517
-0.19663191827786244,-0.8301205927100848,-1.0082746615614822
-0.8002236754949679,-0.34897639584177576,-0.48510285328073643
-0.8337565508959183,0.6133119978948424,-0.002338681730279406
-0.7666908000940176,-0.34897639584177576,-0.5894487929361959
-0.9902433027670197,0.1321678010265333,-0.20619021162368315
2.374221862461661,-0.8301205927100848,-0.708786965300773
-0.08485566694136143,-0.8301205927100848,-0.627529064017355
0.8205319688842968,-0.34897639584177576,-0.54667095560618
-0.8337565508959183,-0.34897639584177576,0.3487080167329289
-0.16309904287691213,-0.8301205927100848,0.4116040025268942
-0.028967541273110922,0.1321678010265333,2.2678994216192554
-0.7778684252276677,0.6133119978948424,0.9346758625895791
-0.9902433027670197,3.5001771791046967,2.8130027246059104
0.3510717132709925,-0.34897639584177576,0.4739145773293609
-0.6884474241584669,-0.8301205927100848,-0.9172218349081072
-0.8896446765641687,2.0567445884997695,0.8884855075286308
-0.811401300628618,-0.8301205927100848,-0.9334134462339543
-0.5319606722873654,-0.34897639584177576,-0.02626914079740447
-0.9790656776333695,-0.8301205927100848,-1.0973142455367757
-0.9231775519651191,2.0567445884997695,2.808776342813626
-0.4090067958172144,-0.8301205927100848,-0.5657610652557898
-0.040145166406761024,1.5756003916314605,0.3170815448751233
-0.6884474241584669,1.0944561947631515,2.7483790624711797
-0.8896446765641687,0.6133119978948424,-0.3309684227141402
1.3347027250322014,-0.8301205927100848,-1.012486765036901
-0.4872501717527651,0.6133119978948424,1.2612066909941635
-0.7555131749603675,0.1321678010265333,-0.47365164315434366
-0.7778684252276677,0.6133119978948424,0.23074056278747104
1.7259196047099552,0.1321678010265333,-0.5969877442413523
-0.6325592984902164,0.1321678010265333,0.8635270096471661
-0.5990264230892661,0.1321678010265333,-0.23370452822413063
-0.9790656776333695,0.1321678010265333,-0.15129008327458066
-0.9902433027670197,2.5378887853680787,0.9352327169473464
-0.4984277968864152,-0.8301205927100848,-0.8547399203032507
-0.587848797955616,-0.34897639584177576,-0.5734285214127386
-0.8337565508959183,0.1321678010265333,0.0578301455423131
1.8824063565810565,-0.8301205927100848,-0.29681468877108347
-0.5096054220200653,0.1321678010265333,-0.12950137173732956
-0.8896446765641687,-0.8301205927100848,-0.7988403097735404
-0.6884474241584669,-0.8301205927100848,-0.5295084187334567
-0.5431382974210156,-0.8301205927100848,-0.8201721151710849
0.004565334127839384,1.5756003916314605,0.17721115285748779
2.4412876132635617,-0.8301205927100848,-0.6843139301927466
0.004565334127839384,-0.34897639584177576,-0.3749599169777515
1.16703834802745,0.1321678010265333,-0.5323069688391586
-0.051322791540411125,-0.34897639584177576,-0.07365887447508243
1.9941826079175575,0.1321678010265333,0.06355575060550948
-0.9343551770987691,0.1321678010265333,-0.4836464649604221
-0.29723054448071334,0.1321678010265333,0.7182594138542482
-0.7778684252276677,1.0944561947631515,0.5239600779440824
-0.5990264230892661,0.6133119978948424,-0.052141450958281946
0.3175388378700422,0.6133119978948424,0.7570250441449671
-0.5766711728219659,0.1321678010265333,0.3773788769995083
0.9211305950871477,-0.8301205927100848,-0.9603709084766346
-0.42018442095086445,-0.8301205927100848,-0.6403081576122696
-0.6549145487575166,-0.34897639584177576,1.0015412204722445
0.5969794662112947,-0.8301205927100848,-0.03799163894424801
1.4464789763687027,-0.8301205927100848,-0.9647971867050408
-0.5207830471537154,-0.8301205927100848,-0.22810742801272674
-0.8449341760295683,2.0567445884997695,2.074085548482527
-0.28605291934706323,1.5756003916314605,0.917598995618051
-0.9119999268314689,0.6133119978948424,0.48990629221908616
1.8824063565810565,-0.8301205927100848,-0.6784883769114894
-0.8337565508959183,1.0944561947631515,1.0145202105032805
-0.7778684252276677,-0.34897639584177576,0.05945787366501729
-0.5207830471537154,-0.8301205927100848,-0.6914530886256598
2.1953798603232593,-0.8301205927100848,-0.3229582869524117
2.2959784865261104,-0.8301205927100848,-0.9825022996186655
-0.9902433027670197,3.5001771791046967,2.033549406900446
2.150669359788659,-0.8301205927100848,-1.0441846284790355
-0.8337565508959183,0.1321678010265333,0.7731595422033508
-0.10721091720866163,-0.34897639584177576,-0.8472009689980944
-0.39782917068356427,1.0944561947631515,2.8398316819967984
0.1051639603306903,-0.34897639584177576,0.7240706888186395
2.3183337367934107,-0.8301205927100848,-0.5344772730027642
-0.7666908000940176,1.0944561947631515,0.24416218064134784
-0.364296295282614,1.0944561947631515,0.44388727696052793
0.7087557175477958,-0.34897639584177576,-0.7074162468816537
0.2616507122017917,0.1321678010265333,0.010497525132098557
0.17222971113259092,-0.8301205927100848,-1.132995759384476
-0.8896446765641687,0.6133119978948424,0.382262061367621
1.927116857115657,-0.8301205927100848,-0.6994775027042542
1.6588538539080546,-0.8301205927100848,-0.893048644454263
-0.040145166406761024,2.0567445884997695,1.7064331675043631
-0.46489492148546485,0.1321678010265333,-0.11223888664654538
-0.23016479367881273,-0.8301205927100848,0.6856334598158349
-0.5543159225546657,0.1321678010265333,1.472996965064967
-0.9455328022324192,1.5756003916314605,0.8840163943496273
-0.33076341988166363,-0.8301205927100848,-0.7314752108005712
1.7594524801109055,-0.8301205927100848,-0.6761467329454939
-0.28605291934706323,-0.8301205927100848,-1.002520499864554
-0.07367804180771133,-0.8301205927100848,0.04567929788949483
1.4241237261014024,-0.34897639584177576,-0.283607245670194
-0.5207830471537154,0.1321678010265333,0.7288253683349598
0.5746242159439946,0.6133119978948424,-0.8777851237246945
1.0217292212899987,-0.8301205927100848,-0.9268454204756741
0.8875977196861974,-0.8301205927100848,-0.9634407466027872
-0.9119999268314689,2.5378887853680787,1.214188193554997
1.3458803501658516,-0.8301205927100848,-0.2823221971522697
1.0999725972255494,-0.8301205927100848,-0.8257121021150255
-0.9343551770987691,-0.34897639584177576,-0.5527820752247536
-0.364296295282614,0.6133119978948424,0.711962676116419
-0.38665154554991416,-0.34897639584177576,0.06304173119833971
-0.20780954341151253,0.6133119978948424,-0.18003233512548908
-0.4425396712181647,-0.8301205927100848,-0.7178108615599754
2.5195309891991124,-0.8301205927100848,-0.801738808097303
-0.587848797955616,-0.8301205927100848,-0.2202543537365222
-0.8225789257622681,1.0944561947631515,1.527368795690034
-0.7778684252276677,-0.34897639584177576,-0.27474041089651574
1.915939231982007,-0.8301205927100848,-0.4182946086655347
-0.35311867014896386,0.1321678010265333,-0.14439365622838646
-0.811401300628618,0.1321678010265333,-0.2500103660849045
-0.28605291934706323,-0.34897639584177576,-0.12183391558038077
-0.040145166406761024,-0.8301205927100848,-0.27144211970050997
1.7706301052445557,-0.8301205927100848,-0.3928934829612294
-0.9902433027670197,1.5756003916314605,2.3051372720053305
1.7370972298436054,-0.8301205927100848,-0.9071127865671019
0.731110967815096,0.1321678010265333,-0.10905482198546607
0.47402558974114367,-0.8301205927100848,-0.6218320155878903
2.28480086139246,-0.8301205927100848,-1.0482967837363937
-0.9678880524997194,-0.34897639584177576,-0.7567335533362182
-0.5431382974210156,1.0944561947631515,1.7740981111315144
1.9830049827839076,-0.8301205927100848,1.4542923699707342
-0.46489492148546485,1.0944561947631515,1.4474244995582717
-0.8449341760295683,0.1321678010265333,-0.21962610779442576
2.1283141095213587,-0.8301205927100848,-0.660097904788305
-0.29723054448071334,-0.34897639584177576,0.3068868266329234
1.7929853555118558,-0.8301205927100848,-1.10386799297819
1.5694328528388537,-0.34897639584177576,0.06581172467031011
-0.8337565508959183,0.1321678010265333,0.017094107524110367
-0.9343551770987691,0.6133119978948424,1.4456254316331776
-0.4537172963518148,1.5756003916314605,1.534265222736228
-0.364296295282614,-0.8301205927100848,-1.0527516185985315
0.03809820952878969,1.0944561947631515,0.47075906930201317
-0.8449341760295683,1.5756003916314605,0.8678533396575115
0.38460458867194286,0.1321678010265333,0.28419858113312524
0.026920584395139585,0.6133119978948424,0.3242349816249023
-0.46489492148546485,-0.8301205927100848,-0.683300169695273
0.5187360902757441,-0.8301205927100848,-0.8747010072816761
-0.34194104501531375,-0.8301205927100848,-0.8490999851412492
-0.20780954341151253,-0.8301205927100848,-0.7210092045379205
-0.27487529421341317,-0.8301205927100848,-0.6736480274939742
-0.30840816961436346,1.5756003916314605,0.49728818203871855
-0.8337565508959183,-0.34897639584177576,-0.40136052486266455
-0.5207830471537154,0.6133119978948424,0.2446619217316518
-0.8449341760295683,-0.34897639584177576,-0.8495997262315532
-0.5766711728219659,-0.8301205927100848,-0.8501708589061863
1.6253209785071043,-0.8301205927100848,-0.7082872242104692
-0.18545429314421233,-0.8301205927100848,-0.5851638700447613
-0.9790656776333695,-0.34897639584177576,0.3688975567812076
-0.9902433027670197,0.6133119978948424,1.5034526149397747
-0.364296295282614,0.6133119978948424,-0.3107074910815326
-0.7666908000940176,-0.8301205927100848,-0.6087245207050616
-0.6772697990248168,0.6133119978948424,-0.07550077735077398
-0.4090067958172144,0.6133119978948424,-0.39043761246030717
-0.7443355498267175,-0.8301205927100848,-0.5941606375019186
-0.5207830471537154,-0.34897639584177576,-0.20881742192699526
-0.028967541273110922,1.0944561947631515,2.073371632639236
-0.028967541273110922,-0.8301205927100848,-0.3762164088619442
-0.811401300628618,-0.34897639584177576,-0.1715795715409199
-0.14074379260961192,-0.8301205927100848,-0.9302436598897408
0.8875977196861974,0.1321678010265333,0.36015922685932167
-0.11838854234231173,-0.8301205927100848,-0.8112338888130776
1.9606497325166072,-0.8301205927100848,0.14909714694867565
1.602965728239804,-0.34897639584177576,-0.7228511074136121
-0.6102040482229162,0.1321678010265333,0.07189428765515216
2.5307086143327626,-0.8301205927100848,-0.05276969690037822
-0.38665154554991416,0.6133119978948424,0.692201485574115
-0.5207830471537154,1.0944561947631515,0.40809153657790087
1.2452817239630007,0.1321678010265333,-0.7930004781754173
1.491189476903303,-0.8301205927100848,-0.7086156254983831
-0.051322791540411125,-0.34897639584177576,0.28569780440403697
1.0999725972255494,-0.34897639584177576,-0.3833412889779916
-0.5319606722873654,0.6133119978948424,0.2575409635446272
-0.23016479367881273,0.1321678010265333,-0.3909801885012086
-0.5654935476883158,1.0944561947631515,0.08110380203361009
-0.15192141774326204,-0.8301205927100848,-0.5401600431153631
-0.38665154554991416,-0.34897639584177576,-0.5658610134738506
-0.6437369236238665,-0.34897639584177576,-0.5731429550754221
1.3458803501658516,-0.34897639584177576,1.0169618026873368
-0.7555131749603675,0.1321678010265333,0.8611996439980366
0.8764200945525473,-0.8301205927100848,-0.9936965000414735
-0.33076341988166363,-0.8301205927100848,-0.9388963199104315
-0.43136204608451456,1.0944561947631515,1.412928086010435
1.8935839817147067,-0.34897639584177576,-0.6012141260336369
-0.8337565508959183,2.5378887853680787,2.583521615938348
1.9606497325166072,-0.8301205927100848,-0.08292550212100362
0.954663470488098,-0.8301205927100848,-1.0902322003713258
-0.4537172963518148,-0.8301205927100848,0.32117942181561565
-0.8337565508959183,0.6133119978948424,-0.11703640111346308
-0.19663191827786244,2.0567445884997695,0.07336495429233224
-0.23016479367881273,-0.34897639584177576,-0.2039770725094801
-0.9902433027670197,1.0944561947631515,0.8483206021850612
0.28400596246909193,-0.8301205927100848,-0.5694305926903073
1.1782159731611,-0.8301205927100848,-0.3578687716893572
0.954663470488098,-0.8301205927100848,0.00013146708750875254
0.0939863351970402,-0.8301205927100848,-0.34857358740970423
-0.7890460503613178,0.1321678010265333,0.9884480039062815
-0.21898716854516265,-0.8301205927100848,1.7870057095782212
-0.9567104273660694,1.0944561947631515,1.0855833935444985
-0.6772697990248168,-0.34897639584177576,0.003101356995600381
0.8764200945525473,-0.8301205927100848,-0.9538028827183545
0.33989408813734245,-0.8301205927100848,-0.7257067707867774
-0.7778684252276677,3.5001771791046967,2.053910286751115
-0.9119999268314689,0.6133119978948424,0.7396768891529878
1.9830049827839076,-0.8301205927100848,-0.7262065118770813
-0.7666908000940176,0.1321678010265333,-0.3031399831426445
0.3957822138055929,-0.8301205927100848,-0.8242699921115771
0.5299137154093941,-0.8301205927100848,-0.641507536228999
1.3682356004331517,1.5756003916314605,-0.25449375758077397
-0.5990264230892661,0.6133119978948424,2.497980219595182
0.1610520859989408,-0.34897639584177576,-0.1484058632676836
-0.8225789257622681,-0.34897639584177576,-0.27735334288296204
-0.9902433027670197,-0.34897639584177576,-0.7658288411797495
-0.30840816961436346,2.5378887853680787,3.038999923958211
0.3175388378700422,0.1321678010265333,0.7583814842472206
-0.6325592984902164,-0.8301205927100848,-0.688725930104287
1.4129461009677522,-0.8301205927100848,-0.5798537640023604
0.8987753448198476,-0.34897639584177576,0.32547719519222934
-0.21898716854516265,1.0944561947631515,-0.6237595883647767
-1.0125985530343198,-0.34897639584177576,-0.6907248944655027
1.16703834802745,-0.8301205927100848,-0.8609938230904827
0.40695983893924303,0.1321678010265333,-0.5738711492355792
-0.4984277968864152,0.1321678010265333,-0.3087941966215118
-0.8225789257622681,0.1321678010265333,-0.7975838178893476
-0.7108026744257671,2.0567445884997695,1.1027030954666244
-0.6102040482229162,-0.8301205927100848,-0.9415949217980729
0.731110967815096,-0.8301205927100848,-0.8505706517784295
2.150669359788659,-0.8301205927100848,-1.0229813279332836
0.17222971113259092,-0.8301205927100848,-0.3943641495984096
-0.7443355498267175,0.6133119978948424,1.6582295697653329
-0.18545429314421233,0.6133119978948424,-0.6969216839852713
-0.8449341760295683,-0.34897639584177576,-0.6881119624790565
0.742288592948746,-0.8301205927100848,-1.0129151145428756
-0.5319606722873654,-0.8301205927100848,-0.3498871925613602
-0.9008223016978189,-0.34897639584177576,0.05274706473807897
-0.6660921738911667,2.0567445884997695,0.8640410290543361
2.22891273572421,-0.8301205927100848,-1.0808799028242095
-0.7890460503613178,0.6133119978948424,0.43686234506254124
-0.8225789257622681,-0.34897639584177576,-0.45129179894245947
-0.3195857947480136,-0.34897639584177576,-0.5921331165069712
1.18939359829475,0.1321678010265333,-0.8548969817887748
-0.6549145487575166,0.1321678010265333,-0.21649915640080986
-1.0125985530343198,0.6133119978948424,1.7376598464899253
-0.9455328022324192,3.0190329822363875,1.3427501586148984
-0.9119999268314689,0.6133119978948424,0.11522897934293537
-0.6660921738911667,1.0944561947631515,-0.14352267889957102
-0.43136204608451456,-0.8301205927100848,-1.0011212248117032
-0.8896446765641687,-0.34897639584177576,-0.1495195719832182
-0.8225789257622681,3.0190329822363875,1.0421915885892523
-0.811401300628618,-0.8301205927100848,-0.6899395870378822
-0.6102040482229162,-0.34897639584177576,-0.014046901560257133
-1.0014209279006698,-0.34897639584177576,-0.4720381933485052
-0.8225789257622681,0.1321678010265333,1.0493164687052996
-0.10721091720866163,0.6133119978948424,0.7016394530224264
-0.6549145487575166,-0.34897639584177576,-0.6493463321883377
-0.28605291934706323,-0.34897639584177576,-0.49085701497766443
-0.9231775519651191,-0.34897639584177576,0.23480988309423162
1.9606497325166072,-0.8301205927100848,-0.19176911158919843
1.7370972298436054,0.1321678010265333,-0.6390373874112111
-0.9790656776333695,0.6133119978948424,1.9231351825770107
-0.34194104501531375,-0.8301205927100848,1.331655906410151
-0.18545429314421233,-0.34897639584177576,-0.23808797150193942
-0.01778991613946082,-0.34897639584177576,-0.32270127724882675
-0.35311867014896386,0.1321678010265333,-0.36502220843913624
-0.699625049292117,-0.34897639584177576,-0.725249864647071
2.586596740001013,-0.8301205927100848,-1.0225387001104427
-0.43136204608451456,0.6133119978948424,0.8160944410188907
1.9941826079175575,-0.8301205927100848,-0.8461586518668891
-0.38665154554991416,1.0944561947631515,1.063494837353065
-0.34194104501531375,1.0944561947631515,0.9588633313602891
0.6975780924141457,-0.34897639584177576,1.2783263929162894
-0.811401300628618,-0.34897639584177576,-0.5746850132969314
0.03809820952878969,-0.8301205927100848,-0.7233080135533185
1.9382944822493071,-0.34897639584177576,-0.7382716896287046
2.463642863530862,-0.8301205927100848,-0.903828773687962
-0.24134241881246285,-0.8301205927100848,-0.5246680693159415
2.3518666121943608,-0.34897639584177576,-0.9184640484754341
-0.811401300628618,-0.8301205927100848,-0.9368830772323501
-0.8784670514305186,3.5001771791046967,1.8121641038958074
-0.6213816733565662,1.0944561947631515,1.7312060472665718
-0.811401300628618,-0.34897639584177576,-0.8549969300068355
-0.42018442095086445,-0.8301205927100848,-0.9630980669980074
-0.38665154554991416,-0.8301205927100848,-0.7828914298344122
-0.7778684252276677,-0.34897639584177576,-0.9770051476253223
-0.5319606722873654,-0.8301205927100848,-0.8713170461844753
-0.7219802995594172,0.1321678010265333,0.3439533372166088
-0.5207830471537154,0.1321678010265333,-0.256135764020344
0.23929546193449153,1.5756003916314605,0.21160761818726367
-0.7443355498267175,-0.8301205927100848,-0.6630677946963969
1.1111502223591994,-0.8301205927100848,-0.9665676979964033
2.3518666121943608,-0.8301205927100848,-0.7250642465278152
-1.0014209279006698,3.5001771791046967,1.5038666861288836
1.915939231982007,-0.34897639584177576,-0.8130757916887693
0.1610520859989408,-0.8301205927100848,-0.7509793916392902
-0.38665154554991416,-0.8301205927100848,-0.7277057351479931
1.3570579752995016,0.1321678010265333,-0.26732996444315194
-0.30840816961436346,-0.8301205927100848,-0.7469100713325296
-0.7108026744257671,-0.8301205927100848,-0.8941766314866633
-0.699625049292117,2.0567445884997695,1.001327045719257
-0.9567104273660694,1.0944561947631515,-0.01735947107312877
-0.27487529421341317,-0.34897639584177576,-0.6129794591310779
-1.0014209279006698,0.1321678010265333,-0.2872910514215773
-0.5096054220200653,0.6133119978948424,-0.22251032780132282
-0.6437369236238665,-0.8301205927100848,-0.8281394159822161
0.49638084000844385,-0.8301205927100848,-0.791872491143017
1.18939359829475,-0.8301205927100848,-0.8959899777286232
1.18939359829475,-0.34897639584177576,-0.14680669177871103
0.6528675918795452,-0.8301205927100848,-0.7118996383775232
-0.040145166406761024,-0.8301205927100848,-0.7760806726894129
-0.5207830471537154,-0.34897639584177576,-1.1474168594189607
-0.30840816961436346,2.0567445884997695,1.4716262466458476
0.08280871006339009,1.0944561947631515,1.9242488912925446
1.4129461009677522,-0.8301205927100848,-0.8597658878400216
-0.7108026744257671,0.1321678010265333,0.0010310010500556481
0.9658410956217481,-0.8301205927100848,-0.9532031934099897
-0.19663191827786244,0.1321678010265333,-0.9630837886811415
-0.7890460503613178,0.6133119978948424,0.8736788929387689
-0.8002236754949679,0.1321678010265333,0.6969990000410328
-0.6437369236238665,2.0567445884997695,1.121493360462052
-0.19663191827786244,-0.8301205927100848,-1.050324304731341
-0.7555131749603675,0.6133119978948424,-0.2642744046338651
-0.4425396712181647,0.6133119978948424,-0.08244003934756564
2.050070733585808,-0.8301205927100848,-0.8375059918461982
0.8205319688842968,0.1321678010265333,-0.7059170236107419
-0.9455328022324192,2.0567445884997695,1.4280345452544796
-0.040145166406761024,0.6133119978948424,-0.380100111049449
-0.30840816961436346,2.0567445884997695,2.4044001308565557
-0.7443355498267175,0.1321678010265333,-0.6846566097975264
-0.9119999268314689,-0.34897639584177576,-0.7277342917817248
-0.17427666801056224,-0.8301205927100848,-0.05885225988522043
-0.8449341760295683,-0.8301205927100848,-0.8422606713625185
1.1223278474928495,-0.8301205927100848,-0.9583005525310897
0.9211305950871477,-0.34897639584177576,-0.5799965471710188
-0.16309904287691213,-0.8301205927100848,-0.6380379052306032
-0.6549145487575166,0.1321678010265333,-0.4450664527889591
-0.4984277968864152,-0.8301205927100848,-0.1128100193211784
-0.12956616747596184,0.6133119978948424,0.7726312444793154
2.2959784865261104,-0.8301205927100848,0.02287682585477
-0.9902433027670197,0.1321678010265333,-0.2316627289123175
-0.9231775519651191,0.1321678010265333,1.1265764412662862
-0.46489492148546485,1.5756003916314605,3.0772372565248935
0.7758214683496963,-0.34897639584177576,-1.0131007326621315
-0.9678880524997194,1.5756003916314605,-0.5849082881728631
0.17222971113259092,0.6133119978948424,0.8872861289119015
-0.7443355498267175,-0.8301205927100848,-0.4920706719112597
-0.6660921738911667,-0.8301205927100848,-0.04698697856971859
-0.8002236754949679,-0.34897639584177576,-1.0283356967579684
2.2959784865261104,-0.8301205927100848,-0.6379665136462741
-0.7778684252276677,0.1321678010265333,0.15395177468305662
-0.9678880524997194,0.6133119978948424,0.09149841671193185
-0.4425396712181647,1.0944561947631515,1.1617296573899512
-0.6884474241584669,-0.8301205927100848,-1.0120584155309262
2.0724259838531083,-0.8301205927100848,-0.924960682649385
-0.34194104501531375,-0.34897639584177576,-0.4657414556106758
-0.7443355498267175,-0.34897639584177576,-0.8501708589061864
1.055262096690949,0.1321678010265333,0.33705691017041445
0.8987753448198476,-0.8301205927100848,-0.742683689540245
-0.11838854234231173,-0.8301205927100848,-0.8316376036143437
-0.9790656776333695,-0.8301205927100848,-0.8082925555387175
1.0999725972255494,-0.8301205927100848,-0.5072485227396332
-0.7778684252276677,2.0567445884997695,0.6197961407475091
-0.811401300628618,0.1321678010265333,0.3888015304921694
-0.9678880524997194,-0.8301205927100848,-0.3094938341479373
0.2057625865335412,-0.8301205927100848,-0.3746457940067032
-0.9902433027670197,0.6133119978948424,0.8257180265864578
-0.42018442095086445,-0.8301205927100848,-0.9864716717073653
0.8205319688842968,-0.8301205927100848,-0.6728056067988905
2.22891273572421,-0.34897639584177576,-0.03335118596285443
0.19458496139989112,1.0944561947631515,2.125273314446515
0.04927583466243979,0.1321678010265333,0.15936325677520477
1.692386729309005,-0.34897639584177576,-0.6150783717103543
-0.5543159225546657,0.1321678010265333,0.037969006781948596
-0.6325592984902164,-0.34897639584177576,-0.7490660971792694
-0.7555131749603675,-0.34897639584177576,-0.7548345371930633
-0.7219802995594172,-0.34897639584177576,0.044122961351119705
-0.9567104273660694,-0.34897639584177576,-0.427475566410261
-0.42018442095086445,-0.8301205927100848,0.3815624238411955
-0.8561118011632184,1.0944561947631515,-0.27963787358149433
1.1446830977601496,-0.34897639584177576,0.07866220984955388
-0.9902433027670197,-0.8301205927100848,-0.9799322025828167
-0.7219802995594172,0.1321678010265333,0.8726651324412952
0.3957822138055929,0.1321678010265333,0.2842699727174543
-0.07367804180771133,-0.34897639584177576,-0.20974551252327395
-0.23016479367881273,-0.8301205927100848,-0.5126885614655131
1.0217292212899987,-0.8301205927100848,-1.006147192348474
0.23929546193449153,-0.8301205927100848,-0.7094723245103327
-0.12956616747596184,-0.34897639584177576,0.1792957871198985
1.7594524801109055,-0.8301205927100848,-0.4948263870663642
1.5694328528388537,-0.8301205927100848,-0.8357925938222991
-0.23016479367881273,0.1321678010265333,-0.5015514743101684
-0.25252004394611294,-0.8301205927100848,-0.8524268329709869
-0.4537172963518148,0.1321678010265333,-0.6860416065335116
-0.18545429314421233,-0.8301205927100848,-0.8987028579331302
-0.34194104501531375,-0.8301205927100848,-0.6430210378167766
-0.8449341760295683,-0.34897639584177576,-0.800096801657733
-0.9790656776333695,-0.8301205927100848,-1.0287069329964798
2.1730246100559594,-0.8301205927100848,-0.9501619119175687
-0.9790656776333695,1.5756003916314605,0.004300735612329846
-0.5654935476883158,-0.8301205927100848,-0.8107341477227736
-0.6213816733565662,-0.8301205927100848,-0.40325954100581934
-0.18545429314421233,-0.34897639584177576,-0.46838294423085364
1.4241237261014024,-0.8301205927100848,-1.0492391526495382
1.055262096690949,-0.8301205927100848,-0.9723789729607946
-0.6549145487575166,0.6133119978948424,0.5385096828303596
-0.24134241881246285,-0.8301205927100848,-0.27402649505322446
1.0217292212899987,-0.8301205927100848,-0.43451477662511345
-0.8561118011632184,-0.34897639584177576,-0.44275336545669525
1.6141433533734542,-0.8301205927100848,-0.9404526564488067
-0.6772697990248168,1.0944561947631515,2.6230439970229558
1.927116857115657,-0.8301205927100848,-0.8342790922345215
-0.9790656776333695,-0.34897639584177576,-0.9017441394255512
-0.4425396712181647,0.6133119978948424,0.004243622344866592
1.7259196047099552,-0.8301205927100848,-0.9724360862282578
-0.11838854234231173,-0.34897639584177576,8.86321369109876e-05
2.050070733585808,-0.8301205927100848,-0.6816867198894345
-0.14074379260961192,-0.8301205927100848,-0.6963648296275041
-0.6884474241584669,1.0944561947631515,1.9668982237707688
-0.19663191827786244,-0.34897639584177576,-0.573814035968116
-0.8337565508959183,1.5756003916314605,2.9593126375300334
1.4688342266360028,-0.34897639584177576,-0.8461443735500233
-0.6660921738911667,0.6133119978948424,0.49111994915268165
-0.7666908000940176,3.5001771791046967,1.2425163742167968
-0.6772697990248168,0.1321678010265333,0.6382437261381569
0.1610520859989408,-0.8301205927100848,-0.8272969952871323
-0.9678880524997194,-0.34897639584177576,-0.17444951323095098
1.7259196047099552,-0.8301205927100848,-0.4611866725304772
0.9658410956217481,-0.34897639584177576,0.03322860558249416
0.8764200945525473,-0.34897639584177576,-0.8516272472265006
-0.5431382974210156,-0.8301205927100848,-0.7422553400342703
-0.21898716854516265,-0.8301205927100848,-0.4170523950982078
-0.8449341760295683,-0.34897639584177576,0.5742054749949256
0.5522689656766944,0.6133119978948424,-0.29875653986483586
-0.9119999268314689,0.6133119978948424,0.09126996364207851
1.0887949720918992,-0.8301205927100848,-1.101412122477268
-0.8449341760295683,0.6133119978948424,0.6527219394401048
-0.811401300628618,-0.8301205927100848,-0.9873854839867782
-0.26369766907976305,-0.34897639584177576,-0.34743132206043803
-0.8561118011632184,1.5756003916314605,-0.719324363147753
-0.7555131749603675,0.1321678010265333,0.7687047073412131
-0.7108026744257671,0.1321678010265333,1.2590078301968264
-0.4090067958172144,-0.34897639584177576,-0.7228653857304779
-0.6437369236238665,0.6133119978948424,1.116010486785575
-0.5431382974210156,-0.8301205927100848,-0.8949762172311495
-0.20780954341151253,1.5756003916314605,1.370478649968333
-0.9678880524997194,1.0944561947631515,0.31054207575057485
-0.34194104501531375,-0.34897639584177576,-0.6943087519988251
-0.4984277968864152,2.0567445884997695,3.0689415544258494
-1.0125985530343198,0.6133119978948424,0.6430269622882087
-0.17427666801056224,-0.34897639584177576,-0.5538672273065565
-0.21898716854516265,-0.34897639584177576,-0.8351786261970686
1.8376958560464562,-0.34897639584177576,0.66464433402307
-0.25252004394611294,-0.34897639584177576,-0.4749652483059996
0.48520321487479373,0.6133119978948424,-0.21789843145366072
1.6700314790417046,-0.8301205927100848,-0.996280875394188
1.5135447271706033,-0.34897639584177576,1.6955388117357375
-0.6102040482229162,0.1321678010265333,-0.3985905313906941
-0.5096054220200653,-0.8301205927100848,-0.2197117776956208
-0.07367804180771133,1.0944561947631515,3.168875494169768
-0.811401300628618,3.5001771791046967,2.366605426112713
-0.9902433027670197,1.0944561947631515,1.200124051442158
1.4241237261014024,0.1321678010265333,0.45483874599661656
-0.15192141774326204,-0.8301205927100848,-0.7264635215806662
1.9606497325166072,-0.34897639584177576,0.12949301789189596
-0.8561118011632184,2.0567445884997695,1.3703073101659433
-0.7331579246930673,-0.8301205927100848,-0.9388820415935657
1.9047616068483568,-0.8301205927100848,-0.7396709646815556
-0.0066122910058107175,-0.34897639584177576,-0.3342667139101462
2.3518666121943608,2.0567445884997695,-0.07458696507136112
-0.7331579246930673,1.0944561947631515,0.7827831277709179
-0.5096054220200653,0.6133119978948424,0.3394985023544708
-0.4425396712181647,0.1321678010265333,-0.09623289343995392
-0.6660921738911667,-0.8301205927100848,-0.2952155172821109
-0.4425396712181647,0.1321678010265333,-0.2338044764421915
-0.14074379260961192,1.0944561947631515,2.051654312686314
-0.43136204608451456,-0.8301205927100848,-0.5610063857394697
2.3071561116597605,-0.8301205927100848,-1.151914529231696
0.954663470488098,-0.8301205927100848,-0.6960792632901875
-0.4984277968864152,-0.8301205927100848,-0.49346994696411073
-0.699625049292117,2.0567445884997695,2.0027082424702614
-0.9008223016978189,2.0567445884997695,0.6873611361566
-0.5990264230892661,-0.34897639584177576,0.036484061827902536
-0.8225789257622681,1.0944561947631515,1.007181155634246
-0.5207830471537154,1.0944561947631515,-0.26640187384687325
-0.6772697990248168,-0.8301205927100848,1.3624542358897387
-0.37547392041626404,-0.8301205927100848,-0.8375488267967957
0.25047308706814164,0.1321678010265333,0.9493968072782464
1.379413225566802,-0.8301205927100848,-0.8154459922884965
2.541886239466413,-0.8301205927100848,-1.0047336389787571
-0.29723054448071334,-0.8301205927100848,-0.6299135429339479
-0.9343551770987691,0.1321678010265333,-0.02958171031027627
0.06045345979608989,-0.8301205927100848,-0.7051888294505848
-0.8002236754949679,0.1321678010265333,0.5664666272536476
1.2005712234284003,-0.8301205927100848,-0.28365008062079144
2.26244561112516,-0.8301205927100848,-1.108722620712571
2.027715483318508,-0.34897639584177576,0.47845508209269344
-0.4872501717527651,0.1321678010265333,-0.4746368470180856
1.8824063565810565,-0.8301205927100848,-0.6410506300892925
-0.37547392041626404,1.0944561947631515,-0.07625752814466275
-0.6549145487575166,1.0944561947631515,2.0448007205907177
-0.38665154554991416,-0.8301205927100848,-0.9122672589556653
-0.26369766907976305,0.6133119978948424,-0.2127296807482317
-0.9119999268314689,3.9813213759730055,1.2579226781150235
-0.35311867014896386,-0.8301205927100848,-0.6267723132234662
-0.12956616747596184,-0.34897639584177576,-0.8394050079893531
-0.19663191827786244,-0.34897639584177576,-0.8061079730582459
0.0939863351970402,-0.34897639584177576,-0.5543812467137262
-0.8002236754949679,-0.8301205927100848,-1.0036342085800887
0.3510717132709925,-0.34897639584177576,-0.30858002186852446
-0.9343551770987691,-0.8301205927100848,-1.0419000977805035
-0.9790656776333695,1.5756003916314605,1.049616313359482
-0.699625049292117,2.0567445884997695,1.2782978362825579
2.1283141095213587,-0.34897639584177576,-0.9996648364913888
-0.38665154554991416,-0.8301205927100848,-0.8091064196000695
-1.0125985530343198,3.5001771791046967,0.55113171493975
-0.028967541273110922,-0.8301205927100848,-0.7208949780029938
-0.9008223016978189,-0.8301205927100848,0.5027996123489277
0.7981767186169966,0.6133119978948424,1.1190232116442642
-0.29723054448071334,-0.8301205927100848,-0.682800428604969
-0.7666908000940176,0.1321678010265333,-0.39053756067836803
0.9211305950871477,-0.34897639584177576,-0.4996239015332819
0.1275192105979905,0.6133119978948424,-0.06903269981055465
0.5746242159439946,0.1321678010265333,0.44417284329784423
0.08280871006339009,-0.34897639584177576,-0.7454536830122153
-0.7666908000940176,1.0944561947631515,0.14875446734389583
1.1223278474928495,-0.8301205927100848,-0.7152978777915899
-0.9678880524997194,-0.34897639584177576,-0.37614501727761496
-0.9343551770987691,3.5001771791046967,1.2017660578817284
0.1275192105979905,0.6133119978948424,-0.5617774148502243
-0.9902433027670197,3.0190329822363875,1.1340440009871136
0.04927583466243979,-0.8301205927100848,-0.44676557249599247
1.5135447271706033,-0.8301205927100848,-0.6455625782188937
-0.8449341760295683,-0.34897639584177576,-0.4995525099489528
-0.587848797955616,-0.34897639584177576,-0.05044233125124852
-0.4537172963518148,-0.8301205927100848,-0.6693788107510922
0.015742959261489484,-0.34897639584177576,-0.9737925263305114
0.731110967815096,-0.8301205927100848,-0.8756719328285523
-0.587848797955616,-0.8301205927100848,-0.691924273082232
1.0329068464236488,0.1321678010265333,-0.8729162176734477
-1.0125985530343198,0.6133119978948424,0.4226696980979097
1.5247223523042532,-0.8301205927100848,-0.5669176089219218
0.40695983893924303,-0.34897639584177576,-0.8990455375379101
-0.5766711728219659,-0.34897639584177576,-0.7976409311568109
1.1782159731611,-0.34897639584177576,-0.31649020941219225
-0.6102040482229162,1.5756003916314605,1.5125193461495743
0.1051639603306903,0.1321678010265333,0.6477816418045291
-0.46489492148546485,-0.8301205927100848,-0.8512560109879892
-0.5431382974210156,-0.8301205927100848,-0.8810691366038346
-0.43136204608451456,-0.8301205927100848,-0.7554485048182937
1.0664397218245991,-0.8301205927100848,-0.9794039048587813
-0.9790656776333695,0.1321678010265333,-0.6683079369861552
-0.9119999268314689,-0.34897639584177576,-0.9503618083536901
-0.7555131749603675,-0.34897639584177576,-0.6883689721826414
-0.8561118011632184,-0.8301205927100848,-1.1067236563513554
0.5969794662112947,-0.34897639584177576,-0.0895220845130156
-0.35311867014896386,-0.34897639584177576,-0.909168864195781
-0.6772697990248168,-0.34897639584177576,-0.43935512604262855
0.5522689656766944,0.1321678010265333,-0.8606511434857028
-0.7666908000940176,0.6133119978948424,0.00944092968402739
-0.7778684252276677,1.5756003916314605,2.858279267387446
-0.16309904287691213,0.1321678010265333,-0.18631479454645283
-0.27487529421341317,1.0944561947631515,1.8347952361281428
-0.8896446765641687,1.5756003916314605,0.05156196443821532
-0.08485566694136143,-0.8301205927100848,-1.1382787366248317
-0.6772697990248168,2.0567445884997695,0.9722421142635687
-0.27487529421341317,-0.8301205927100848,-0.5404456094526796
-0.27487529421341317,0.1321678010265333,-0.15047621921322848
1.0664397218245991,-0.34897639584177576,-0.7682133200963426
-0.5990264230892661,-0.34897639584177576,-0.543529725895698
-0.8561118011632184,0.1321678010265333,-0.5141592281026931
-0.6325592984902164,-0.8301205927100848,-0.8826540297759414
1.1558607228937998,0.1321678010265333,1.0968061506010383
-1.0014209279006698,1.0944561947631515,-0.0972038189868302
-1.0125985530343198,1.0944561947631515,-0.41738079638612163
-0.29723054448071334,-0.8301205927100848,-0.8684613828113099
2.3183337367934107,-0.34897639584177576,-0.7435118319184629
-0.7331579246930673,0.1321678010265333,-0.4418823881278799
-0.9343551770987691,1.5756003916314605,0.6575908454913517
-0.8337565508959183,0.1321678010265333,0.1093748694279465
0.2728283373354418,-0.8301205927100848,1.279868451137799
-0.699625049292117,-0.8301205927100848,-0.6386804294895654
-0.10721091720866163,0.6133119978948424,-0.35826856456160033
-0.699625049292117,1.0944561947631515,0.1688440591741135
-0.21898716854516265,-0.8301205927100848,-0.6159207924054381
-0.9790656776333695,2.5378887853680787,0.9972720037293623
-0.699625049292117,3.9813213759730055,2.4916692035404866
2.2177351105905596,-0.8301205927100848,-0.995295671530446
-0.6213816733565662,-0.8301205927100848,-0.8948905473299547
-0.9231775519651191,1.5756003916314605,-0.269614495141684
-0.7555131749603675,-0.34897639584177576,-0.3542420792054374
2.0724259838531083,-0.8301205927100848,-0.598244236125545
-0.46489492148546485,1.5756003916314605,0.3688261651968782
0.7199333426814459,3.9813213759730055,2.5440277914874723
-0.34194104501531375,-0.8301205927100848,-0.937125808619069
-0.7890460503613178,0.1321678010265333,0.0276743403216877
0.2728283373354418,0.1321678010265333,-0.38188490065767733
-0.9790656776333695,2.0567445884997695,0.6923299904259076
-0.7331579246930673,0.1321678010265333,-0.6162777503270838
-0.43136204608451456,-0.8301205927100848,-0.9427657437810706
-1.0125985530343198,-0.34897639584177576,-0.35307125722243954
-0.4090067958172144,-0.34897639584177576,0.17208523710265608
-0.7331579246930673,-0.8301205927100848,-0.783319779340387
-0.9231775519651191,0.6133119978948424,2.7145537298160374
-0.8784670514305186,3.0190329822363875,1.562736186566686
1.3458803501658516,0.1321678010265333,0.008884075326260179
1.6141433533734542,-0.8301205927100848,-0.5768838740942686
0.5299137154093941,0.1321678010265333,-0.5361335577592
-0.9790656776333695,1.5756003916314605,0.6793081654442737
-0.38665154554991416,0.1321678010265333,0.5255164144824573
0.48520321487479373,0.1321678010265333,0.6671430394745896
0.19458496139989112,-0.34897639584177576,-0.9179500290682643
-0.6884474241584669,-0.8301205927100848,-1.127569998975462
-1.0125985530343198,3.0190329822363875,1.8198743950033538
1.0440844715572988,0.6133119978948424,-0.4166954371765621
-0.8225789257622681,-0.8301205927100848,-0.716440143140856
1.6476762287744044,-0.34897639584177576,-0.562377104158589
-0.051322791540411125,-0.8301205927100848,-0.9897128496359078
-0.587848797955616,0.1321678010265333,-0.43328684137465234
0.2728283373354418,-0.8301205927100848,-0.8229135520093237
1.0664397218245991,-0.8301205927100848,-0.9994221051046699
1.5135447271706033,-0.8301205927100848,-0.8700034410328191
-0.9343551770987691,2.0567445884997695,1.9196655515786143
1.0887949720918992,-0.8301205927100848,-0.7017620334027865
-0.9790656776333695,-0.34897639584177576,-0.5298368200213706
-0.587848797955616,0.1321678010265333,-0.22859289078616488
-0.5990264230892661,-0.8301205927100848,-0.6472331412921954
1.9606497325166072,-0.8301205927100848,-0.7981406722471148
-0.15192141774326204,-0.8301205927100848,-0.6656236134153799
-0.9790656776333695,1.5756003916314605,1.4870753854946717
1.826518230912806,-0.34897639584177576,0.311198878326403
-0.34194104501531375,-0.8301205927100848,-0.6088958605074515
-0.8784670514305186,2.0567445884997695,1.5639926784508784
-0.6884474241584669,-0.34897639584177576,1.5173454172502239
-0.9902433027670197,2.0567445884997695,1.1512493728104343
-0.9678880524997194,-0.8301205927100848,-0.9771907657445781
-0.9455328022324192,1.5756003916314605,0.4608213607633979
1.4241237261014024,-0.8301205927100848,-0.9016870261580879
-0.9008223016978189,1.0944561947631515,1.1476940719108435
-0.6884474241584669,1.5756003916314605,0.9230247560270649
2.1953798603232593,0.1321678010265333,-0.15493105407536634
0.6528675918795452,0.6133119978948424,-0.7360585505145015
-0.7666908000940176,-0.34897639584177576,-0.4650275397673845
-0.06250041667406123,0.1321678010265333,0.9755261271427087
-0.5096054220200653,-0.34897639584177576,0.7162461711761665
-0.9678880524997194,0.6133119978948424,-0.04101864211980322
-0.4537172963518148,1.5756003916314605,0.11340135478410962
-0.8225789257622681,-0.8301205927100848,-0.878327699765596
-0.6884474241584669,-0.8301205927100848,-0.7704692941611433
-0.9343551770987691,0.1321678010265333,-0.32422905715347006
-0.699625049292117,0.1321678010265333,1.4679567192113303
-0.5654935476883158,-0.34897639584177576,0.15647903676830788
-0.9008223016978189,0.6133119978948424,0.639057590199509
-0.6772697990248168,-0.8301205927100848,-1.0558928483090133
-0.5207830471537154,0.1321678010265333,-1.0204112308974347
-0.34194104501531375,0.1321678010265333,-0.6464335555477091
1.0440844715572988,-0.34897639584177576,-0.9361977180227905
-0.14074379260961192,1.5756003916314605,0.09573907682108233
0.21694021166719132,-0.34897639584177576,-0.13494141046320934
-0.30840816961436346,-0.8301205927100848,-0.9475632582479883
-0.8896446765641687,-0.34897639584177576,-0.6141931160646731
-0.06250041667406123,0.1321678010265333,0.31359763555986186
-0.8449341760295683,0.1321678010265333,-0.0927918190752898
1.7259196047099552,-0.34897639584177576,-0.5382610269722081
-0.040145166406761024,-0.8301205927100848,0.6522507549835326
-0.6884474241584669,-0.8301205927100848,-0.996780616484492
0.5187360902757441,-0.8301205927100848,-0.5151301536495694
-0.7219802995594172,0.1321678010265333,0.372638475800054
-0.9902433027670197,1.0944561947631515,0.3227928716214538
-0.6660921738911667,0.6133119978948424,1.3202760878680875
-0.7443355498267175,-0.8301205927100848,0.19700090003352322
0.23929546193449153,0.1321678010265333,-0.672605710362769
0.731110967815096,-0.8301205927100848,-0.24057239863659322
-0.07367804180771133,0.1321678010265333,0.4146310057024496
0.29518358760274205,0.1321678010265333,0.16397515312286673
1.1446830977601496,-0.8301205927100848,-0.8133185230754884
-0.7108026744257671,-0.8301205927100848,-0.5874355502581144
0.4404927143401933,-0.8301205927100848,-0.44552335892866557
-0.7108026744257671,1.0944561947631515,0.7793420534062535
-0.10721091720866163,0.1321678010265333,0.5274154306256125
1.9494721073829573,-0.8301205927100848,-0.8228136037912629
2.485998113798162,0.6133119978948424,-0.39576342465126046
-0.7890460503613178,2.0567445884997695,0.9289930924769805
-0.364296295282614,0.1321678010265333,0.06416971823074011
-0.7108026744257671,3.0190329822363875,2.7117266230766037
0.25047308706814164,-0.8301205927100848,-0.7228653857304779
-0.7108026744257671,3.0190329822363875,2.3109771036034537
-0.8225789257622681,0.6133119978948424,0.9075042255939114
-0.8225789257622681,0.6133119978948424,0.0337140683559323
-0.6213816733565662,0.1321678010265333,0.04365177689454738
-0.6213816733565662,-0.34897639584177576,-0.6172629541908258
-0.15192141774326204,-0.8301205927100848,-0.987642493690363
-0.7778684252276677,-0.34897639584177576,-0.7465959483614815
-0.7443355498267175,-0.34897639584177576,-0.7447540454857897
-0.6549145487575166,-0.34897639584177576,1.7038916271022457
0.19458496139989112,0.1321678010265333,0.8499483303077653
-0.6325592984902164,-0.34897639584177576,2.766398298355853
0.3510717132709925,1.0944561947631515,1.0735753290603387
-0.9455328022324192,1.5756003916314605,1.7699002859729613
-0.7108026744257671,0.6133119978948424,1.6855582682465247
-0.9790656776333695,2.0567445884997695,1.6621989418540328
-0.46489492148546485,0.6133119978948424,1.375747348891823
2.575419114867363,-0.8301205927100848,-0.7260637287084231
-0.7666908000940176,0.1321678010265333,0.7334087080488901
-0.8561118011632184,0.6133119978948424,0.30216070375033477
-1.0014209279006698,2.5378887853680787,0.20548222025182403
-0.8225789257622681,-0.34897639584177576,0.23021226506343548
-0.9119999268314689,0.6133119978948424,1.1582885830252867
1.9047616068483568,-0.8301205927100848,-1.1208591900485234
0.7534662180823962,-0.34897639584177576,-0.20664711776338968
-0.699625049292117,1.5756003916314605,0.10106488901203545
0.8205319688842968,-0.8301205927100848,-0.9241039836374355
-0.4984277968864152,-0.8301205927100848,-0.8265688011269752
-0.9567104273660694,2.5378887853680787,-0.01340437730129488
-0.9343551770987691,0.1321678010265333,0.03854013945658162
2.1953798603232593,-0.8301205927100848,-0.9913548560754778
2.5307086143327626,-0.8301205927100848,-0.9330707666291744
-0.9902433027670197,-0.34897639584177576,-0.2907035691525098
1.5806104779725039,-0.8301205927100848,-0.7182677676996818
0.3063612127363921,-0.8301205927100848,-0.9597712191682699
0.7869990934833465,-0.8301205927100848,-0.6642386166793948
1.0440844715572988,-0.8301205927100848,-0.7371437025963044
-0.46489492148546485,-0.8301205927100848,-0.8281536942990819
0.6752228421468455,1.0944561947631515,0.2554991642328141
-0.9678880524997194,1.0944561947631515,2.359723277383385
0.17222971113259092,-0.34897639584177576,-0.5672888451604333
-0.8449341760295683,2.0567445884997695,0.47007371009245347
2.061248358719458,-0.8301205927100848,-0.6139789413116856
1.7370972298436054,-0.8301205927100848,-0.5088619725454716
1.6476762287744044,-0.8301205927100848,-0.33055435152503126
-1.0125985530343198,-0.34897639584177576,0.24853134560229082
0.1610520859989408,0.1321678010265333,-0.08670925609044776
-0.7666908000940176,0.6133119978948424,1.2908770334413509
-0.4425396712181647,-0.8301205927100848,-0.9789612770359406
1.1558607228937998,0.1321678010265333,1.2550527364249924
-0.7555131749603675,-0.8301205927100848,-0.8520270400987437
-0.18545429314421233,-0.8301205927100848,-0.6870268103972537
-0.8225789257622681,-0.34897639584177576,-0.7978836625435298
-0.9343551770987691,-0.34897639584177576,-0.7017905900365181
-0.6660921738911667,0.1321678010265333,0.6517510138932289
-0.7778684252276677,0.1321678010265333,1.039992727791915
-0.699625049292117,3.5001771791046967,1.2921192470086778
-0.7778684252276677,-0.34897639584177576,-0.7387714307190085
-0.6549145487575166,2.0567445884997695,2.3656916138333
2.150669359788659,-0.8301205927100848,-0.9307005660294472
-0.587848797955616,-0.34897639584177576,-0.8626501078469185
-0.37547392041626404,-0.34897639584177576,0.036084268955659436
2.2065574854569094,-0.8301205927100848,-0.8361352734270789
-0.14074379260961192,-0.8301205927100848,-0.7035611013278806
1.4129461009677522,-0.8301205927100848,-1.0717417800300806
-0.5319606722873654,0.6133119978948424,0.9040774295461134
1.2341040988293506,-0.8301205927100848,-0.7201667838428367
0.9658410956217481,0.1321678010265333,-0.14095258186372234
-0.39782917068356427,0.6133119978948424,-0.03789169072618715
-0.38665154554991416,-0.34897639584177576,-0.8147035198114734
-0.4984277968864152,-0.34897639584177576,-0.9516611351884805
1.5135447271706033,-0.8301205927100848,-0.866062625577851
-0.9008223016978189,2.0567445884997695,2.375515095836989
0.1610520859989408,-0.34897639584177576,-0.6093384883302921
-0.364296295282614,-0.34897639584177576,-0.5222550337656168
-0.7108026744257671,2.0567445884997695,1.8321537475079643
-0.6213816733565662,2.0567445884997695,1.2690454869535026
2.038893108452158,-0.34897639584177576,-0.7822917405260474
-0.6884474241584669,-0.8301205927100848,0.2891388787687011
-0.7555131749603675,0.1321678010265333,-0.16889524797014455
-0.42018442095086445,-0.8301205927100848,-0.7435118319184629
0.9323082202207978,0.6133119978948424,1.0766594455033571
-0.42018442095086445,-0.8301205927100848,-0.6088673038737198
-0.43136204608451456,-0.8301205927100848,-0.8656485543887421
-0.7219802995594172,2.5378887853680787,2.151331242726649
1.804162980645506,-0.8301205927100848,-0.8333652799551086
-0.5766711728219659,2.0567445884997695,2.81385942361786
-0.35311867014896386,1.5756003916314605,0.3549761978370269
1.591788103106154,-0.8301205927100848,-0.995210001629251
-0.9790656776333695,3.5001771791046967,1.6298157192023384
-0.6660921738911667,-0.8301205927100848,-0.9941676844980457
-0.9455328022324192,-0.34897639584177576,-0.6796877555282188
-0.29723054448071334,-0.8301205927100848,-0.6880120142609957
2.4412876132635617,-0.34897639584177576,-0.5620201462369434
2.4301099881299115,-0.8301205927100848,-0.5954314077029771
-0.811401300628618,1.5756003916314605,0.18392196178442627
-0.8449341760295683,2.5378887853680787,1.5643068014219266
0.04927583466243979,-0.34897639584177576,-0.702133269641298
-0.9902433027670197,-0.34897639584177576,-0.5607636543527507
-0.6325592984902164,-0.8301205927100848,-0.8847243857214863
1.0217292212899987,-0.8301205927100848,-0.9432512065545087
-0.7443355498267175,-0.34897639584177576,-0.371875800534733
-0.8784670514305186,1.5756003916314605,0.15081054497257473
-0.9008223016978189,-0.34897639584177576,-0.7079445446056893
2.4748204886645118,-0.8301205927100848,-0.6111232779385204
0.183407336266241,-0.34897639584177576,0.46337717948238083
-0.43136204608451456,-0.8301205927100848,0.20616757946138373
1.2676369742303009,-0.8301205927100848,-0.9124671553917869
-0.8561118011632184,-0.8301205927100848,-0.7573475209614486
0.3175388378700422,-0.8301205927100848,-0.702290331126822
-0.9790656776333695,-0.34897639584177576,-0.6118800287324091
0.28400596246909193,-0.34897639584177576,-0.6590841442908313
-0.8225789257622681,-0.8301205927100848,-0.9027436216061592
-0.9678880524997194,-0.34897639584177576,-0.7700552229720342
-0.5654935476883158,-0.34897639584177576,-0.7410845180512724
0.17222971113259092,-0.34897639584177576,-0.8145892932765468
0.6305123416122451,-0.34897639584177576,-0.327370286863952
-0.4425396712181647,1.0944561947631515,0.6323182246388392
1.3011698496312512,-0.8301205927100848,-1.066687255859578
0.5299137154093941,-0.34897639584177576,-0.3719471921190621
-1.0014209279006698,0.1321678010265333,-0.733802576449701
0.3957822138055929,-0.34897639584177576,-0.7043606870723669
0.183407336266241,0.6133119978948424,-0.06691950891441233
-0.5543159225546657,0.6133119978948424,1.9106130986856809
-0.6325592984902164,-0.8301205927100848,-1.0033200856090405
1.5247223523042532,-0.34897639584177576,0.36387158924443674
1.6700314790417046,-0.8301205927100848,-0.8059651898895878
-0.37547392041626404,-0.8301205927100848,-0.8890792723655634
0.42931508920654327,0.1321678010265333,1.2492842964111985
-0.35311867014896386,1.5756003916314605,1.1950552489547899
-0.7778684252276677,-0.8301205927100848,-0.9411380156583664
-0.7331579246930673,2.0567445884997695,0.3406122110700052
-0.9231775519651191,2.0567445884997695,0.8668681357937698
-0.6660921738911667,0.1321678010265333,0.17207095878579026
-0.9790656776333695,-0.34897639584177576,-0.4247769645226198
2.4189323629962614,-0.8301205927100848,-0.37081920508666166
-0.9343551770987691,3.0190329822363875,1.4900167187690319
-0.699625049292117,0.1321678010265333,-0.3762449654956758
-0.8337565508959183,-0.8301205927100848,-0.9742494324702178
0.1051639603306903,-0.34897639584177576,-0.44560902882986053
-0.8896446765641687,0.6133119978948424,-0.21974033432935242
-0.7890460503613178,-0.8301205927100848,-0.9241896535386304
-0.8561118011632184,1.0944561947631515,0.4642196001774648
0.03809820952878969,-0.8301205927100848,-1.0391158259916673
-0.15192141774326204,-0.34897639584177576,0.8200638131075905
0.5299137154093941,0.1321678010265333,-0.23731694239118484
-0.6772697990248168,-0.8301205927100848,2.167922646924739
-0.7443355498267175,2.5378887853680787,2.4521753790896113
-0.5096054220200653,0.1321678010265333,2.555578949831926
0.0939863351970402,0.1321678010265333,0.5570143814884707
-0.9343551770987691,-0.34897639584177576,-0.21895502690173205
-0.8561118011632184,2.0567445884997695,0.13708908246451554
-0.8225789257622681,0.6133119978948424,0.25125850412366363
2.105958859254059,-0.8301205927100848,-1.0190547907951812
-0.8672894262968686,-0.34897639584177576,-0.4103558644881351
-0.7666908000940176,-0.34897639584177576,-0.6376809473089575
0.36224933840464263,-0.8301205927100848,-0.9071127865671019
-0.06250041667406123,-0.8301205927100848,-0.45156308696291014
2.3518666121943608,-0.34897639584177576,-0.7188960136417782
0.6640452170131954,0.6133119978948424,1.6713513429650273
0.026920584395139585,-0.34897639584177576,-0.8097917788096292
0.731110967815096,0.1321678010265333,-0.18307361661791027
-0.5096054220200653,-0.8301205927100848,-0.9322140676172248
-0.8561118011632184,0.6133119978948424,-0.41523904885624785
-0.06250041667406123,-0.8301205927100848,-0.8303525550964191
-0.8561118011632184,1.0944561947631515,0.4941612306451025
0.9770187207553982,-0.8301205927100848,-1.0169844348496364
-0.9343551770987691,0.6133119978948424,0.6722403985956896
-0.6213816733565662,0.1321678010265333,-0.3189175232793828
0.41813746407289315,-0.34897639584177576,1.3271582365974157
-0.4537172963518148,-0.8301205927100848,0.831786311254434
2.463642863530862,-0.8301205927100848,-0.9028007348736224
-0.7555131749603675,-0.34897639584177576,-0.6084246760508792
2.363044237328011,-0.34897639584177576,-0.6420929472204979
-0.9008223016978189,-0.8301205927100848,-0.9747063386099243
-0.8337565508959183,0.1321678010265333,-0.3459178204726605
-0.47607254661911497,0.1321678010265333,-0.46020146866673517
1.6476762287744044,-0.34897639584177576,-0.7114570105546826
1.6364986036407543,-0.8301205927100848,-0.9180356989694592
-0.7666908000940176,2.5378887853680787,1.525441222913147
-0.20780954341151253,0.6133119978948424,-0.5201989561369378
-0.8337565508959183,0.1321678010265333,-0.5598641203902036
-0.5654935476883158,2.5378887853680787,0.7519990766081962
-0.5766711728219659,0.6133119978948424,-0.2335760233723383
1.4241237261014024,-0.34897639584177576,-0.44939278279930456
1.2005712234284003,0.1321678010265333,-0.5859934402546658
-0.23016479367881273,-0.34897639584177576,-0.8671334993427879
-0.9008223016978189,-0.8301205927100848,-0.6008143331613938
-0.29723054448071334,-0.8301205927100848,-1.0638887057538762
-0.9790656776333695,-0.8301205927100848,-0.8811405281881638
-0.811401300628618,-0.34897639584177576,-0.6769463186899802
-0.8561118011632184,-0.8301205927100848,-0.7915869248057005
-0.9343551770987691,1.5756003916314605,2.6784867014129596
-0.8002236754949679,-0.34897639584177576,-0.09094991619959823
-0.15192141774326204,0.6133119978948424,0.6411707810956513
0.8093543437506467,-0.34897639584177576,-0.4307881359231327
2.407754737862611,-0.34897639584177576,-0.5614775701960419
1.4241237261014024,-0.8301205927100848,-0.8661768521127777
-0.7778684252276677,-0.34897639584177576,-0.184330108502103
0.2616507122017917,0.1321678010265333,-0.22435223067701437
0.38460458867194286,1.0944561947631515,1.8380935273241485
-0.6213816733565662,-0.8301205927100848,-0.78043555933349
-1.0125985530343198,0.1321678010265333,0.3154109818018218
0.7981767186169966,-0.8301205927100848,-1.1106501934894577
1.0440844715572988,-0.34897639584177576,-0.05519701076756878
-0.8449341760295683,1.0944561947631515,0.5771468082692858
-0.8896446765641687,0.1321678010265333,-0.0450736841096978
-0.9902433027670197,2.0567445884997695,0.6390290335657773
-0.5319606722873654,-0.34897639584177576,-0.046415845895085565
-0.12956616747596184,-0.8301205927100848,-0.4321588543422521
-0.5543159225546657,-0.34897639584177576,-0.49552602459278966
-0.46489492148546485,0.1321678010265333,-0.30224044918009746
-0.8449341760295683,1.5756003916314605,1.6689383074147026
-0.5096054220200653,-0.34897639584177576,-0.16005696983019807
-0.811401300628618,-0.34897639584177576,-0.07330191655343676
-0.21898716854516265,-0.8301205927100848,-1.0133434640488506
0.40695983893924303,0.1321678010265333,-0.40777148913542044
-0.6549145487575166,-0.34897639584177576,-0.777808349030178
2.4748204886645118,-0.8301205927100848,-0.5814243788576015
-0.8225789257622681,-0.34897639584177576,-0.6350251803719138
-0.040145166406761024,-0.8301205927100848,-0.7244074439519872
-1.0014209279006698,2.0567445884997695,2.232146516187226
-1.0014209279006698,-0.34897639584177576,-0.8484289042485555
1.815340605779156,-0.8301205927100848,-0.6026276794033536
0.731110967815096,0.1321678010265333,-0.8910925150436447
-0.6102040482229162,1.5756003916314605,2.053296319125884
1.4353013512350525,-0.8301205927100848,-0.3944640978164703
0.6305123416122451,0.1321678010265333,3.0406133737640495
0.954663470488098,-0.34897639584177576,-0.9846440471485395
-0.5766711728219659,-0.34897639584177576,-0.3840552048212829
-1.0014209279006698,2.0567445884997695,2.439738965099476
-1.0125985530343198,2.0567445884997695,1.300600567226979
-0.8225789257622681,-0.34897639584177576,-0.4623146595628775
1.1223278474928495,0.6133119978948424,-0.41832316529926633
1.2564593490966507,-0.8301205927100848,-0.9692234649334469
0.3957822138055929,1.0944561947631515,1.323874223718276
-0.8561118011632184,-0.8301205927100848,-0.7053601692529747
-0.5431382974210156,-0.34897639584177576,-0.2187551304656105
0.026920584395139585,1.5756003916314605,-0.26854362137674703
-0.7666908000940176,0.1321678010265333,-0.10664178643514133
-0.35311867014896386,-0.34897639584177576,-0.19249730574935556
-0.8449341760295683,1.0944561947631515,1.5211434495365335
0.742288592948746,-0.8301205927100848,-0.743254822214878
-0.9119999268314689,-0.34897639584177576,-0.06743352832158209
-0.9119999268314689,-0.34897639584177576,-0.961655956994559
-0.8449341760295683,1.0944561947631515,1.5141613525891444
-0.5207830471537154,1.0944561947631515,0.44914169756715183
1.1111502223591994,0.1321678010265333,-0.16129918339752497
-0.14074379260961192,-0.8301205927100848,-0.8797412531353128
-0.15192141774326204,-0.8301205927100848,-0.42647608422965316
-0.9790656776333695,0.6133119978948424,0.6355022892999183
-0.29723054448071334,0.1321678010265333,-0.5660894665437038
1.8935839817147067,-0.8301205927100848,-0.5906053366023278
-0.364296295282614,-0.34897639584177576,-0.6194903716218947
-1.0125985530343198,2.0567445884997695,1.8302118964142124
1.7482748549772553,-0.8301205927100848,-0.6224459832131207
-0.9343551770987691,-0.34897639584177576,-0.44683696408032164
-0.17427666801056224,-0.8301205927100848,-0.7685845563348541
2.2177351105905596,-0.8301205927100848,-0.267901097117785
-0.8337565508959183,0.1321678010265333,0.46760356127466546
1.4464789763687027,-0.34897639584177576,-0.7451966733086304
-0.9231775519651191,0.6133119978948424,-0.1733500828322824
-0.9902433027670197,-0.34897639584177576,-0.3591680985241474
1.278814599363951,3.0190329822363875,3.121985501582394
0.7869990934833465,-0.34897639584177576,0.4787977616974733
-0.17427666801056224,-0.8301205927100848,-0.7257781623711065
1.9047616068483568,-0.34897639584177576,-0.2926025852956646
2.1171364843877085,-0.8301205927100848,-0.6042554075260579
-0.7443355498267175,-0.8301205927100848,-0.7168113793793675
-0.699625049292117,3.5001771791046967,3.0191245068809804
-0.21898716854516265,-0.8301205927100848,-0.424505676502169
0.40695983893924303,-0.8301205927100848,-0.8593518166509126
-0.6772697990248168,0.6133119978948424,-0.24485589369634114
-0.8561118011632184,1.0944561947631515,-0.06514899762304983
2.4301099881299115,-0.8301205927100848,-0.9374684882238489
-0.8337565508959183,1.5756003916314605,1.4756812886357422
-0.42018442095086445,-0.8301205927100848,-0.3765162535161266
-0.6884474241584669,0.1321678010265333,-0.12464674400294862
-1.0014209279006698,1.0944561947631515,0.37152476708451954
-0.9008223016978189,0.6133119978948424,-0.22526604295642727
-0.9678880524997194,0.6133119978948424,0.5502750159278003
-0.42018442095086445,0.6133119978948424,0.18399335336875536
-1.0125985530343198,3.5001771791046967,2.222580043887122
1.0999725972255494,-0.8301205927100848,-0.733631236647311
-0.42018442095086445,-0.8301205927100848,-0.838348412541282
2.105958859254059,-0.8301205927100848,-0.9225333687821946
0.954663470488098,-0.8301205927100848,-1.0480397740328087
-0.6884474241584669,-0.34897639584177576,0.1101744551724327
-0.7331579246930673,-0.8301205927100848,-1.0167417034629174
-0.7443355498267175,-0.34897639584177576,-0.33069713469368955
1.9941826079175575,-0.8301205927100848,-0.9134666375723948
-0.5431382974210156,0.1321678010265333,-0.24014404913061832
1.591788103106154,-0.8301205927100848,-1.009773884832394
-0.7555131749603675,-0.34897639584177576,-0.9447218731916888
1.1782159731611,0.1321678010265333,-0.7758093846689622
-0.35311867014896386,0.6133119978948424,0.17119998145697482
0.42931508920654327,-0.8301205927100848,0.9667735189039569
-1.0125985530343198,1.0944561947631515,1.630501078411898
-0.8002236754949679,-0.34897639584177576,-0.4714670606738722
1.278814599363951,-0.8301205927100848,-0.9318142747449818
-0.8672894262968686,0.1321678010265333,-0.3841551530393436
0.03809820952878969,0.6133119978948424,0.06345580238744879
-0.811401300628618,-0.8301205927100848,-0.9215053299678551
-0.8672894262968686,2.0567445884997695,0.44530083033024476
-0.7555131749603675,0.1321678010265333,-0.5090190340309957
-0.9343551770987691,-0.34897639584177576,0.08461626798260345
-0.46489492148546485,0.6133119978948424,0.8783479025538942
-0.23016479367881273,0.6133119978948424,-0.8335080631237668
-0.699625049292117,0.1321678010265333,-0.6138361581430274
1.692386729309005,-0.8301205927100848,-0.8921919454423135
1.4129461009677522,-0.8301205927100848,-0.952432164299235
-0.9678880524997194,0.1321678010265333,-0.5163152539494329
1.804162980645506,0.1321678010265333,-0.8492570466267734
1.6141433533734542,-0.8301205927100848,-0.9070128383490412
-0.9455328022324192,-0.34897639584177576,0.6165264061852349
0.19458496139989112,0.6133119978948424,0.43716218971672366
0.0939863351970402,0.1321678010265333,0.6135279596434116
-0.35311867014896386,0.6133119978948424,2.2754812078750093
-1.0014209279006698,0.1321678010265333,0.9388165744806689
-0.20780954341151253,2.0567445884997695,1.9892009547151894
-0.07367804180771133,-0.34897639584177576,0.26082497642376723
-0.8896446765641687,-0.34897639584177576,-0.6051406631717391
-0.7666908000940176,2.0567445884997695,2.850212018358254
1.3682356004331517,-0.8301205927100848,1.7617473670425747
-0.8225789257622681,-0.8301205927100848,-0.926431349286565
1.6476762287744044,-0.8301205927100848,-0.9916261440959286
-0.15192141774326204,-0.8301205927100848,-0.5936751747284804
1.401768475834102,-0.34897639584177576,-0.7155548874951748
-0.6549145487575166,-0.34897639584177576,-0.8831394925493794
-0.5654935476883158,1.0944561947631515,0.42159882433297274
-0.43136204608451456,1.5756003916314605,1.7675729203238315
-0.38665154554991416,-0.8301205927100848,-0.6056689608957747
0.42931508920654327,0.1321678010265333,-0.6866555741587421
0.9211305950871477,0.1321678010265333,-0.341691438680376
-0.9567104273660694,0.1321678010265333,0.17101436333771908
2.463642863530862,-0.8301205927100848,-0.85118461940366
-0.35311867014896386,-0.8301205927100848,-1.0409862855010905
-0.7890460503613178,0.1321678010265333,0.8129960462590067
-0.6549145487575166,-0.8301205927100848,-0.40473020764299944
-0.8561118011632184,-0.34897639584177576,0.047078572942345846
-0.8225789257622681,0.6133119978948424,1.7275222415151887
-0.11838854234231173,-0.8301205927100848,-1.0491106477977457
-0.9567104273660694,2.5378887853680787,1.432989121206921
0.8764200945525473,-0.34897639584177576,-0.4382128606933625
-1.0014209279006698,0.1321678010265333,-0.4029025830841737
-0.6772697990248168,0.6133119978948424,0.7343796335957662
-0.6213816733565662,3.0190329822363875,2.2104006396005724
-0.811401300628618,-0.8301205927100848,-0.7495372816358418
-0.6772697990248168,-0.34897639584177576,-0.37615929559448075
2.061248358719458,-0.8301205927100848,-1.0023491600621641
-0.051322791540411125,-0.8301205927100848,-0.2696430517754158
0.3175388378700422,-0.34897639584177576,-0.140238666020431
-1.0125985530343198,3.9813213759730055,2.9772176468797795
1.4241237261014024,0.1321678010265333,0.28254229637668926
-0.29723054448071334,-0.8301205927100848,-0.9672816138396946
-0.34194104501531375,0.6133119978948424,1.4092585585759176
0.5187360902757441,-0.8301205927100848,0.0827886434237777
-0.7890460503613178,-0.8301205927100848,-0.9201346115487357
-0.6102040482229162,0.6133119978948424,0.566923533393354
2.0724259838531083,-0.8301205927100848,-0.9894272832985914
-0.9008223016978189,2.0567445884997695,2.610693252934016
-0.20780954341151253,1.0944561947631515,1.2339065491467036
-0.7331579246930673,-0.34897639584177576,-0.30710935523134436
0.5522689656766944,-0.8301205927100848,-0.9020439840797336
-0.7331579246930673,2.0567445884997695,1.41698312800033
-0.811401300628618,-0.34897639584177576,-0.29394474708105234
-0.9790656776333695,-0.34897639584177576,-0.11757897715436448
-0.28605291934706323,1.0944561947631515,1.7776534120311054
-1.0125985530343198,-0.34897639584177576,-0.6607404290472672
1.5247223523042532,-0.8301205927100848,-0.8635639201263314
-0.8449341760295683,0.6133119978948424,1.0882962737490058
-1.0014209279006698,1.5756003916314605,1.1200798070923352
-0.19663191827786244,-0.34897639584177576,-0.370476525481882
-0.9790656776333695,1.5756003916314605,0.800545353952006
1.927116857115657,-0.8301205927100848,-0.7316179939692296
-0.43136204608451456,-0.34897639584177576,1.687128883101766
-0.7555131749603675,-0.8301205927100848,-0.8939767350505418
-0.9119999268314689,1.5756003916314605,2.375657879005647
-0.5319606722873654,-0.8301205927100848,-0.8154317139716306
0.3957822138055929,0.6133119978948424,-0.09933128819983836
0.5075584651420939,-0.8301205927100848,-0.8710314798471587
0.5634465908103444,-0.8301205927100848,-0.7530211909511033
0.45167033947384344,-0.34897639584177576,-0.06449219504722177
-0.5990264230892661,2.5378887853680787,2.1063402662824293
1.6141433533734542,-0.8301205927100848,-0.6733053478891945
1.8935839817147067,-0.8301205927100848,-0.9360263782204005
-0.8337565508959183,0.6133119978948424,2.461770408023446
1.804162980645506,-0.8301205927100848,-0.5605066446491658
-0.6884474241584669,0.6133119978948424,1.447624395994393
-0.6325592984902164,0.1321678010265333,-0.01680261671536156
0.8652424694188972,-0.34897639584177576,0.10663343258970788
-0.9902433027670197,3.0190329822363875,1.446410739060798
1.0440844715572988,-0.34897639584177576,-0.9396673490211863
1.077617346958249,-0.34897639584177576,-0.781277980028574
0.8764200945525473,-0.8301205927100848,-0.9610134327355967
-0.9008223016978189,-0.34897639584177576,-0.6074109155534055
-0.5207830471537154,-0.8301205927100848,-0.4106414308254517
2.5642414897337127,-0.8301205927100848,-0.9388106500092367
1.2229264736957004,-0.8301205927100848,-0.6912246355558066
1.5694328528388537,-0.8301205927100848,-0.9583005525310897
-0.7331579246930673,0.6133119978948424,0.5503321291952639
0.04927583466243979,0.6133119978948424,2.303852223487406
-0.23016479367881273,0.1321678010265333,0.3176812341834881
-0.8561118011632184,-0.8301205927100848,0.3565896476428651
-0.9790656776333695,0.1321678010265333,2.949189310872163
-0.14074379260961192,0.6133119978948424,0.6133994547916188
-0.587848797955616,-0.34897639584177576,-0.16893808292074197
-0.42018442095086445,0.1321678010265333,-0.15688718348598457
-0.9231775519651191,0.1321678010265333,-0.6183481062726286
-0.9231775519651191,-0.34897639584177576,-0.9170504951057172
-0.811401300628618,0.6133119978948424,1.525698232616732
-0.8896446765641687,2.0567445884997695,2.828309080286076
0.23929546193449153,-0.34897639584177576,-0.6502315878340189
-0.9790656776333695,1.5756003916314605,2.1587274108631465
1.6588538539080546,-0.8301205927100848,-0.9998504546106446
0.23929546193449153,-0.8301205927100848,-1.0553217156343804
0.9658410956217481,-0.34897639584177576,-0.19416786882265735
-0.9678880524997194,3.0190329822363875,1.2849658102588988
-1.0125985530343198,1.0944561947631515,1.219571119013414
-0.8337565508959183,0.1321678010265333,0.013495971673922138
-0.7778684252276677,-0.34897639584177576,-0.746638783312079
-0.6549145487575166,-0.8301205927100848,-0.1395390284940055
1.915939231982007,-0.8301205927100848,-1.1358514227576413
-0.4537172963518148,-0.34897639584177576,-0.05419752858696102
0.7534662180823962,0.1321678010265333,-0.6323551351180042
-0.8561118011632184,-0.8301205927100848,-0.7700409446551684
-0.9343551770987691,0.1321678010265333,1.8153338902400211
1.2005712234284003,1.0944561947631515,0.475128234262956
-0.38665154554991416,-0.34897639584177576,-0.8062935911775018
-0.9008223016978189,-0.34897639584177576,-0.9096114920186216
0.06045345979608989,0.6133119978948424,0.575733254899569
1.826518230912806,-0.8301205927100848,-1.0767391909331199
-0.7443355498267175,0.1321678010265333,-0.23266221109292543
-0.7890460503613178,0.1321678010265333,-0.22872139563795718
0.7534662180823962,-0.34897639584177576,-0.8888079843451125
-0.21898716854516265,-0.34897639584177576,-0.7525214498607994
-0.43136204608451456,-0.8301205927100848,-0.9688807853286671
-0.07367804180771133,-0.34897639584177576,-0.7762520124918029
0.6864004672804955,0.6133119978948424,1.4378723055750338
-0.19663191827786244,-0.34897639584177576,0.4389041443743545
2.1171364843877085,-0.8301205927100848,-0.8347217200573621
-0.6884474241584669,-0.8301205927100848,-1.0057759561099626
-0.7443355498267175,-0.8301205927100848,-0.7284339293081503
0.9881963458890484,-0.34897639584177576,-0.6677653609452538
-0.5766711728219659,0.6133119978948424,-0.17206503431435805
-0.7778684252276677,0.1321678010265333,-0.042946214896689816
-0.6102040482229162,3.0190329822363875,0.5378671585713973
-0.10721091720866163,0.1321678010265333,0.6775519324697771
-0.19663191827786244,-0.8301205927100848,-0.42577644670322773
-0.9008223016978189,-0.8301205927100848,-0.3776156839147952
-0.8784670514305186,0.6133119978948424,-0.1580580054689824
-0.8672894262968686,1.0944561947631515,1.2672892539790055
-0.6102040482229162,0.6133119978948424,-1.1050673715949195
-0.9790656776333695,0.1321678010265333,-0.6037271098020223
-0.4537172963518148,-0.8301205927100848,-0.7312039227801206
-0.9678880524997194,1.0944561947631515,1.6803038476399006
-0.7666908000940176,0.6133119978948424,1.4415132763758194
2.3183337367934107,-0.8301205927100848,0.11241615092036752
-1.0014209279006698,0.1321678010265333,-0.5879924046158816
-0.6549145487575166,-0.8301205927100848,-1.1067236563513554
-0.46489492148546485,-0.8301205927100848,-0.9354266889120358
-0.9902433027670197,0.1321678010265333,-0.6686077816403375
-0.4984277968864152,-0.8301205927100848,-0.9999075678781079
-0.5543159225546657,2.5378887853680787,1.0433481322553841
-0.7219802995594172,1.0944561947631515,2.727575554797671
-0.5543159225546657,-0.8301205927100848,-0.7030042469701134
2.363044237328011,-0.8301205927100848,-0.8638780430973796
0.17222971113259092,-0.8301205927100848,-1.08364989629618
-0.07367804180771133,-0.8301205927100848,1.745655703934788
-0.11838854234231173,3.0190329822363875,0.1294930178918958
1.4129461009677522,0.6133119978948424,-0.29228846232461636
-0.8896446765641687,-0.34897639584177576,-0.9940106230125215
1.0440844715572988,-0.34897639584177576,-0.7128420072906678
-1.0014209279006698,0.6133119978948424,0.8674392684684026
2.3853994875953113,-0.8301205927100848,-0.9546310250965723
-0.9902433027670197,2.5378887853680787,1.8381506405916117
2.597774365134663,-0.8301205927100848,-0.6847993929661848
-0.8784670514305186,0.1321678010265333,-0.36503648675600203
0.5746242159439946,-0.8301205927100848,-0.686584182574413
-0.6884474241584669,1.5756003916314605,0.49597457688706276
0.17222971113259092,1.0944561947631515,-0.5458999264954253
1.2676369742303009,-0.8301205927100848,-0.934669938118147
-0.12956616747596184,1.0944561947631515,1.4827347771674606
1.0440844715572988,1.5756003916314605,-0.18140305354460848
0.8764200945525473,-0.8301205927100848,-0.8180018110074794
-0.5319606722873654,-0.8301205927100848,-0.6154781645825974
0.9211305950871477,-0.8301205927100848,-0.9023723853676476
2.374221862461661,-0.8301205927100848,-0.9668675426505855
-0.9902433027670197,0.6133119978948424,-0.20870319539206858
-0.9790656776333695,0.6133119978948424,-0.16482592766338414
-0.8896446765641687,-0.8301205927100848,-0.9340416921760506
-0.6660921738911667,0.1321678010265333,0.08391663045617793
0.41813746407289315,-0.8301205927100848,-0.9982798397554037
-0.7890460503613178,2.5378887853680787,-0.13494141046320934
1.3458803501658516,-0.34897639584177576,-0.8697464313292342
2.586596740001013,-0.34897639584177576,-0.31928875951789426
0.7869990934833465,-0.8301205927100848,-0.8661911304296435
-0.39782917068356427,0.1321678010265333,-0.8087351833615579
1.491189476903303,-0.8301205927100848,-1.0041910629378559
-0.21898716854516265,2.5378887853680787,0.440417645962132
-0.5319606722873654,-0.8301205927100848,-1.0209823635720676
-0.7666908000940176,-0.8301205927100848,-0.7912870801515182
0.9099529699534976,0.1321678010265333,-0.3836554119490396
-0.07367804180771133,-0.34897639584177576,-0.9401528117946244
0.7534662180823962,-0.8301205927100848,-0.9365975108950336
1.0999725972255494,-0.34897639584177576,-0.9970661828218084
-0.699625049292117,-0.8301205927100848,-0.9996648364913888
-0.7890460503613178,-0.8301205927100848,-0.898731414566862
-0.23016479367881273,0.6133119978948424,-0.0164456587937159
1.7370972298436054,-0.8301205927100848,-1.0531799681045062
-0.9231775519651191,-0.8301205927100848,-0.63435409947922
2.4412876132635617,1.0944561947631515,-0.714555405314567
-0.364296295282614,-0.34897639584177576,-0.5737854793343843
-0.9790656776333695,-0.8301205927100848,-0.686998253763522
-0.5207830471537154,0.1321678010265333,-0.6789024481005984
-0.040145166406761024,-0.8301205927100848,0.7046807345148473
-0.30840816961436346,0.6133119978948424,0.013881486229299423
2.1283141095213587,-0.8301205927100848,-0.8609938230904827
-0.8896446765641687,2.0567445884997695,3.072682473444696
0.46284796460749356,-0.34897639584177576,-0.5900056472939631
-0.5207830471537154,-0.34897639584177576,-0.8537975513901063
-0.9008223016978189,0.6133119978948424,0.046393213732786154
-0.6213816733565662,1.0944561947631515,1.3278435958069754
0.47402558974114367,-0.34897639584177576,-0.5741995505234933
-0.699625049292117,0.1321678010265333,0.7439889408464674
-0.4425396712181647,-0.34897639584177576,-0.15171843278055538
0.5187360902757441,-0.34897639584177576,-0.9491053164694976
-0.9678880524997194,-0.8301205927100848,-0.6145072390357212
0.7646438432160463,-0.8301205927100848,-1.0157136646485778
0.4404927143401933,-0.8301205927100848,-0.7224084795907715
-0.9343551770987691,-0.8301205927100848,-1.0466119423462261
1.5806104779725039,-0.34897639584177576,-0.9436938343773494
-0.6102040482229162,-0.8301205927100848,-0.9049995956709597
0.619334716478595,-0.8301205927100848,-0.6453055685153087
-0.21898716854516265,0.1321678010265333,-0.468768458786231
-0.5766711728219659,0.1321678010265333,0.2827564711296768
1.2005712234284003,0.6133119978948424,-0.3615382991238747
1.7594524801109055,-0.8301205927100848,-1.1390640440524522
-0.28605291934706323,-0.8301205927100848,-0.9978086552988313
0.28400596246909193,-0.8301205927100848,-0.43127359869657095
0.8875977196861974,-0.8301205927100848,-1.0519234762203136
0.5634465908103444,-0.8301205927100848,-1.0110446550334526
-0.6660921738911667,-0.34897639584177576,-0.4958829825144354
-0.5990264230892661,1.0944561947631515,0.41110426143659046
0.8317095940179469,-0.34897639584177576,-0.831437707178222
1.3347027250322014,-0.8301205927100848,-0.35369950316453597
1.6812091041753547,-0.8301205927100848,-0.9642403323472735
-0.4425396712181647,-0.8301205927100848,-0.6760325064105672
-0.7443355498267175,0.1321678010265333,-0.15208966901906687
-0.699625049292117,-0.8301205927100848,-0.7458534758844585
-0.6213816733565662,0.6133119978948424,-0.11151069248638824
0.8317095940179469,0.1321678010265333,0.0013451240211038683
0.5969794662112947,-0.8301205927100848,-0.939267556148943
-0.7778684252276677,-0.8301205927100848,-0.25580736273242993
-0.39782917068356427,-0.8301205927100848,-1.127569998975462
1.0440844715572988,-0.8301205927100848,-0.8737443600516658
-0.8896446765641687,2.0567445884997695,-0.8701033892508799
1.6253209785071043,0.1321678010265333,-0.25653555689258706
1.491189476903303,-0.34897639584177576,-1.0239808101138912
0.33989408813734245,0.6133119978948424,-0.1936395710986218
2.1283141095213587,-0.8301205927100848,-1.0486109067074418
-0.19663191827786244,2.5378887853680787,1.6447936735945903
-0.6102040482229162,-0.34897639584177576,-0.6141360027972098
-0.8896446765641687,-0.34897639584177576,-0.5645331300053288
-0.9790656776333695,-0.34897639584177576,-0.8339078559960099
-0.7666908000940176,-0.8301205927100848,-0.5223407036668117
-0.24134241881246285,3.0190329822363875,1.86429423877294
1.602965728239804,-0.8301205927100848,-0.8040376171127012
1.8488734811801062,-0.8301205927100848,-0.9076839192417352
0.7087557175477958,-0.34897639584177576,-0.8898503014763179
-0.7108026744257671,-0.8301205927100848,-0.9256460418589447
-0.9790656776333695,-0.8301205927100848,-0.9858862607158664
-0.6660921738911667,1.0944561947631515,0.9525808719393257
-0.11838854234231173,0.1321678010265333,-0.41051292597365924
0.183407336266241,-0.34897639584177576,-0.9828735358571771
-0.4425396712181647,-0.8301205927100848,-1.1023687697072782
-0.6213816733565662,-0.8301205927100848,-0.28240786705346455
0.6864004672804955,-0.34897639584177576,-0.6007286632601988
0.08280871006339009,-0.8301205927100848,-0.9926256262765365
-0.9790656776333695,-0.34897639584177576,-0.8279395195460946
-0.29723054448071334,-0.8301205927100848,-1.0233097292211975
-0.7778684252276677,-0.34897639584177576,-0.5594643275179604
-0.6213816733565662,0.1321678010265333,-0.13795413532189874
-0.6660921738911667,0.1321678010265333,-0.5816813885611863
0.6975780924141457,1.5756003916314605,-1.0572921233618644
-0.811401300628618,-0.34897639584177576,-0.6472474196090612
-0.42018442095086445,-0.8301205927100848,-0.9216052781859159
-0.7443355498267175,0.1321678010265333,-0.40153186466505447
-0.9790656776333695,3.5001771791046967,1.8249003625401246
-0.5207830471537154,-0.8301205927100848,-0.9026293950712325
1.2452817239630007,-0.34897639584177576,-0.9112677767750575
-0.23016479367881273,-0.8301205927100848,-0.7288908354478567
2.1953798603232593,-0.8301205927100848,-0.6380379052306032
-0.9119999268314689,-0.8301205927100848,-0.9143090582674785
-0.7666908000940176,0.1321678010265333,-0.7196955993862645
-0.7778684252276677,3.5001771791046967,1.8688918568037358
0.9099529699534976,0.1321678010265333,-0.12848761123985583
0.46284796460749356,-0.34897639584177576,0.00498609482188954
-0.18545429314421233,-0.8301205927100848,-0.7032184217231008
-0.5766711728219659,-0.8301205927100848,-0.5913763657130825
2.2065574854569094,-0.8301205927100848,-1.0120584155309262
-0.7331579246930673,1.0944561947631515,1.7115876398929264
1.8600511063137564,-0.34897639584177576,-0.5104611440344441
1.055262096690949,-0.8301205927100848,-0.8039662255283719
-0.7666908000940176,3.5001771791046967,2.5718705093758336
-0.9343551770987691,3.9813213759730055,2.532833591064664
1.401768475834102,-0.34897639584177576,-0.6773318332453575
-0.811401300628618,-0.34897639584177576,0.6011058239701424
-0.6213816733565662,0.1321678010265333,-0.6668801052995725
-0.7331579246930673,-0.8301205927100848,-0.185143972563455
-0.8449341760295683,-0.8301205927100848,-1.0280786870543834
2.038893108452158,-0.8301205927100848,-1.012572434938096
-0.34194104501531375,-0.8301205927100848,-0.9202060031330649
0.015742959261489484,0.6133119978948424,1.8504871063636856
-0.10721091720866163,2.0567445884997695,3.1509276498694248
2.4748204886645118,-0.34897639584177576,-0.3290551282541194
-0.8896446765641687,0.1321678010265333,0.05504587375347688
-0.9343551770987691,1.5756003916314605,2.6441901843012445
0.3957822138055929,-0.8301205927100848,-0.9169505468876565
-0.9008223016978189,-0.34897639584177576,-0.8397191309604014
-0.6102040482229162,-0.8301205927100848,-0.0797699940936561
-0.5990264230892661,-0.8301205927100848,-0.9952385582629827
1.815340605779156,-0.8301205927100848,-0.770326510992485
-0.8002236754949679,-0.8301205927100848,-0.8734159587637518
-0.8896446765641687,-0.34897639584177576,-0.653686940515549
2.2177351105905596,-0.8301205927100848,-0.8430031438395413
-0.26369766907976305,2.5378887853680787,0.8461360197045898
-0.7331579246930673,-0.8301205927100848,-0.70657382618657
1.3682356004331517,-0.8301205927100848,-0.9985654060927203
0.6416899667458952,-0.34897639584177576,-0.22446645721194106
-0.9343551770987691,1.5756003916314605,1.4029189858874906
-0.7555131749603675,-0.34897639584177576,-0.3370652640158482
-0.6884474241584669,0.6133119978948424,0.45867961323352396
-0.34194104501531375,-0.8301205927100848,-0.8703889555881964
-0.811401300628618,0.1321678010265333,-0.6616970762772776
1.692386729309005,-0.8301205927100848,-0.9965664417315045
-0.8561118011632184,0.1321678010265333,0.35536171239240416
1.3458803501658516,-0.8301205927100848,0.1727563179953498
-0.699625049292117,1.0944561947631515,-0.1836161926588115
-0.3195857947480136,0.1321678010265333,-0.03737767131901738
2.27362323625881,-0.8301205927100848,-0.9393103910995406
0.731110967815096,-0.34897639584177576,0.29843406304835407
0.28400596246909193,-0.34897639584177576,0.27079124159611406
-0.8784670514305186,0.6133119978948424,2.9285428646841782
0.5522689656766944,-0.34897639584177576,-0.9283160871128542
-0.5096054220200653,-0.34897639584177576,-0.90120156338465
-0.4537172963518148,0.1321678010265333,-0.2833216793328776
-0.6660921738911667,0.1321678010265333,-0.34828802107238765
0.48520321487479373,-0.34897639584177576,-0.22439506562761183
-0.9902433027670197,-0.34897639584177576,-0.5872927670894561
-0.18545429314421233,0.1321678010265333,-0.6266580866885395
-0.8784670514305186,-0.34897639584177576,-0.19256869733368479
-0.9231775519651191,-0.34897639584177576,-0.5098900113598112
2.3406889870607106,-0.8301205927100848,-0.40030392941459336
-0.38665154554991416,-0.34897639584177576,-0.24622661211546037
-0.8561118011632184,1.0944561947631515,1.1539479746980756
-0.6102040482229162,-0.8301205927100848,-0.586635964513628
0.954663470488098,-0.8301205927100848,-0.7254069261325949
-0.7666908000940176,0.1321678010265333,0.8200780914244566
0.9434858453544479,1.5756003916314605,0.49907297164694686
-0.34194104501531375,-0.8301205927100848,-0.8679188067704086
-0.6549145487575166,0.1321678010265333,0.24244878261744862
-0.364296295282614,1.0944561947631515,0.6008345359496917
-0.051322791540411125,0.6133119978948424,1.8509440125033922
-0.9455328022324192,-0.8301205927100848,-1.0087744026517862
-0.6772697990248168,1.5756003916314605,0.7572677755316862
0.41813746407289315,0.6133119978948424,1.1141400272761515
-0.9231775519651191,1.5756003916314605,1.403076047373015
-0.9678880524997194,1.5756003916314605,1.475295774080365
-0.7555131749603675,-0.8301205927100848,-0.6334688438335387
1.5135447271706033,-0.34897639584177576,-0.2547793239180904
-0.8561118011632184,-0.8301205927100848,-1.0861628800645653
1.7594524801109055,-0.8301205927100848,-0.7228511074136121
-0.8561118011632184,0.1321678010265333,1.6998794200629486
-0.15192141774326204,-0.34897639584177576,0.39941031992347853
1.1223278474928495,-0.34897639584177576,-0.7511078964910826
1.9047616068483568,-0.8301205927100848,-0.860565473584508
-0.21898716854516265,-0.8301205927100848,0.21055102273919252
0.8205319688842968,-0.8301205927100848,-0.8092206461349961
-0.10721091720866163,-0.8301205927100848,0.23321071160525889
0.03809820952878969,-0.34897639584177576,-0.17687682709814154
0.1610520859989408,-0.8301205927100848,-0.9425944039786807
1.2117488485620505,0.1321678010265333,0.8373976897827039
0.731110967815096,-0.8301205927100848,-0.9282161388947934
-0.23016479367881273,0.1321678010265333,1.6631984240346405
-0.6213816733565662,-0.34897639584177576,-0.4185658966859853
-0.699625049292117,-0.8301205927100848,-0.9586575104527354
-1.0014209279006698,1.5756003916314605,2.585620528517625
-0.7331579246930673,1.0944561947631515,-0.30046993788873494
2.620129615401963,-0.8301205927100848,-0.8487573055364696
1.6253209785071043,-0.8301205927100848,-0.8253265875596483
-0.028967541273110922,-0.8301205927100848,-0.7298617609947329
-0.6772697990248168,-0.8301205927100848,-0.4694109830451932
-0.699625049292117,-0.34897639584177576,-0.26951454692362337
1.3347027250322014,-0.34897639584177576,-0.2407151818052515
-0.9902433027670197,3.5001771791046967,1.7980142918817736
1.5135447271706033,-0.8301205927100848,-0.7213804407764319
-0.7778684252276677,1.0944561947631515,0.3299748650049645
0.015742959261489484,-0.8301205927100848,-0.5247394609002706
1.927116857115657,-0.8301205927100848,-0.9303150514740699
1.4129461009677522,-0.8301205927100848,-1.0234096774392583
-0.38665154554991416,-0.34897639584177576,-0.04370296569057858
-0.9231775519651191,2.0567445884997695,2.8552237075781592
1.1223278474928495,1.0944561947631515,1.8008699552549388
-0.10721091720866163,0.6133119978948424,-0.31060754286347175
2.620129615401963,-0.8301205927100848,-0.5290229559600185
-0.21898716854516265,0.1321678010265333,1.4078021702556034
-0.6884474241584669,1.5756003916314605,0.10242132911428903
-0.9902433027670197,1.0944561947631515,0.2521437597693449
1.4241237261014024,1.0944561947631515,1.0724473420279386
-0.5096054220200653,-0.8301205927100848,-0.5538957839402882
-0.21898716854516265,0.6133119978948424,2.0303510639225015
-0.9455328022324192,2.0567445884997695,2.5080607113024556
-0.7555131749603675,-0.34897639584177576,-0.3061384296844681
0.3510717132709925,-0.34897639584177576,-0.00926366541020525
-0.8337565508959183,-0.8301205927100848,-1.0211394250575918
2.4412876132635617,-0.8301205927100848,-0.6585701248836616
-0.4537172963518148,-0.34897639584177576,-0.41726656985119515
-0.028967541273110922,-0.8301205927100848,-1.009773884832394
-0.587848797955616,2.5378887853680787,2.1804732874498
-0.7443355498267175,0.1321678010265333,2.1818582841857856
0.9099529699534976,1.5756003916314605,2.5955725153731053
-0.5431382974210156,-0.34897639584177576,-0.6943087519988251
0.5410913405430443,-0.8301205927100848,-0.9438366175460076
-0.7331579246930673,0.1321678010265333,0.5749193908382166
-0.21898716854516265,-0.34897639584177576,-0.01284752294352767
0.47402558974114367,-0.8301205927100848,-1.1208591900485234
-0.5990264230892661,-0.34897639584177576,-0.7529783560005059
-1.0014209279006698,0.1321678010265333,-0.865991233993522
-0.6884474241584669,-0.8301205927100848,-0.9060847477527626
-0.5319606722873654,-0.8301205927100848,-0.6777173478007348
-0.37547392041626404,-0.8301205927100848,-0.9996648364913888
-0.19663191827786244,-0.8301205927100848,-0.9089689677596595
2.0836036089867584,-0.8301205927100848,-0.8994024954595558
0.9993739710226984,-0.8301205927100848,-1.0418715411467718
-0.9343551770987691,-0.34897639584177576,-0.9030434662603416
-0.5431382974210156,0.1321678010265333,1.4660577030681752
