Recency,Frequency,Monetary,Cluster
-0.1854542931442123,0.6133119978948424,1.4088873223374063,0
-0.811401300628618,-0.8301205927100848,1.352216682696941,1
2.4412876132635617,-0.8301205927100848,-0.6798019820631455,2
-0.6213816733565662,2.5378887853680787,2.420934421787183,0
1.2564593490966507,-0.8301205927100848,-1.0301918779505257,2
1.5694328528388537,-0.8301205927100848,0.3839326244409228,2
1.3682356004331515,-0.8301205927100848,-0.5013230212403152,2
-0.7666908000940176,0.1321678010265333,2.8569799405526557,0
-1.0014209279006698,-0.3489763958417757,0.5105241817733396,1
-0.4425396712181647,0.1321678010265333,2.6437047215278064,0
2.184202235189609,-0.8301205927100848,-0.8861236607743372,2
0.2057625865335412,-0.3489763958417757,-0.3691058070627626,2
-0.9343551770987693,0.6133119978948424,0.7176168895952859,1
2.22891273572421,-0.3489763958417757,-0.241486210916006,2
-0.9790656776333696,-0.8301205927100848,-0.9161081261925726,3
-0.5207830471537154,-0.3489763958417757,1.5384202129441835,0
-0.2189871685451626,0.1321678010265333,0.6961137443953515,1
2.452465238397212,-0.8301205927100848,-0.6366814651283497,2
-0.7443355498267175,-0.8301205927100848,-0.0964899031435387,3
-0.9008223016978189,-0.3489763958417757,-0.5040359014448222,3
2.497175738931812,-0.3489763958417757,1.1674124275025497,2
-0.1072109172086616,-0.3489763958417757,0.0595863785168097,3
-0.7778684252276677,0.6133119978948424,2.733301159860867,0
-0.9678880524997194,1.0944561947631517,1.4775231915114335,0
1.0440844715572988,1.0944561947631517,1.4850193078659926,0
-0.699625049292117,-0.3489763958417757,-0.3216018468501581,3
-0.8449341760295683,1.5756003916314605,2.813045559556508,0
-0.1295661674759618,-0.8301205927100848,-0.372189923505781,3
-0.7778684252276677,-0.8301205927100848,-0.5295084187334566,3
-0.2189871685451626,0.6133119978948424,1.102417529129308,1
-0.3084081696143634,-0.3489763958417757,0.6596183664862991,1
-0.6213816733565662,-0.3489763958417757,2.283662683439128,0
-0.5096054220200653,-0.8301205927100848,1.1781782784193828,1
0.3063612127363921,0.6133119978948424,0.4256967012734651,1
2.363044237328011,-0.8301205927100848,-1.0369026868774642,2
2.586596740001013,-0.8301205927100848,-0.8351500695633368,2
-0.4648949214854648,-0.8301205927100848,-0.546585285704985,3
0.6416899667458952,-0.8301205927100848,1.284880140357704,1
-0.4648949214854648,1.0944561947631517,1.2816389624291613,0
-0.6549145487575166,1.0944561947631517,2.9670943202219098,0
2.4301099881299115,-0.3489763958417757,-0.1673103547980379,2
-0.1854542931442123,0.1321678010265333,0.5945092415781308,1
-0.2748752942134131,0.1321678010265333,-0.0748296964580801,1
1.401768475834102,0.1321678010265333,-0.3542420792054374,2
0.2392954619344915,-0.8301205927100848,-0.2026491890409581,2
-0.3084081696143634,-0.8301205927100848,-0.3000130317490286,3
-0.8449341760295683,0.6133119978948424,-0.0049516137167256,1
0.0492758346624397,0.1321678010265333,-0.0099204679860331,2
-1.0125985530343198,2.5378887853680787,1.497512835123591,0
0.7981767186169966,-0.3489763958417757,1.357085588748188,1
-0.151921417743262,-0.8301205927100848,-0.0475581112443516,3
1.1558607228937998,-0.8301205927100848,-0.3252285393340779,2
-0.7778684252276677,0.1321678010265333,0.0218345087235646,1
-0.5431382974210156,-0.8301205927100848,-0.7911728536165915,3
-0.0736780418077113,-0.3489763958417757,-0.00623666223465,3
0.0939863351970402,-0.8301205927100848,-0.4304882912689504,2
-0.8672894262968686,-0.3489763958417757,2.993223640086371,0
-0.9902433027670196,-0.8301205927100848,-0.9115961780629716,3
-0.7778684252276677,-0.8301205927100848,-0.9667961510662564,3
-0.375473920416264,-0.8301205927100848,0.2738610797222669,3
1.692386729309005,-0.8301205927100848,-0.4769213777166178,2
-0.5319606722873654,-0.8301205927100848,-0.5155299465218125,3
0.7199333426814459,-0.3489763958417757,-0.8747295639154077,2
-0.8337565508959183,-0.3489763958417757,-0.5424874087644928,3
0.4740255897411436,-0.8301205927100848,-0.1476633907906606,2
-0.2078095434115125,1.5756003916314605,2.364991976306875,0
-0.2860529193470632,2.056744588499769,2.217025778626316,0
-0.2301647936788127,-0.3489763958417757,0.1954588418120139,3
0.0269205843951395,-0.3489763958417757,0.0233765669450739,3
-0.811401300628618,-0.3489763958417757,0.5412653979854638,1
-0.4313620460845145,0.6133119978948424,0.7628505974262241,1
-0.9119999268314688,2.5378887853680787,0.57333449766611,0
-0.8337565508959183,-0.3489763958417757,-0.09754649859161,3
1.077617346958249,-0.3489763958417757,-0.1156085694268802,2
-0.4201844209508644,-0.8301205927100848,-0.1244040126162294,3
-0.9790656776333696,-0.8301205927100848,-0.1849297978104676,3
-0.9008223016978189,-0.8301205927100848,-0.404516032890012,3
-0.8337565508959183,2.5378887853680787,2.3908642864677523,0
-0.9119999268314688,0.1321678010265333,0.6969990000410328,1
-0.587848797955616,-0.8301205927100848,-0.4998951895537325,3
-0.3195857947480136,-0.3489763958417757,-0.7814493198309637,3
0.8317095940179469,-0.3489763958417757,-0.5379611823180258,2
-0.8449341760295683,2.056744588499769,0.6219521665942492,0
-0.1072109172086616,-0.8301205927100848,0.3321023342179726,3
-0.7890460503613178,0.1321678010265333,-0.5808532461829683,1
-0.8225789257622681,-0.3489763958417757,-0.4689826335392185,3
1.580610477972504,-0.8301205927100848,-1.0523232690925568,2
0.4740255897411436,0.1321678010265333,0.7057801649135159,1
-0.7331579246930673,-0.3489763958417757,-0.5891632265988793,3
2.150669359788659,-0.8301205927100848,-0.9052566053745446,2
0.5746242159439946,-0.3489763958417757,0.2456756822291253,2
-0.2860529193470632,-0.3489763958417757,-0.9685381057238872,3
0.2392954619344915,-0.8301205927100848,-0.2830218346786952,2
1.9606497325166072,-0.8301205927100848,0.2958068527450419,2
-0.151921417743262,-0.3489763958417757,0.71613194464124,1
-0.7108026744257671,1.0944561947631517,2.386038215367103,0
-1.0125985530343198,1.0944561947631517,1.779623819758589,0
-0.3084081696143634,-0.8301205927100848,-0.6848850628673797,3
-0.1407437926096119,1.0944561947631517,2.604011000640809,0
0.5746242159439946,-0.8301205927100848,-0.3010267922465023,2
-0.587848797955616,-0.3489763958417757,-0.8820971754181741,3
-0.811401300628618,3.9813213759730055,1.3982214196386338,0
-1.0125985530343198,0.1321678010265333,0.7226999703995204,1
-0.1072109172086616,0.1321678010265333,-0.6593697106281478,3
-0.9231775519651192,1.5756003916314605,1.603415111317425,0
-0.3531186701489638,0.6133119978948424,1.216187157916213,0
-0.8561118011632184,-0.8301205927100848,-0.9784758142625024,3
-0.6884474241584669,-0.8301205927100848,-0.6577705391391753,3
0.4404927143401933,-0.8301205927100848,0.397896818335701,2
0.0045653341278393,-0.3489763958417757,-0.1344416693729054,3
-0.699625049292117,-0.8301205927100848,-0.6376095557246284,3
-0.6884474241584669,0.1321678010265333,0.2436909961847755,1
-0.6213816733565662,-0.8301205927100848,-0.6251160284670303,3
-0.1854542931442123,-0.3489763958417757,0.2711196428840281,3
-0.4984277968864152,-0.3489763958417757,0.5011576059093575,1
1.18939359829475,-0.3489763958417757,-0.860565473584508,2
0.8317095940179469,-0.8301205927100848,-1.0213393214937132,2
-0.1407437926096119,-0.8301205927100848,0.2203459481091494,3
-0.587848797955616,-0.3489763958417757,-0.5321356290367687,3
-0.4648949214854648,-0.3489763958417757,-0.3011981320488922,3
-0.9343551770987693,-0.8301205927100848,-0.7718114559465309,3
2.452465238397212,-0.3489763958417757,-0.3552415613860451,2
-0.9678880524997194,0.1321678010265333,1.8897381994278428,0
2.363044237328011,-0.8301205927100848,-0.8162312997161169,2
1.8935839817147069,-0.8301205927100848,-0.5048926004567719,2
2.206557485456909,-0.8301205927100848,-0.9489196983502418,2
-0.0625004166740612,-0.8301205927100848,-0.6551718854695949,3
-0.5766711728219659,-0.3489763958417757,-0.4153532753911743,3
-0.9231775519651192,-0.3489763958417757,0.2997191115662784,1
1.5135447271706033,-0.8301205927100848,-0.9280447990924036,2
2.5083533640654623,-0.8301205927100848,-0.8453590661224027,2
-0.6213816733565662,1.0944561947631517,0.7215148700996565,0
-0.6325592984902164,0.1321678010265333,-0.2625895632436975,1
-0.7890460503613178,-0.3489763958417757,2.832821028415678,0
-0.151921417743262,-0.8301205927100848,-0.5284232666516537,3
1.7370972298436054,-0.8301205927100848,-0.5637192659439767,2
-0.5766711728219659,-0.8301205927100848,-0.8749722953021267,3
1.6476762287744044,-0.3489763958417757,-0.4271328868054811,2
-0.9790656776333696,3.0190329822363875,2.181215759926823,0
1.591788103106154,-0.3489763958417757,1.7556505257408666,0
-0.8337565508959183,-0.8301205927100848,-0.8760717257007953,3
-0.9343551770987693,-0.8301205927100848,-0.9516611351884804,3
-0.587848797955616,-0.8301205927100848,-0.8504278686097712,3
-0.699625049292117,-0.3489763958417757,-0.2339187029771181,3
2.5195309891991124,-0.8301205927100848,-0.5106753187874316,2
0.0045653341278393,-0.3489763958417757,-0.5324497520078167,3
0.1945849613998911,0.1321678010265333,-0.5602924698961784,3
-0.4537172963518148,-0.3489763958417757,-0.2744834011929309,3
-0.9119999268314688,2.5378887853680787,3.159180517017872,0
-0.699625049292117,2.056744588499769,0.3170815448751233,0
-0.699625049292117,3.5001771791046967,2.553722768639368,0
1.0999725972255494,1.0944561947631517,-0.3333243449970015,2
-0.364296295282614,-0.8301205927100848,-0.9386393102068468,3
-0.7778684252276677,-0.8301205927100848,-0.1018157153344921,3
-0.1407437926096119,-0.3489763958417757,-0.7943426399608049,3
-0.3531186701489638,-0.8301205927100848,1.0980055292177675,1
-0.151921417743262,0.1321678010265333,0.4516832379692689,1
-0.7666908000940176,1.0944561947631517,1.8405208411913387,0
-0.4425396712181647,-0.8301205927100848,0.5465912101764171,3
-0.1966319182778624,-0.8301205927100848,-0.1520182774347376,3
2.0836036089867584,-0.8301205927100848,-0.7066452177708991,2
-1.0014209279006698,0.6133119978948424,2.114164783924902,0
0.0380982095287896,-0.3489763958417757,-0.1387965560169825,3
-0.699625049292117,-0.8301205927100848,-0.6532728693264399,3
-0.7778684252276677,-0.8301205927100848,-0.9041000617084128,3
-0.8561118011632184,0.1321678010265333,0.7551831412692754,1
1.5694328528388537,-0.8301205927100848,-0.900116411302847,2
2.061248358719458,-0.8301205927100848,-0.7216374504800168,2
0.1610520859989408,-0.3489763958417757,-0.2418431688376517,2
1.3458803501658516,-0.3489763958417757,2.674774339027845,0
-0.9790656776333696,0.1321678010265333,-0.0343363898265963,1
-0.9119999268314688,-0.3489763958417757,0.657333835787767,1
-0.3866515455499141,-0.8301205927100848,-0.2427427028001988,3
-0.364296295282614,0.6133119978948424,1.9325303150747244,0
-0.0177899161394608,-0.3489763958417757,1.254595830285286,1
-0.6549145487575166,-0.8301205927100848,-0.1982086324956861,3
1.6476762287744044,-0.8301205927100848,-0.4631999152085587,2
-0.7555131749603675,0.1321678010265333,0.5198336443698585,1
0.2616507122017917,-0.8301205927100848,-0.8918349875206678,2
-0.7443355498267175,0.1321678010265333,0.2894958366903467,1
0.4293150892065432,-0.8301205927100848,-0.4748938567216705,2
-0.6437369236238665,0.6133119978948424,1.3773893553313932,0
-0.9678880524997194,-0.3489763958417757,0.7659775488198401,1
0.7087557175477958,-0.8301205927100848,-0.7031470301387717,2
0.1722297111325909,0.1321678010265333,-0.2670015631552379,2
-0.9902433027670196,-0.8301205927100848,-0.708301502527335,3
0.6416899667458952,-0.3489763958417757,1.99802495453827,0
-0.9008223016978189,1.0944561947631517,-0.2977427793673621,0
-0.9008223016978189,0.6133119978948424,1.1889155727024845,1
-0.811401300628618,-0.8301205927100848,-0.1777049694763595,3
-0.6884474241584669,-0.8301205927100848,-1.0263652890304842,3
-0.9008223016978189,-0.8301205927100848,-0.8073073516749754,3
2.6089519902683134,-0.8301205927100848,-1.0673155018016744,2
-0.375473920416264,-0.8301205927100848,-0.2718276342558872,3
0.6640452170131954,0.1321678010265333,2.7607440848769853,0
-0.9119999268314688,1.0944561947631517,3.1205862265295434,0
-0.9678880524997194,-0.3489763958417757,-0.2855490967639464,3
-0.587848797955616,0.6133119978948424,1.6564162235233728,0
-0.7443355498267175,1.5756003916314605,0.7437319311428827,0
-0.364296295282614,0.6133119978948424,0.431936325743831,1
-1.0125985530343198,0.6133119978948424,0.0746785594439882,1
-0.9343551770987693,2.056744588499769,2.103370376374337,0
-0.7108026744257671,1.5756003916314605,2.9307274471646494,0
-0.7331579246930673,-0.3489763958417757,0.6241081924409887,1
1.278814599363951,-0.8301205927100848,-0.6018280936588674,2
-0.7108026744257671,1.5756003916314605,0.3216791629059194,0
0.3957822138055929,0.6133119978948424,0.064826520806568,1
-0.2413424188124628,-0.3489763958417757,0.0844734848139451,3
-0.9455328022324192,0.6133119978948424,-0.3261280732966251,1
-0.699625049292117,0.1321678010265333,0.2100084466982911,1
-0.1295661674759618,-0.3489763958417757,-0.0182732833525416,3
-0.8002236754949679,-0.8301205927100848,-0.8445737586947824,3
-0.2301647936788127,-0.8301205927100848,-0.7524072233258728,3
-0.9455328022324192,2.5378887853680787,2.1850566271637306,0
2.24009036085786,-0.8301205927100848,-0.2956867017386832,2
-0.6884474241584669,3.5001771791046967,2.716309962790534,0
0.0604534597960898,0.1321678010265333,0.4833382664608062,1
-1.0125985530343198,-0.8301205927100848,0.0543176795933197,3
0.1610520859989408,-0.8301205927100848,-0.6670086101513649,2
-0.9790656776333696,-0.3489763958417757,0.3469375054415664,1
0.6640452170131954,-0.3489763958417757,0.3147970141765911,2
-0.2301647936788127,-0.8301205927100848,-0.8170879987280665,3
-0.9678880524997194,-0.3489763958417757,-0.2363888517949059,3
-0.6660921738911667,1.5756003916314605,2.635237679626372,0
-0.0736780418077113,0.6133119978948424,0.26717882742906,1
-0.9790656776333696,1.0944561947631517,-0.1219909770659047,0
-0.9678880524997194,0.6133119978948424,0.3154109818018218,1
-0.7108026744257671,2.056744588499769,2.568086755406389,0
-0.2301647936788127,0.6133119978948424,0.0368695763832799,1
0.2504730870681416,-0.8301205927100848,-0.5104468657175784,2
0.9881963458890484,-0.8301205927100848,-0.819929383784366,2
1.591788103106154,-0.8301205927100848,-0.6090529219929756,2
2.497175738931812,-0.3489763958417757,-0.0441741501471509,2
-0.151921417743262,-0.3489763958417757,0.2891817137192985,3
-0.3084081696143634,-0.8301205927100848,-0.5467280688736432,3
0.4740255897411436,-0.3489763958417757,-0.3860541691824986,2
0.4181374640728931,-0.8301205927100848,-0.7633586923619616,2
1.6141433533734542,0.1321678010265333,3.141561074005442,0
-0.0513227915404111,-0.8301205927100848,-0.9972375226241984,3
0.2840059624690919,-0.3489763958417757,2.8286517598908563,0
-0.4425396712181647,0.1321678010265333,1.02936966004374,1
-0.9343551770987693,-0.3489763958417757,1.5534981155544962,0
0.5187360902757441,-0.3489763958417757,-0.4518058183496292,2
2.5195309891991124,-0.8301205927100848,1.2613066392122243,2
1.6476762287744044,-0.8301205927100848,0.4755994187195281,2
1.3347027250322014,-0.8301205927100848,0.7723742347757304,2
-0.3531186701489638,-0.8301205927100848,0.1170280472680294,3
-0.8337565508959183,1.0944561947631517,0.8217629328146239,0
-0.8002236754949679,1.5756003916314605,0.0167371496024647,0
-0.3084081696143634,-0.3489763958417757,0.0231766705089524,3
-0.9678880524997194,1.0944561947631517,2.1708925368328305,0
-1.0014209279006698,1.5756003916314605,2.020955931424787,0
-0.9231775519651192,-0.3489763958417757,-0.3964916188114177,3
-0.9119999268314688,0.1321678010265333,-0.4952404582554731,1
-0.2972305444807133,-0.8301205927100848,-1.0261225576437651,3
1.1223278474928495,-0.8301205927100848,-0.6933378264519489,2
1.8488734811801064,-0.8301205927100848,-0.5853651943125696,2
-0.4313620460845145,-0.3489763958417757,0.0712517633961899,3
-0.811401300628618,-0.8301205927100848,-0.5426159136162853,3
1.0664397218245991,-0.8301205927100848,-0.5467566255073749,2
-0.6102040482229162,0.1321678010265333,-0.4666981028406861,1
0.965841095621748,-0.8301205927100848,-0.4586165754946284,2
1.8935839817147069,0.1321678010265333,-0.4221497542193077,2
-0.5207830471537154,-0.8301205927100848,-0.829381629549543,3
0.1163415854643404,-0.8301205927100848,-0.9774763320818948,3
0.6305123416122451,-0.3489763958417757,0.3611729873567954,2
0.0492758346624397,-0.3489763958417757,-0.3402636069937931,3
2.1171364843877085,-0.8301205927100848,-0.920191724816199,2
1.9047616068483568,-0.8301205927100848,1.0445617891889794,2
-0.9902433027670196,0.6133119978948424,0.1882340134779058,1
1.3682356004331515,-0.8301205927100848,-1.0248803440764382,2
-0.2301647936788127,-0.3489763958417757,0.1975720327081562,3
-0.1854542931442123,1.0944561947631517,1.3550009544857773,0
-0.3531186701489638,-0.8301205927100848,-0.5902483786806821,3
-0.9902433027670196,2.056744588499769,0.9483830467807728,0
-0.9567104273660694,0.1321678010265333,-0.5430870980728575,1
-0.9902433027670196,1.5756003916314605,0.2972775193822222,0
1.9047616068483568,-0.8301205927100848,-0.8502136938567838,2
-0.6660921738911667,-0.3489763958417757,-0.6103665271446316,3
0.5969794662112947,-0.8301205927100848,-0.5613205087105179,2
2.139491734655009,-0.8301205927100848,-0.7112428358016952,2
-0.364296295282614,0.6133119978948424,2.569885823331484,0
0.9099529699534976,-0.8301205927100848,-0.9657966688856484,2
-0.6437369236238665,-0.3489763958417757,-0.1978373962571746,3
0.5858018410776447,0.6133119978948424,2.7360997099665694,0
-0.2413424188124628,-0.3489763958417757,0.4404604809127295,3
-0.2860529193470632,2.5378887853680787,1.273271868745787,0
-0.699625049292117,-0.3489763958417757,-0.6918528814979029,3
1.9606497325166072,0.6133119978948424,-0.6516879761543333,2
-0.7778684252276677,-0.8301205927100848,0.047307026012199,3
-0.6772697990248168,-0.3489763958417757,0.2852551765811962,1
0.0604534597960898,-0.8301205927100848,-0.9690664034479228,3
2.27362323625881,-0.8301205927100848,-0.7124279361015589,2
0.4852032148747937,1.5756003916314605,1.6371404957545077,0
-0.1407437926096119,0.1321678010265333,0.7221145594080214,1
-0.9343551770987693,1.5756003916314605,1.9422395705434865,0
1.3347027250322014,-0.3489763958417757,0.4224840799786541,2
-0.4425396712181647,-0.8301205927100848,-0.4130830230095079,3
0.5187360902757441,-0.8301205927100848,-0.9472063003263426,2
-0.7331579246930673,-0.3489763958417757,1.0818995877931157,1
2.139491734655009,-0.8301205927100848,-0.3589396454542942,2
1.055262096690949,1.5756003916314605,1.1373422921831198,0
-0.0848556669413614,-0.3489763958417757,-0.6137790448755641,3
2.6313072405356133,-0.3489763958417757,-0.3006127210573932,2
2.1283141095213587,-0.8301205927100848,-0.6232598472744728,2
0.5746242159439946,-0.3489763958417757,-0.6671942282706206,2
-0.375473920416264,-0.3489763958417757,2.0096903394176504,0
1.6141433533734542,-0.3489763958417757,0.063512915654912,2
-0.5207830471537154,0.1321678010265333,-0.3388072186734789,1
2.061248358719458,-0.8301205927100848,-0.7317750554547536,2
-0.9231775519651192,-0.3489763958417757,0.9317059726814872,1
-0.7443355498267175,0.6133119978948424,-0.1528321414960898,1
-0.040145166406761,-0.8301205927100848,-0.7159975153180154,3
-0.3195857947480136,0.1321678010265333,0.5207474566492715,1
-0.263697669079763,-0.3489763958417757,0.8108542987291327,1
1.3682356004331515,-0.3489763958417757,-0.6516451412037357,2
-0.7555131749603675,-0.8301205927100848,-0.6193761450869681,3
1.055262096690949,0.1321678010265333,-0.6846566097975264,2
-0.6772697990248168,-0.8301205927100848,-0.9051852137902155,3
-0.5543159225546657,-0.3489763958417757,-0.624973245298372,3
1.2676369742303009,-0.3489763958417757,-0.848143337911239,2
1.9382944822493071,-0.8301205927100848,-0.9592571997611,2
-0.8225789257622681,-0.3489763958417757,-0.4489787116101956,3
-0.8896446765641687,1.0944561947631517,3.011728338744482,0
0.943485845354448,-0.3489763958417757,-0.0863951331193995,2
-0.5766711728219659,1.0944561947631517,1.9535051625506237,0
-0.9902433027670196,1.0944561947631517,1.2162157145499446,0
-0.9678880524997194,1.0944561947631517,2.3889367136908657,0
0.6416899667458952,-0.3489763958417757,-0.6380379052306032,2
0.5299137154093941,0.6133119978948424,3.04762402734517,0
0.406959838939243,-0.8301205927100848,-0.3091368762262916,2
-0.9343551770987693,1.5756003916314605,0.7491576915518967,0
-0.8337565508959183,-0.8301205927100848,-0.9248464561144584,3
0.7758214683496963,-0.8301205927100848,-0.5784544889495096,2
-0.3084081696143634,-0.8301205927100848,-0.9105110259811688,3
-0.040145166406761,0.6133119978948424,0.1758975477058318,1
-0.9678880524997194,-0.3489763958417757,-0.1662823159836984,3
-0.6325592984902164,1.0944561947631517,1.7879195218576347,0
2.463642863530862,-0.8301205927100848,-0.9889989337926164,2
-0.151921417743262,-0.3489763958417757,-0.5635764827753184,3
-0.7555131749603675,0.1321678010265333,-0.2898183135068286,1
-1.0014209279006698,2.056744588499769,1.927847027142733,0
-0.8337565508959183,0.6133119978948424,0.3618012332988918,1
-0.8561118011632184,0.6133119978948424,0.9905754731192896,1
-0.7331579246930673,-0.8301205927100848,-0.994296189349838,3
-0.4090067958172144,-0.3489763958417757,0.1273369920451562,3
0.4404927143401933,0.1321678010265333,-0.192625810601148,2
-0.6213816733565662,-0.3489763958417757,-0.2941303652003081,3
2.1953798603232597,-0.8301205927100848,-0.4962542187529469,2
0.5858018410776447,1.5756003916314605,1.1329588489053106,0
-0.8449341760295683,2.056744588499769,1.791132143152445,0
-1.0014209279006698,0.1321678010265333,1.474224900315428,0
-0.9231775519651192,1.5756003916314605,0.3620439646856107,0
-0.9567104273660694,0.6133119978948424,0.8242616382661435,1
-0.9119999268314688,-0.8301205927100848,-0.6862986162370964,3
2.396577112728961,-0.8301205927100848,-1.002963127687395,2
-0.9455328022324192,-0.3489763958417757,-0.776908815067631,3
-0.9343551770987693,2.5378887853680787,1.4936862462035494,0
-0.0289675412731109,-0.8301205927100848,-0.0581097874081973,3
-0.9119999268314688,-0.8301205927100848,-0.9285588184995732,3
0.2281178368008414,-0.8301205927100848,-0.9631551802654706,2
-0.9455328022324192,0.6133119978948424,-0.5783259840977171,1
1.18939359829475,-0.8301205927100848,-0.9505188698392144,2
1.3458803501658516,-0.8301205927100848,-0.1026724143464416,2
0.7199333426814459,-0.8301205927100848,-1.101240782674878,2
-0.6884474241584669,-0.3489763958417757,-0.62580138767659,3
1.692386729309005,-0.8301205927100848,-0.5996435111783959,2
-0.811401300628618,-0.8301205927100848,-1.0180553086145734,3
-1.0125985530343198,-0.3489763958417757,0.6123571376604139,1
-0.1966319182778624,-0.3489763958417757,-0.3595393347626588,3
2.24009036085786,-0.8301205927100848,-0.435043074349149,2
-0.6772697990248168,0.1321678010265333,-0.5725718224007891,1
-0.7666908000940176,-0.3489763958417757,-0.4379844076235092,3
-0.7666908000940176,0.6133119978948424,-0.5650614277293644,1
-0.9790656776333696,0.1321678010265333,0.234038853983477,1
-0.0736780418077113,-0.8301205927100848,-0.8555395060477371,3
-0.7778684252276677,0.6133119978948424,0.5945235198949966,1
1.16703834802745,0.1321678010265333,-0.5063489887770861,2
0.1722297111325909,0.1321678010265333,-0.3935931204876549,3
2.5307086143327626,-0.8301205927100848,-0.9845726555642104,2
0.1610520859989408,0.1321678010265333,-0.944450585171238,3
0.9211305950871476,-0.3489763958417757,-0.4237917606588777,2
-0.3978291706835642,-0.8301205927100848,-1.0408006673818349,3
2.586596740001013,-0.8301205927100848,-0.829624360936262,2
-0.9231775519651192,2.5378887853680787,1.194141436675377,0
-0.2078095434115125,0.1321678010265333,-0.0294389271416179,1
-0.9455328022324192,-0.8301205927100848,-0.865991233993522,3
-0.9790656776333696,3.0190329822363875,2.578481370084712,0
-0.3084081696143634,-0.3489763958417757,-0.1722078174830163,3
-1.0125985530343198,1.0944561947631517,0.2353810157688646,0
-0.7666908000940176,-0.3489763958417757,-0.2130152470855483,3
-0.6772697990248168,0.1321678010265333,0.6239511309554647,1
-0.9008223016978189,-0.3489763958417757,-0.0829112238041379,3
-0.4425396712181647,-0.3489763958417757,0.2850981150956721,1
-0.4090067958172144,-0.3489763958417757,-0.2395015248716562,3
-0.1966319182778624,-0.3489763958417757,0.1590205771704249,3
0.5187360902757441,0.1321678010265333,0.1007507660409874,2
-0.1295661674759618,0.1321678010265333,0.1398590759364859,1
-0.9231775519651192,-0.3489763958417757,-0.1906411245567981,3
2.027715483318508,-0.8301205927100848,-0.4199080584713731,2
2.22891273572421,-0.8301205927100848,-0.3570120726774076,2
0.08280871006339,-0.8301205927100848,-0.7213804407764319,3
-0.6772697990248168,-0.3489763958417757,-0.2587201393730586,3
-0.8672894262968686,0.6133119978948424,1.4405423508289434,0
-0.3084081696143634,-0.3489763958417757,-0.2196403861112915,3
1.3458803501658516,-0.8301205927100848,-0.6601692963726341,2
-0.151921417743262,0.1321678010265333,0.5767041804464452,1
-0.7443355498267175,0.1321678010265333,-0.7697553783178518,1
1.7706301052445557,-0.8301205927100848,-0.8954045667371244,2
1.815340605779156,-0.8301205927100848,-0.7181678194816211,2
-0.2189871685451626,-0.8301205927100848,-0.8022956624550702,3
1.1111502223591994,-0.8301205927100848,-0.6618398594459358,2
-0.8784670514305186,0.6133119978948424,0.4213275363125219,1
-0.7555131749603675,-0.3489763958417757,-0.4850457400132731,3
-0.1072109172086616,-0.8301205927100848,-0.992411451523549,3
-0.9119999268314688,-0.3489763958417757,-0.6660947978719521,3
1.1223278474928495,-0.8301205927100848,-0.8305810081662724,2
1.9606497325166072,-0.8301205927100848,-0.904328514778266,2
0.4293150892065432,-0.8301205927100848,0.1557793992418823,2
-1.0125985530343198,0.6133119978948424,-0.117778873590486,1
-0.9790656776333696,1.0944561947631517,-0.8430031438395413,1
0.9770187207553982,-0.8301205927100848,-1.074340433699661,2
-0.9790656776333696,-0.3489763958417757,-0.7235650232569034,3
0.742288592948746,-0.3489763958417757,-0.5631766899030752,2
-0.7108026744257671,-0.8301205927100848,-0.6634961442023717,3
-0.2301647936788127,1.0944561947631517,-0.4750080832565971,1
-0.2301647936788127,-0.8301205927100848,-1.0510382205746325,3
0.08280871006339,-0.8301205927100848,-0.8611937195266043,2
1.591788103106154,-0.8301205927100848,-1.0127866096910834,2
-0.5766711728219659,-0.8301205927100848,-0.8089636364314111,3
-0.9902433027670196,1.5756003916314605,0.4111756530209195,0
0.4628479646074935,-0.8301205927100848,-1.048039774032809,2
-0.5319606722873654,0.6133119978948424,1.029626669747325,1
-0.3531186701489638,-0.3489763958417757,-0.0342221632916698,3
-0.6772697990248168,2.056744588499769,0.9683012988086006,0
-0.8896446765641687,0.6133119978948424,2.119290699679734,0
0.5187360902757441,-0.8301205927100848,-0.4417253266423558,2
-0.7778684252276677,2.5378887853680787,0.2490168083757288,0
-0.8002236754949679,1.0944561947631517,0.5530021744491732,0
1.6476762287744044,-0.8301205927100848,-1.113577248446952,2
1.983004982783908,-0.8301205927100848,-0.7521502136222878,2
0.0269205843951395,-0.3489763958417757,0.159748771330582,3
-0.9678880524997194,2.5378887853680787,1.840663624359997,0
-0.151921417743262,-0.8301205927100848,-0.7872177598447575,3
0.0269205843951395,-0.8301205927100848,-1.065887670115092,3
-0.7666908000940176,0.1321678010265333,0.3752228511527685,1
1.9047616068483568,-0.8301205927100848,-1.0468975086835428,2
2.038893108452158,-0.3489763958417757,-1.0004929788696069,2
-0.0625004166740612,0.6133119978948424,1.4036614583645135,0
-0.3978291706835642,1.0944561947631517,2.5659592861933818,0
-0.7778684252276677,1.5756003916314605,0.2168620387938877,0
0.183407336266241,0.1321678010265333,-0.5540528454258121,3
-0.0736780418077113,1.0944561947631517,2.2534640432679045,0
-0.811401300628618,-0.8301205927100848,-0.7187960654237174,3
-0.5766711728219659,0.6133119978948424,-0.2741264432712853,1
-0.7331579246930673,-0.8301205927100848,-0.8304239466807484,3
-0.9119999268314688,0.6133119978948424,-0.1395104718602737,1
-0.8672894262968686,0.6133119978948424,1.2358626785573217,1
2.28480086139246,-0.8301205927100848,0.6387577455453269,2
-0.9567104273660694,-0.8301205927100848,-0.4630285754061687,3
-0.6549145487575166,0.6133119978948424,0.2302408216971671,1
-0.4760725466191149,0.6133119978948424,1.3289001912550469,0
0.0380982095287896,0.6133119978948424,0.5576426274305668,1
-0.9231775519651192,0.6133119978948424,0.883602323160518,1
-0.7778684252276677,-0.8301205927100848,-1.0261939492280945,3
2.474820488664512,-0.8301205927100848,-0.996280875394188,2
0.3398940881373424,0.6133119978948424,1.2533250600842274,0
-0.5096054220200653,-0.3489763958417757,0.3012326131540561,1
2.139491734655009,-0.8301205927100848,-0.5615775184141027,2
-0.811401300628618,0.6133119978948424,-0.0273828495129388,1
-0.6213816733565662,0.6133119978948424,0.6983268835095544,1
-0.3084081696143634,-0.3489763958417757,-0.1393962453253472,3
-0.7219802995594172,-0.8301205927100848,-1.0019065322393237,3
-0.7778684252276677,0.1321678010265333,-0.4884582577442056,1
-0.9790656776333696,-0.3489763958417757,-0.6523162220964296,3
-0.8449341760295683,0.1321678010265333,2.7590164085362208,0
-0.5096054220200653,-0.8301205927100848,-0.4697822192837046,3
-0.2972305444807133,-0.8301205927100848,-0.7539778381811136,3
-0.5207830471537154,-0.8301205927100848,-0.9842442542762962,3
-0.8561118011632184,3.5001771791046967,1.2257107952657191,0
1.9718273576502572,-0.8301205927100848,-1.0553217156343804,2
-0.5766711728219659,0.1321678010265333,1.0928367785123383,1
-0.9008223016978189,-0.8301205927100848,-0.99363938677401,3
-0.811401300628618,-0.3489763958417757,-0.7850617339980177,3
0.0380982095287896,-0.3489763958417757,0.1448279302057935,3
-0.3419410450153137,-0.8301205927100848,-0.9972375226241984,3
0.4963808400084438,-0.8301205927100848,-1.0705995146808145,2
-0.9008223016978189,0.6133119978948424,1.4096583514481609,0
-0.811401300628618,0.6133119978948424,0.0850731741223099,1
-0.9119999268314688,0.6133119978948424,0.0841736401597629,1
-0.8561118011632184,-0.3489763958417757,-0.7999397401722089,3
-0.364296295282614,1.5756003916314605,0.581330355110973,0
0.0269205843951395,-0.8301205927100848,-0.6525589534831486,3
-0.9119999268314688,0.1321678010265333,0.4068064880599767,1
-0.8002236754949679,0.1321678010265333,-0.0338080921025607,1
-0.3866515455499141,1.0944561947631517,1.0138634079274524,0
1.9718273576502572,-0.8301205927100848,-0.6807443509762899,2
0.3398940881373424,0.1321678010265333,-0.3948353340549818,2
0.3957822138055929,-0.8301205927100848,-1.0678295212088442,2
-0.151921417743262,0.6133119978948424,0.0125393244439118,1
1.6588538539080546,-0.3489763958417757,0.0526899514706155,2
1.2117488485620505,-0.3489763958417757,-0.9242467668060936,2
-0.3531186701489638,-0.3489763958417757,1.9210648266314652,0
2.027715483318508,-0.8301205927100848,-1.002763231251273,2
1.2341040988293506,-0.8301205927100848,-0.789316672424034,2
-0.1183885423423117,-0.8301205927100848,-0.6461051542597951,3
1.5023671020369531,-0.8301205927100848,-0.9274593881009046,2
-0.8784670514305186,2.056744588499769,0.7393913228156712,0
-0.1966319182778624,-0.3489763958417757,-0.2932593878714927,3
1.3458803501658516,-0.8301205927100848,0.3149255190283835,2
-0.7443355498267175,-0.3489763958417757,-0.0937484663053001,3
-0.8337565508959183,0.6133119978948424,-0.1567444003173262,1
1.9047616068483568,-0.8301205927100848,-0.6867126874262054,2
0.0492758346624397,0.6133119978948424,-0.2096883992558106,1
0.2281178368008414,0.1321678010265333,-0.7711832100044343,3
1.2452817239630007,-0.8301205927100848,-0.3218160216031455,2
0.0157429592614894,-0.8301205927100848,-0.98344466853181,3
-0.4537172963518148,-0.8301205927100848,-0.5425873569825536,3
-0.8225789257622681,1.5756003916314605,1.6434515118092026,0
-0.8225789257622681,0.6133119978948424,-0.4417538832760874,1
0.3734269635382927,-0.3489763958417757,-0.4923562382485762,2
0.0045653341278393,0.1321678010265333,-0.1414951579046237,1
0.731110967815096,-0.3489763958417757,0.3139688717983733,2
-0.9231775519651192,-0.3489763958417757,-0.5868358609497497,3
-0.8896446765641687,0.1321678010265333,-0.1965809043729819,1
-0.3307634198816636,-0.8301205927100848,-0.7529355210499082,3
-0.3419410450153137,-0.8301205927100848,-0.3610813929841681,3
1.983004982783908,-0.3489763958417757,0.1907469972462912,2
1.915939231982007,-0.8301205927100848,-0.8712884895507436,2
-0.4313620460845145,1.0944561947631517,1.83069735918765,0
-0.6102040482229162,-0.8301205927100848,-0.8552967746610179,3
-0.6772697990248168,-0.3489763958417757,-0.7623877668150856,3
0.2392954619344915,-0.8301205927100848,-0.9588288502551252,2
-0.3084081696143634,-0.3489763958417757,-0.3135203195041002,3
-0.8449341760295683,0.6133119978948424,-0.7883171902434263,1
-0.5654935476883158,-0.8301205927100848,-0.3823418067973836,3
-0.151921417743262,-0.8301205927100848,-0.960585083229622,3
0.3398940881373424,0.1321678010265333,-0.0172024095876046,2
-0.8225789257622681,0.1321678010265333,0.4592364675912913,1
-0.3531186701489638,-0.3489763958417757,-1.0235381822910508,3
-0.7666908000940176,0.6133119978948424,2.7108984806983853,0
0.7199333426814459,-0.8301205927100848,-0.6416645977145231,2
-0.587848797955616,-0.3489763958417757,-0.3306400214262263,3
1.0999725972255494,-0.3489763958417757,0.0902847597783365,2
0.5075584651420939,-0.8301205927100848,-1.032476408649058,2
-0.9343551770987693,0.6133119978948424,1.826685152148353,0
-1.0125985530343198,-0.8301205927100848,-0.6432494908866299,3
1.9718273576502572,-0.8301205927100848,-0.9538028827183545,2
0.8652424694188972,-0.8301205927100848,-0.6262725721331622,2
0.1386968357316406,0.6133119978948424,-0.2747404108965157,1
0.7087557175477958,-0.8301205927100848,-1.0662446280367377,2
-0.9790656776333696,3.5001771791046967,1.6996224103593636,0
0.3175388378700422,-0.8301205927100848,-1.1358514227576413,2
-0.7666908000940176,0.1321678010265333,0.8210061820207352,1
-0.9455328022324192,1.0944561947631517,0.9227820246403458,0
-0.7108026744257671,0.1321678010265333,0.4590794061057671,1
-0.9790656776333696,-0.3489763958417757,-0.3026116854186089,3
-0.7778684252276677,1.0944561947631517,1.0634662807193334,0
-1.0014209279006698,0.1321678010265333,-0.0493571791694457,1
-0.2860529193470632,1.5756003916314605,2.08916345109284,0
-1.0125985530343198,0.1321678010265333,-0.2423714665616873,1
-0.151921417743262,0.6133119978948424,1.030454812125543,1
-0.2189871685451626,-0.3489763958417757,-0.3471743123568532,3
-0.8337565508959183,-0.8301205927100848,-0.8724450332168755,3
-0.9902433027670196,1.0944561947631517,-0.0323517037822465,0
-0.1072109172086616,-0.8301205927100848,-0.1930541601071229,3
2.5083533640654623,-0.8301205927100848,0.7110203072032742,2
-0.6660921738911667,-0.3489763958417757,-0.0307096973426765,3
0.0157429592614894,0.1321678010265333,0.4717871081163527,1
-0.8672894262968686,-0.8301205927100848,-0.6562427592345319,3
-0.1630990428769121,-0.8301205927100848,-0.0219713674207907,3
0.742288592948746,-0.8301205927100848,-0.4618863100569026,2
1.2229264736957004,-0.8301205927100848,0.0708376922070809,2
1.8935839817147069,-0.8301205927100848,-0.0494856840212382,2
0.965841095621748,-0.8301205927100848,-0.6526303450674777,2
-0.263697669079763,0.1321678010265333,2.429001670816375,0
2.1953798603232597,-0.8301205927100848,-0.6011284561324419,2
-0.2413424188124628,-0.8301205927100848,-0.6698642735245303,3
-0.3084081696143634,-0.8301205927100848,-0.8234989630008225,3
-0.9008223016978189,-0.8301205927100848,-0.804137565330762,3
-0.8449341760295683,-0.3489763958417757,0.2407496629104153,1
-0.2860529193470632,-0.8301205927100848,-0.6233455171756678,3
-0.3531186701489638,-0.8301205927100848,-0.5890204434302212,3
-0.2301647936788127,-0.8301205927100848,-0.0956332041315892,3
0.3398940881373424,-0.8301205927100848,-0.1939108591190723,2
-0.1295661674759618,-0.8301205927100848,-0.0603514831561321,3
1.8488734811801064,-0.8301205927100848,-0.287148268252919,2
1.983004982783908,-0.8301205927100848,-0.5304079526960037,2
-0.3084081696143634,-0.8301205927100848,-0.5296512019021148,3
-0.8225789257622681,-0.3489763958417757,0.2598540508768911,1
-0.2301647936788127,-0.8301205927100848,-0.9645687336351876,3
-0.6437369236238665,-0.3489763958417757,2.0201849023140324,0
-0.4648949214854648,-0.8301205927100848,-1.0770818705378995,3
1.8488734811801064,-0.3489763958417757,-0.267158624640762,2
-0.0177899161394608,-0.8301205927100848,-0.6166347082487295,3
-0.0289675412731109,-0.8301205927100848,-0.0454877552988068,3
0.08280871006339,0.1321678010265333,0.2987767426531339,1
-0.7331579246930673,0.1321678010265333,-0.3397495875866235,1
2.1171364843877085,-0.8301205927100848,-0.8388767102653175,2
0.4404927143401933,-0.3489763958417757,-0.190484063071274,2
-0.9008223016978189,0.1321678010265333,-0.0179163254308959,1
-0.1854542931442123,-0.8301205927100848,-0.380414234020497,3
1.2564593490966507,-0.8301205927100848,-1.071884563198739,2
-1.0014209279006698,2.5378887853680787,2.440895508765608,0
1.0440844715572988,-0.8301205927100848,-0.7178965314611703,2
-0.699625049292117,-0.3489763958417757,0.7859957490657288,1
-0.2078095434115125,1.0944561947631517,1.047488844146474,0
1.1223278474928495,-0.8301205927100848,-0.5042643545146756,2
0.3957822138055929,-0.3489763958417757,-0.2702570194006463,2
-0.8225789257622681,-0.8301205927100848,-1.0501815215626826,3
-1.0125985530343198,-0.3489763958417757,-0.7967556755111296,3
-0.1966319182778624,0.1321678010265333,-0.3399052212404609,1
-0.7555131749603675,1.0944561947631517,0.2749319534872037,0
0.1722297111325909,-0.8301205927100848,-0.8523554413866578,2
0.4740255897411436,0.1321678010265333,0.8281310621367826,1
-0.5319606722873654,-0.3489763958417757,-0.1399388213662486,3
-0.9678880524997194,-0.3489763958417757,-0.2422715183436264,3
-0.3084081696143634,-0.8301205927100848,-0.8416324254204222,3
0.6528675918795452,-0.3489763958417757,-0.9290300029561456,2
-0.5766711728219659,-0.3489763958417757,1.4609603439470753,0
-0.3084081696143634,-0.8301205927100848,2.5926454604156115,0
0.183407336266241,0.1321678010265333,1.1618296056080115,1
-0.811401300628618,0.1321678010265333,-0.3254141574533337,1
-0.9119999268314688,-0.8301205927100848,-0.8691610203377355,3
-0.9008223016978189,0.6133119978948424,0.2802720439950228,1
-0.811401300628618,-0.3489763958417757,-0.1871286586078048,3
-0.2748752942134131,-0.3489763958417757,0.6547922953856496,1
-0.1966319182778624,-0.3489763958417757,-0.3944640978164703,3
-1.0014209279006698,-0.8301205927100848,-0.8761431172851245,3
1.826518230912806,-0.8301205927100848,-0.7521787702560195,2
0.0045653341278393,-0.8301205927100848,-0.7337169065485061,3
-0.7666908000940176,0.1321678010265333,0.4549529725315434,1
-0.7555131749603675,-0.8301205927100848,-0.7405133853766394,3
-0.7219802995594172,1.5756003916314605,1.7608192764462955,0
-0.7331579246930673,1.0944561947631517,2.980958565898626,0
1.8712287314474063,-0.3489763958417757,-0.3148482029726222,2
0.8317095940179469,-0.3489763958417757,-0.6475615425801095,2
-0.7443355498267175,-0.3489763958417757,0.3538624891214921,1
-0.8225789257622681,1.5756003916314605,1.365309899262904,0
-0.699625049292117,-0.3489763958417757,-0.8953474534696609,3
-0.587848797955616,0.1321678010265333,0.9059478890555364,1
1.804162980645506,-0.8301205927100848,-0.9409523975391106,2
-0.375473920416264,-0.8301205927100848,-0.1939394157528041,3
1.0329068464236488,-0.8301205927100848,-0.7176395217575855,2
-0.9008223016978189,-0.3489763958417757,0.3732381651084188,1
0.08280871006339,-0.3489763958417757,-0.921676669770245,3
-1.0125985530343198,0.6133119978948424,2.414937528703536,0
-0.3419410450153137,-0.3489763958417757,-0.5538101140390932,3
1.6141433533734542,-0.8301205927100848,-0.8333795582719744,2
1.1111502223591994,0.6133119978948424,0.8870719541589139,1
0.9770187207553982,-0.3489763958417757,0.6110578108256235,2
-0.5990264230892661,1.5756003916314605,0.919626516612998,0
1.2229264736957004,-0.3489763958417757,-0.7275629519793348,2
-0.5096054220200653,1.0944561947631517,1.419339050283191,0
1.5694328528388537,-0.8301205927100848,-0.8936340554457619,2
-0.2860529193470632,-0.8301205927100848,-0.9568869991613728,3
1.6700314790417046,-0.8301205927100848,-0.7092153148067478,2
1.580610477972504,-0.8301205927100848,-0.5086906327430817,2
-0.151921417743262,0.1321678010265333,0.4453436652808422,1
-0.375473920416264,0.1321678010265333,-0.3356945455967288,1
0.1498744608652907,0.6133119978948424,-0.5154299983037518,1
-0.4425396712181647,3.5001771791046967,0.5787174231245266,0
0.4963808400084438,0.1321678010265333,0.6558488908337209,1
2.050070733585808,-0.3489763958417757,-0.2739693817857612,2
2.463642863530862,-0.8301205927100848,-0.7057028488577545,2
-0.9343551770987693,1.0944561947631517,1.762461282885866,0
-0.9008223016978189,-0.3489763958417757,-0.2244236222613434,3
2.139491734655009,-0.3489763958417757,-0.6603120795412923,2
-0.8225789257622681,1.0944561947631517,0.4977450881784249,0
-0.7666908000940176,0.1321678010265333,0.508682278897648,1
2.1953798603232597,-0.8301205927100848,0.7564824681040655,2
-0.8337565508959183,0.1321678010265333,-0.7403420455742494,1
-0.2301647936788127,-0.8301205927100848,-0.8476435968209349,3
-0.3084081696143634,-0.8301205927100848,-0.7347306670459796,3
2.5083533640654623,-0.3489763958417757,-0.502579513124508,2
-0.9902433027670196,0.6133119978948424,2.382554306051841,0
1.7035643544426549,-0.8301205927100848,-0.998822415796305,2
-0.9231775519651192,2.056744588499769,0.2416063619223649,0
-1.0125985530343198,0.6133119978948424,1.4007772383576167,0
1.8935839817147069,-0.8301205927100848,-0.7985833000699554,2
0.3957822138055929,-0.8301205927100848,-0.864420619138281,2
-0.1966319182778624,-0.8301205927100848,-0.9399529153585028,3
-0.2078095434115125,0.6133119978948424,0.1151004744911428,1
-0.7890460503613178,0.1321678010265333,0.8265747255984076,1
-0.3531186701489638,0.1321678010265333,1.8817566202998457,0
-0.0625004166740612,-0.8301205927100848,-0.2617899774992113,3
-0.151921417743262,-0.8301205927100848,-0.9820025585283616,3
-1.0125985530343198,0.1321678010265333,0.3729811554048338,1
-0.6884474241584669,-0.8301205927100848,-0.9776476718842846,3
-0.5654935476883158,1.0944561947631517,-0.1860863414765995,0
-0.8561118011632184,-0.3489763958417757,-0.2594768901669474,3
-0.6437369236238665,2.056744588499769,2.044443762669072,0
-0.1407437926096119,-0.3489763958417757,-0.717839418193707,3
1.2676369742303009,-0.3489763958417757,-0.4664839280876988,2
-0.6437369236238665,-0.8301205927100848,-0.8569816160511855,3
1.0217292212899989,0.1321678010265333,-0.7730536695138579,2
-0.5431382974210156,2.056744588499769,0.6715693177029958,0
-0.0625004166740612,0.1321678010265333,-0.2558216410492958,1
-0.5766711728219659,-0.3489763958417757,-0.7631016826583769,3
-0.8896446765641687,0.1321678010265333,-0.2704569158367678,1
0.0492758346624397,-0.3489763958417757,-0.1889705614834965,3
-0.7331579246930673,2.056744588499769,0.1537661565638008,0
2.541886239466413,-0.8301205927100848,-1.0261939492280945,2
-0.7108026744257671,-0.3489763958417757,-0.3233295231909232,3
-0.9567104273660694,0.6133119978948424,-0.3083944037492687,1
-0.9455328022324192,-0.8301205927100848,-0.9125099903423844,3
1.390590850700452,-0.8301205927100848,-0.9547166949977672,2
-0.1072109172086616,0.1321678010265333,1.411871490562364,1
-0.0848556669413614,-0.3489763958417757,-0.0470869267877794,3
0.5858018410776447,0.1321678010265333,1.305269576842104,1
-0.811401300628618,-0.3489763958417757,-0.8142751703054986,3
-0.5654935476883158,-0.3489763958417757,0.0661544042750899,3
0.9099529699534976,-0.8301205927100848,-0.8901929810810978,2
-0.8337565508959183,-0.3489763958417757,-0.6737765323457667,3
1.692386729309005,-0.8301205927100848,-0.815317487436704,2
1.278814599363951,-0.8301205927100848,0.8192071140956411,2
-0.4648949214854648,-0.3489763958417757,-0.7428407510257691,3
-0.7666908000940176,1.0944561947631517,-0.1119961552598264,0
-0.7443355498267175,0.6133119978948424,1.2523398562204855,0
-0.8561118011632184,-0.3489763958417757,-0.4904143871548238,3
2.4301099881299115,-0.8301205927100848,-0.9887847590396291,2
0.7199333426814459,-0.8301205927100848,-0.0420895158847402,2
2.407754737862611,-0.8301205927100848,-0.9539456658870128,2
-0.3084081696143634,-0.8301205927100848,-0.1400816045349069,3
-0.8449341760295683,3.0190329822363875,2.382254461397659,0
-0.8561118011632184,-0.3489763958417757,-0.6151925982452809,3
-0.9008223016978189,1.5756003916314605,1.672579278215489,0
-0.2972305444807133,0.1321678010265333,0.4378047139756859,1
-0.6213816733565662,0.6133119978948424,-0.803223753051349,1
0.183407336266241,1.0944561947631517,1.7153571155455043,0
-0.4313620460845145,-0.8301205927100848,-0.5904625534336695,3
-0.9567104273660694,-0.3489763958417757,-0.2090315966799826,3
-0.4984277968864152,-0.8301205927100848,-0.928758714935695,3
2.463642863530862,-0.8301205927100848,-0.8438312862177594,2
-0.5207830471537154,-0.3489763958417757,-0.1673246331149036,3
-0.2972305444807133,-0.8301205927100848,-0.5448861659979517,3
-0.7331579246930673,-0.8301205927100848,-0.9226190386833896,3
-0.699625049292117,0.1321678010265333,-0.7621164787946347,1
-0.5766711728219659,-0.8301205927100848,-0.1927543154529405,3
-0.8896446765641687,2.056744588499769,0.3881161712826097,0
-0.0289675412731109,0.1321678010265333,0.4910200009346209,1
-0.7555131749603675,0.6133119978948424,1.1065011277529344,1
2.541886239466413,-0.8301205927100848,-0.5608778808876772,2
-0.5766711728219659,0.1321678010265333,-0.3802714508518389,1
0.9211305950871476,-0.8301205927100848,-0.9040572267578152,2
0.2840059624690919,-0.8301205927100848,-0.8519270918806829,2
-0.6772697990248168,1.0944561947631517,-0.1181786664627291,0
1.804162980645506,-0.8301205927100848,-0.7899877533167279,2
-0.364296295282614,1.0944561947631517,1.1821904854586802,0
-0.9678880524997194,2.056744588499769,1.743770966108499,0
-0.7443355498267175,1.0944561947631517,1.868206497594176,0
-0.6549145487575166,1.0944561947631517,1.0521007404941358,0
-0.263697669079763,-0.8301205927100848,0.3719816732242259,3
-0.6102040482229162,1.0944561947631517,0.1979147123129361,0
-0.4425396712181647,0.1321678010265333,-0.0088638725379621,1
-0.8449341760295683,-0.8301205927100848,-0.9821596200138856,3
-0.1966319182778624,-0.8301205927100848,0.318166696956926,3
1.390590850700452,-0.8301205927100848,-0.7113856189703536,2
-0.6772697990248168,0.1321678010265333,-0.4155960067778933,1
-0.8449341760295683,0.6133119978948424,2.589732683774983,0
0.3175388378700422,-0.8301205927100848,-0.7973125298688969,2
-0.9119999268314688,0.6133119978948424,1.1959690612342029,1
1.8488734811801064,-0.3489763958417757,-0.6623824354868372,2
-0.8337565508959183,1.5756003916314605,1.4647155412827877,0
-0.6325592984902164,-0.3489763958417757,-1.022767153180296,3
-0.5096054220200653,0.1321678010265333,0.4063210252865384,1
-0.5431382974210156,1.5756003916314605,2.7083426619794024,0
0.2504730870681416,-0.3489763958417757,0.1748552305746264,3
0.8205319688842968,-0.3489763958417757,-0.6151925982452809,2
-0.9008223016978189,-0.3489763958417757,-0.6116372973456902,3
-0.9119999268314688,1.0944561947631517,2.61102165422193,0
1.278814599363951,-0.3489763958417757,1.0744320280722883,2
-0.0625004166740612,0.1321678010265333,0.101022054061438,1
0.9770187207553982,-0.8301205927100848,-0.8867376283995677,2
-0.3531186701489638,0.1321678010265333,-1.0364029457871602,1
0.6416899667458952,-0.8301205927100848,-0.7302758321838418,2
-0.4537172963518148,-0.3489763958417757,-0.8452162829537446,3
-0.1854542931442123,-0.8301205927100848,-0.657956157258431,3
2.3406889870607106,-0.3489763958417757,-0.8911353499942423,2
-0.811401300628618,-0.3489763958417757,-0.6040697894068021,3
0.6640452170131954,-0.3489763958417757,-0.4621718763942191,2
0.6752228421468455,-0.8301205927100848,-0.8251552477572583,2
-0.8225789257622681,0.6133119978948424,0.0247330070473275,1
1.0664397218245991,-0.8301205927100848,-1.0723129127047135,2
2.17302461005596,-0.8301205927100848,-1.0642742203092534,2
1.0217292212899989,-0.8301205927100848,-1.0544650166224308,2
-0.3195857947480136,-0.8301205927100848,0.1420579367338231,3
-0.364296295282614,-0.8301205927100848,-0.9113248900425208,3
-0.7443355498267175,0.1321678010265333,0.9678015577182963,1
-0.587848797955616,-0.8301205927100848,-0.9412379638764272,3
0.7087557175477958,-0.8301205927100848,-0.7166685962107092,2
-0.7331579246930673,3.5001771791046967,2.053396267343945,0
2.5307086143327626,-0.8301205927100848,-1.015199645241408,2
-0.9678880524997194,3.0190329822363875,2.138252304477551,0
-0.9343551770987693,0.1321678010265333,-0.1408526336456614,1
2.363044237328011,-0.8301205927100848,-0.6849564544517087,2
1.9606497325166072,-0.3489763958417757,-0.0058511476792727,2
2.005360233051208,-0.8301205927100848,-0.7498656829237558,2
-0.6660921738911667,-0.8301205927100848,-0.8995738352619457,3
1.4241237261014024,-0.3489763958417757,-0.7973696431363603,2
1.7370972298436054,-0.8301205927100848,-0.8305238948988091,2
2.1171364843877085,1.0944561947631517,0.3810626827508917,2
1.983004982783908,-0.8301205927100848,-0.9598283324357332,2
-0.6660921738911667,1.5756003916314605,0.9059621673724024,0
1.7259196047099552,-0.3489763958417757,-0.719567094534472,2
-0.8561118011632184,1.0944561947631517,0.3300748132230255,0
0.2840059624690919,0.6133119978948424,-0.0151463319589257,1
-0.6213816733565662,-0.8301205927100848,-0.408885197850955,3
0.4516703394738434,0.1321678010265333,2.234416768568892,0
1.401768475834102,-0.8301205927100848,-0.8719167354928399,2
-0.4648949214854648,2.5378887853680787,1.670637427121736,0
-0.587848797955616,-0.3489763958417757,0.3843038606794339,1
-0.699625049292117,-0.3489763958417757,-0.6811155872148015,3
-0.6102040482229162,1.5756003916314605,0.2936079919477047,0
0.4963808400084438,-0.3489763958417757,-0.0826827707342846,2
1.4241237261014024,-0.3489763958417757,-0.2854491485458856,2
-0.7108026744257671,-0.8301205927100848,-0.4549756046938427,3
-0.7443355498267175,0.6133119978948424,2.95994088347213,0
-0.9678880524997194,-0.3489763958417757,-0.1152373331883689,3
1.2117488485620505,-0.8301205927100848,-0.6723772572929158,2
-0.8225789257622681,-0.8301205927100848,-0.8475722052366059,3
1.6700314790417046,-0.8301205927100848,-0.6564569339875193,2
-0.2189871685451626,0.1321678010265333,-0.2028633637939455,1
-0.9902433027670196,2.056744588499769,0.7583100926628912,0
0.0380982095287896,-0.3489763958417757,0.3855317959298952,3
0.7869990934833465,-0.8301205927100848,-0.728862278814125,2
0.0492758346624397,1.0944561947631517,0.1966724987456092,1
-0.4201844209508644,1.0944561947631517,1.1947411259837415,0
2.1953798603232597,-0.8301205927100848,-0.7342737609062733,2
0.3622493384046426,1.5756003916314605,0.5209759097191248,0
2.1953798603232597,-0.8301205927100848,-0.0988743820601318,2
0.6752228421468455,-0.3489763958417757,-0.7537636634281264,2
-0.9790656776333696,3.0190329822363875,1.852685967161023,0
-0.6549145487575166,-0.3489763958417757,-0.2157424056069209,3
-0.4201844209508644,-0.3489763958417757,-0.7477810486613451,3
-0.4648949214854648,-0.3489763958417757,0.3714390971833247,1
1.4241237261014024,-0.8301205927100848,-0.7193243631477529,2
-0.3195857947480136,-0.8301205927100848,1.2914053311653866,1
-0.2301647936788127,0.1321678010265333,1.0122071231710168,1
-1.0014209279006698,3.5001771791046967,2.835676691788843,0
-0.3084081696143634,0.6133119978948424,2.6042822886612598,0
-0.6437369236238665,0.1321678010265333,0.4456577882518904,1
-0.1072109172086616,-0.8301205927100848,-0.6646669661853695,3
0.1275192105979905,-0.8301205927100848,-0.9021153756640627,2
-0.9455328022324192,-0.3489763958417757,-0.643235212569764,3
1.7818077303782056,-0.8301205927100848,-0.974734895243656,2
-0.8784670514305186,1.5756003916314605,0.1404302086111189,0
-0.9119999268314688,3.9813213759730055,2.3591807013424835,0
-0.1742766680105622,-0.3489763958417757,-0.7160117936348812,3
-0.9790656776333696,-0.8301205927100848,-0.6592412057763554,3
0.406959838939243,-0.3489763958417757,1.007323938802904,1
-0.2860529193470632,-0.3489763958417757,-0.8780564117451454,3
0.2840059624690919,-0.3489763958417757,-0.1736927624370622,2
2.4412876132635617,-0.8301205927100848,-0.3600819108035602,2
-0.2748752942134131,-0.8301205927100848,-0.6935091662543388,3
1.826518230912806,-0.8301205927100848,-0.7616595726549285,2
-0.6772697990248168,2.056744588499769,2.538516361177263,0
-0.4425396712181647,-0.3489763958417757,0.1629042793579297,3
-0.3084081696143634,-0.8301205927100848,-0.7912014102503232,3
-0.9567104273660694,1.0944561947631517,1.338095427316639,0
2.3853994875953117,-0.8301205927100848,-0.9358835950517423,2
-0.699625049292117,0.1321678010265333,0.983065078447865,1
1.0329068464236488,0.1321678010265333,0.0057000106651808,2
-0.5543159225546657,0.1321678010265333,-0.3876676189883369,1
-0.5766711728219659,0.6133119978948424,0.794377121065969,1
0.0045653341278393,-0.3489763958417757,1.0974486748600003,1
-0.7555131749603675,-0.3489763958417757,-0.3410203577876819,3
-0.699625049292117,-0.3489763958417757,-0.6104379187289607,3
2.3518666121943608,0.1321678010265333,0.4709589657381345,2
0.5969794662112947,-0.3489763958417757,-0.6066398864426509,2
-0.9567104273660694,-0.3489763958417757,-0.2548792721361512,3
-0.811401300628618,-0.3489763958417757,0.2101083949163518,1
-0.6549145487575166,1.0944561947631517,1.2685314675463326,0
0.943485845354448,-0.8301205927100848,-0.8866947934489703,2
-0.375473920416264,0.1321678010265333,-0.5721434728948143,1
-0.7778684252276677,-0.8301205927100848,-0.8581524380341832,3
-0.8449341760295683,1.5756003916314605,1.981747673311228,0
-0.811401300628618,-0.8301205927100848,-1.0827360840167668,3
0.7534662180823962,-0.8301205927100848,-0.6091957051616338,2
-0.7443355498267175,0.6133119978948424,0.0343565926148945,1
1.3458803501658516,-0.3489763958417757,-0.7766232487303143,2
-0.9567104273660694,0.6133119978948424,-0.1937395193166824,1
1.804162980645506,-0.8301205927100848,-1.0359032046968564,2
-0.9008223016978189,-0.8301205927100848,-0.640936403554366,3
-0.2972305444807133,-0.8301205927100848,-0.7103861367897456,3
-0.7443355498267175,0.1321678010265333,0.0778911807387993,1
0.0045653341278393,0.1321678010265333,0.6346598686048346,1
-0.4425396712181647,-0.3489763958417757,1.038664844323393,1
0.4181374640728931,-0.8301205927100848,1.1208080012524924,1
0.0492758346624397,0.1321678010265333,2.6285697056500306,0
-0.3866515455499141,-0.8301205927100848,0.3992675367548204,3
0.8652424694188972,0.1321678010265333,-0.6025562878190245,2
-0.3866515455499141,-0.8301205927100848,-0.8486145223678112,3
2.620129615401963,-0.8301205927100848,-0.8700462759834167,2
-1.0125985530343198,1.0944561947631517,0.6216666002569327,0
-0.8225789257622681,2.5378887853680787,1.9973253170118448,0
1.748274854977255,-0.8301205927100848,-0.7206665249331407,2
-0.375473920416264,0.6133119978948424,-0.441125637333991,1
-0.1966319182778624,-0.8301205927100848,-0.9492766562718872,3
-0.6772697990248168,0.1321678010265333,0.2778304518109666,1
-1.0014209279006698,2.5378887853680787,2.799167035562925,0
0.3175388378700422,0.1321678010265333,-0.6009856729637836,3
-0.4201844209508644,1.0944561947631517,1.3939664812126176,0
-0.3084081696143634,-0.8301205927100848,-0.9820739501126906,3
-0.0625004166740612,-0.8301205927100848,-0.989869911121432,3
-0.4090067958172144,-0.8301205927100848,0.6583190396515088,3
-0.9902433027670196,1.0944561947631517,0.5434642587828014,0
-0.9008223016978189,1.0944561947631517,2.661438391075163,0
-0.9455328022324192,1.0944561947631517,-0.0327086617038921,0
1.0887949720918992,-0.3489763958417757,-0.433643799296298,2
-0.2301647936788127,-0.8301205927100848,-0.8095062124723127,3
1.2564593490966507,-0.8301205927100848,-0.6581703320114184,2
0.3175388378700422,-0.3489763958417757,-0.3067523973096987,2
0.0157429592614894,-0.8301205927100848,-0.5620058679200775,3
-1.0125985530343198,3.5001771791046967,1.5324947114448657,0
-0.7219802995594172,0.6133119978948424,-0.253494275400166,1
2.3071561116597605,-0.8301205927100848,0.0151236997966263,2
-0.7555131749603675,0.1321678010265333,-0.3510865711780896,1
-0.7108026744257671,0.6133119978948424,2.5451986134704705,0
-0.4648949214854648,-0.8301205927100848,-0.7129847904593261,3
2.620129615401963,-0.8301205927100848,-0.9346271031675496,2
-0.8449341760295683,-0.3489763958417757,-0.6025277311852929,3
1.0217292212899989,0.1321678010265333,-0.0993170098829723,2
-0.2189871685451626,1.0944561947631517,2.9366101137133698,0
-0.6102040482229162,-0.3489763958417757,-0.682314965831531,3
-0.1295661674759618,0.6133119978948424,2.2260496748855183,0
-0.3866515455499141,3.0190329822363875,2.527836180161625,0
-0.8896446765641687,-0.3489763958417757,-0.2628037379966849,3
-0.4648949214854648,-0.3489763958417757,-0.768841566038439,3
-0.4648949214854648,-0.3489763958417757,0.5744624846985106,1
-0.364296295282614,-0.3489763958417757,-0.6078249867425145,3
-0.4201844209508644,-0.8301205927100848,-0.6559143579466179,3
-1.0014209279006698,1.5756003916314605,1.4682993988161102,0
0.0157429592614894,0.6133119978948424,-0.188842056631704,1
-0.7666908000940176,-0.8301205927100848,-0.8376487750148565,3
-0.1854542931442123,-0.8301205927100848,-0.6589699177559047,3
-0.9008223016978189,0.6133119978948424,-0.4939411314206829,1
0.8652424694188972,-0.3489763958417757,0.0458934726424822,2
-0.375473920416264,-0.3489763958417757,-0.6756041569045925,3
0.0492758346624397,-0.3489763958417757,0.6097156490402358,1
2.27362323625881,-0.8301205927100848,-0.7183534376008768,2
0.1945849613998911,-0.3489763958417757,-0.2880192455817342,2
1.927116857115657,-0.8301205927100848,0.1593347001414731,2
0.9881963458890484,-0.8301205927100848,-0.6195760415230896,2
0.8652424694188972,-0.8301205927100848,-0.930457834642728,2
-0.6325592984902164,-0.8301205927100848,-1.0549504793958688,3
-0.7666908000940176,0.1321678010265333,-0.3454751926498199,1
-0.8337565508959183,0.6133119978948424,0.0408817834225771,1
-0.1407437926096119,0.1321678010265333,-0.3554414578221668,1
-0.2972305444807133,-0.8301205927100848,-1.0279073472519935,3
-0.9902433027670196,1.5756003916314605,2.308535511419397,0
-0.9008223016978189,0.6133119978948424,-0.0934486216511178,1
0.943485845354448,0.1321678010265333,-0.194267817040718,2
-1.0014209279006698,-0.3489763958417757,-0.5291371824949451,3
0.6975780924141457,-0.3489763958417757,-0.6961363765576509,2
-0.9678880524997194,1.0944561947631517,0.2980771051267084,0
-0.1407437926096119,0.1321678010265333,-0.3090797629588284,1
-0.7890460503613178,-0.3489763958417757,-0.828553487171325,3
-0.7778684252276677,-0.3489763958417757,-0.915180035596294,3
2.4189323629962614,0.6133119978948424,-0.2084176290547521,2
0.6081570913449449,-0.8301205927100848,-1.0420428809491615,2
-0.811401300628618,2.5378887853680787,2.781062129777057,0
-0.2301647936788127,-0.3489763958417757,-0.8856239196840333,3
2.184202235189609,-0.8301205927100848,-0.7793218506179556,2
-0.4760725466191149,-0.8301205927100848,-0.566731990802666,3
-0.6772697990248168,1.5756003916314605,2.356967562228281,0
1.289992224497601,-0.8301205927100848,-0.6461337108935268,2
-0.8561118011632184,-0.3489763958417757,-0.8762859004537829,3
-0.2078095434115125,-0.8301205927100848,0.0847590511512617,3
-0.3531186701489638,-0.8301205927100848,-0.8715026643037309,3
-0.587848797955616,0.6133119978948424,1.5153607312058737,0
-0.7219802995594172,1.0944561947631517,0.1570644477598067,0
-0.8337565508959183,-0.8301205927100848,-0.6997059557741075,3
-0.2860529193470632,-0.3489763958417757,0.6504802436921702,1
1.3570579752995016,-0.8301205927100848,-0.7127848940232044,2
-0.8896446765641687,1.5756003916314605,0.0605001907962226,0
-0.6884474241584669,-0.8301205927100848,-1.047611424526834,3
-0.9790656776333696,1.5756003916314605,2.089820253668668,0
-0.8561118011632184,1.0944561947631517,0.8326858452169812,0
1.3347027250322014,-0.8301205927100848,-0.2496534081632588,2
-0.5096054220200653,0.1321678010265333,1.7599054641668832,0
0.4740255897411436,-0.3489763958417757,-0.400903618722958,2
-0.9119999268314688,1.0944561947631517,2.9473474079964705,0
0.2728283373354418,0.1321678010265333,0.2165764724565713,2
1.18939359829475,-0.3489763958417757,-0.1640548985526294,2
2.0836036089867584,-0.8301205927100848,-0.6877978395080082,2
0.2057625865335412,0.1321678010265333,-0.4818759536690596,3
-0.1630990428769121,-0.8301205927100848,-0.4359568866285618,3
-0.4313620460845145,-0.8301205927100848,0.1525382213133397,3
-0.4984277968864152,0.1321678010265333,0.8725509059063684,1
-0.8337565508959183,-0.3489763958417757,-0.2394586899210588,3
0.7087557175477958,0.1321678010265333,-0.2550220553048095,2
1.491189476903303,-0.8301205927100848,-0.5290229559600185,2
-0.9455328022324192,-0.3489763958417757,-0.3233152448740572,3
0.3398940881373424,-0.3489763958417757,-0.6893684543632491,2
-0.3419410450153137,-0.8301205927100848,-1.0076035806687884,3
-0.3195857947480136,-0.3489763958417757,-0.4895291315091425,3
-0.8225789257622681,2.5378887853680787,2.210757597522218,0
-1.0014209279006698,3.9813213759730055,3.0913727902220627,0
-0.7778684252276677,0.1321678010265333,-0.2307631949497704,1
-0.699625049292117,1.0944561947631517,0.8817033070173632,0
2.161846984922309,-0.8301205927100848,-0.2625181716593684,2
0.943485845354448,-0.3489763958417757,-0.947092073791416,2
-0.151921417743262,0.1321678010265333,1.070691109053442,1
-0.6549145487575166,-0.8301205927100848,-0.9399529153585028,3
1.9494721073829573,-0.8301205927100848,-0.9553592192567296,2
-0.7219802995594172,0.6133119978948424,-0.2342899392156296,1
0.1945849613998911,0.6133119978948424,1.2125747437491587,0
2.150669359788659,-0.8301205927100848,-0.9359692649529372,2
-0.9231775519651192,1.0944561947631517,0.7112059253225301,0
2.3853994875953117,-0.8301205927100848,-0.5719578547755585,2
-0.6660921738911667,-0.3489763958417757,-0.0915924404585603,3
-0.8002236754949679,-0.8301205927100848,-0.8354927491681167,3
0.3622493384046426,-0.3489763958417757,-0.7856757016232483,2
-0.2972305444807133,-0.8301205927100848,-1.0252515803149498,3
0.1610520859989408,-0.8301205927100848,-0.1211771130045525,2
1.9606497325166072,-0.8301205927100848,-0.8951190003998079,2
-0.699625049292117,1.0944561947631517,0.7479440346183013,0
1.9606497325166072,-0.8301205927100848,-0.939453174268199,2
-0.3084081696143634,-0.3489763958417757,-0.622260365093865,3
2.5530638646000625,-0.8301205927100848,-0.7776798441783855,2
-0.9790656776333696,2.5378887853680787,0.8953390996242274,0
-0.6660921738911667,-0.8301205927100848,-0.9416092001149386,3
-0.9678880524997194,0.1321678010265333,0.1881197869429791,1
0.4181374640728931,-0.8301205927100848,-0.9878281118096188,2
-0.5654935476883158,1.0944561947631517,-0.444181197143278,0
0.1163415854643404,1.5756003916314605,0.3410548388928457,0
0.3734269635382927,-0.8301205927100848,-0.6216892324192319,2
-0.6549145487575166,-0.8301205927100848,-1.0921597731482124,3
2.3518666121943608,-0.3489763958417757,0.1586493409319134,2
-0.9790656776333696,3.0190329822363875,0.2747035004173505,0
-0.9902433027670196,-0.8301205927100848,-0.8838819650264024,3
-0.3866515455499141,-0.8301205927100848,-0.9306006178113864,3
2.6089519902683134,-0.8301205927100848,-1.0482967837363937,2
-0.8896446765641687,-0.8301205927100848,-0.5377898425156359,3
-0.6102040482229162,-0.8301205927100848,-0.9468778990384286,3
0.5187360902757441,-0.8301205927100848,-0.8831966058168427,2
-0.9678880524997194,1.0944561947631517,0.4217416075016308,0
0.7087557175477958,-0.3489763958417757,-0.8485574091003478,2
1.6476762287744044,-0.8301205927100848,0.6506944184451576,2
-0.4425396712181647,2.056744588499769,2.702488552064414,0
-0.6772697990248168,-0.3489763958417757,-0.3035540543317536,3
-0.2078095434115125,-0.8301205927100848,-0.9513755688511638,3
-0.8672894262968686,0.6133119978948424,-0.1679957140075974,1
-0.7666908000940176,2.056744588499769,3.005074643085007,0
-0.9790656776333696,0.6133119978948424,1.470541094564045,0
2.038893108452158,-0.3489763958417757,-0.6053691162415924,2
-0.8002236754949679,1.0944561947631517,0.8170510882489013,0
0.5858018410776447,-0.8301205927100848,-1.0287640462639431,2
-0.9790656776333696,0.6133119978948424,2.8123173653963507,0
-0.0848556669413614,-0.8301205927100848,-0.5581792790000359,3
-0.9008223016978189,0.1321678010265333,2.727332823410952,0
-0.9343551770987693,0.1321678010265333,-0.1490341092097798,1
0.3510717132709925,0.1321678010265333,-0.1439224717718141,2
-0.3419410450153137,-0.3489763958417757,-0.2470261978599467,3
-1.0014209279006698,1.0944561947631517,0.4474140212263871,0
2.541886239466413,-0.8301205927100848,-0.4706103616619225,2
0.4293150892065432,0.1321678010265333,-0.2925169153944697,2
-1.0014209279006698,-0.3489763958417757,0.2218451713800613,1
-0.5096054220200653,-0.8301205927100848,-0.5635479261415868,3
-0.9790656776333696,-0.3489763958417757,0.1778251204827182,1
-0.9902433027670196,0.6133119978948424,0.1493827132859921,1
0.4740255897411436,-0.8301205927100848,-0.9919259887501112,2
-0.151921417743262,-0.3489763958417757,-0.4670550607623319,3
1.591788103106154,-0.8301205927100848,-0.9328137569255897,2
1.4464789763687027,-0.8301205927100848,-0.5195707101948414,2
-0.6213816733565662,-0.3489763958417757,-0.2168418360055897,3
-0.1854542931442123,-0.3489763958417757,-0.2701713494994514,3
1.6476762287744044,-0.3489763958417757,0.7640499760429534,2
1.9494721073829573,-0.8301205927100848,-0.9877138852746922,2
-0.8002236754949679,-0.3489763958417757,-0.5505974927442822,3
-0.5766711728219659,-0.8301205927100848,-0.4324158640458369,3
1.390590850700452,0.1321678010265333,0.4099477177704586,2
0.9211305950871476,-0.3489763958417757,-0.7441115212268277,2
-0.0513227915404111,0.6133119978948424,2.335078902472968,0
-0.2301647936788127,-0.3489763958417757,1.1726240131585766,1
2.061248358719458,-0.8301205927100848,-0.9853008497243674,2
-0.587848797955616,0.6133119978948424,-0.3539850695018524,1
0.0716310849297399,-0.8301205927100848,-0.6378380087944816,3
-0.9008223016978189,0.6133119978948424,-0.5135452604774626,1
-0.6549145487575166,-0.8301205927100848,-0.9652826494784787,3
2.2959784865261104,0.6133119978948424,-0.3335527980668546,2
-0.0625004166740612,0.6133119978948424,-0.3727324995466824,1
-0.9231775519651192,2.056744588499769,1.1276330367143574,0
-0.5654935476883158,-0.3489763958417757,-0.1555450217005968,3
-0.2748752942134131,-0.8301205927100848,-0.5106182055199683,3
-0.6772697990248168,1.5756003916314605,1.7760114055915353,0
-0.263697669079763,-0.3489763958417757,0.0612283849563797,3
1.2341040988293506,-0.3489763958417757,0.2876967687652526,2
0.1722297111325909,-0.8301205927100848,-0.678202810574173,2
-0.8225789257622681,0.6133119978948424,-0.1557877530873159,1
1.4129461009677522,-0.8301205927100848,-0.8925489033639591,2
-0.3531186701489638,2.056744588499769,-0.090050382237051,0
-1.0014209279006698,-0.8301205927100848,-0.9422231677401692,3
-0.8337565508959183,-0.3489763958417757,-0.4908998499282619,3
1.6476762287744044,-0.8301205927100848,-0.6887116517874212,2
0.0380982095287896,-0.8301205927100848,-0.9406097179343308,3
-0.9008223016978189,1.5756003916314605,1.8032401558546656,0
0.1610520859989408,1.5756003916314605,1.5639498435002814,0
-0.4313620460845145,3.0190329822363875,2.0426446947439776,0
-0.0177899161394608,-0.8301205927100848,0.3711963657966055,3
-0.6772697990248168,1.0944561947631517,0.2768166913134928,0
-0.8896446765641687,1.5756003916314605,1.3981500280543049,0
-0.9902433027670196,0.6133119978948424,1.468941923075072,0
-0.5431382974210156,-0.8301205927100848,-0.9152799838143548,3
-0.9790656776333696,-0.8301205927100848,-1.028849716165138,3
1.7370972298436054,-0.3489763958417757,-0.2543081394615182,2
0.954663470488098,-0.8301205927100848,-0.1818171247337175,2
0.0045653341278393,0.1321678010265333,0.2578979214662729,1
0.2057625865335412,0.6133119978948424,0.28445559083671,1
-0.699625049292117,1.0944561947631517,2.0050784430699884,0
-0.4425396712181647,0.1321678010265333,1.0518722874242823,1
1.0329068464236488,0.1321678010265333,0.1644891725300365,2
-0.5431382974210156,1.0944561947631517,1.7670303442829305,0
-0.4760725466191149,0.6133119978948424,0.931249066541781,1
-0.7778684252276677,0.6133119978948424,-0.080512466570679,1
-0.1183885423423117,-0.3489763958417757,-0.4564034363804253,3
2.620129615401963,-0.8301205927100848,-0.9475918148817198,2
-0.5431382974210156,3.9813213759730055,2.242184172943902,0
-0.6884474241584669,-0.3489763958417757,0.1139867657756084,3
1.0329068464236488,-0.8301205927100848,-0.8521412666336703,2
1.602965728239804,-0.3489763958417757,-0.7566907183856207,2
-0.9231775519651192,3.5001771791046967,2.5390589372181647,0
1.4353013512350523,-0.3489763958417757,1.260692671586994,2
0.2169402116671913,0.1321678010265333,0.947440677867628,1
2.0836036089867584,-0.8301205927100848,-0.961984358282473,2
2.5307086143327626,-0.8301205927100848,-0.7252355863302051,2
-0.9455328022324192,0.1321678010265333,1.561394024781298,0
-1.0014209279006698,1.0944561947631517,2.9544580097956525,0
1.8824063565810565,-0.3489763958417757,0.226385676143394,2
0.5634465908103444,-0.8301205927100848,-0.9859290956664638,2
-0.4537172963518148,-0.3489763958417757,0.5039418776981938,1
-0.9343551770987693,2.5378887853680787,2.581122858704889,0
0.7087557175477958,-0.3489763958417757,-0.6804159496883759,2
0.1945849613998911,-0.3489763958417757,-0.4002610944639959,2
0.7981767186169966,0.1321678010265333,1.007666618407684,1
1.5023671020369531,-0.8301205927100848,-0.9968948430194188,2
-0.1966319182778624,-0.3489763958417757,-0.5319357326006471,3
-0.4537172963518148,0.6133119978948424,-0.3577259885206989,1
0.08280871006339,0.1321678010265333,0.4415313546776664,1
1.1782159731611,-0.8301205927100848,-0.9658823387868436,2
-0.6772697990248168,-0.3489763958417757,-0.3073520866180633,3
-0.7890460503613178,0.6133119978948424,1.5699039016333307,0
-0.9343551770987693,0.1321678010265333,-0.9050709872552888,1
1.3570579752995016,-0.8301205927100848,-0.5481559005602259,2
-0.9231775519651192,1.5756003916314605,0.1438570046589172,0
-0.9008223016978189,1.0944561947631517,2.147661715292131,0
-0.9902433027670196,0.6133119978948424,0.3370426318535486,1
-0.5766711728219659,-0.8301205927100848,-0.9199632717463456,3
-0.8225789257622681,0.6133119978948424,0.7065226373905388,1
-0.811401300628618,-0.8301205927100848,-1.0955865691960107,3
0.2840059624690919,-0.8301205927100848,-0.2432567222073685,2
1.4688342266360028,-0.8301205927100848,-0.6097668378362668,2
-0.2301647936788127,0.1321678010265333,1.4970130940332869,1
-0.4537172963518148,-0.3489763958417757,1.831639728100795,0
-0.0289675412731109,1.5756003916314605,3.12011504207297,0
-0.9343551770987693,3.0190329822363875,2.2017479795798818,0
1.692386729309005,-0.8301205927100848,-0.7142698389772505,2
-0.4984277968864152,1.5756003916314605,1.1438103697233386,0
0.1722297111325909,-0.8301205927100848,-0.9859290956664638,2
-0.5207830471537154,1.5756003916314605,2.3853671344744094,0
-0.2972305444807133,-0.8301205927100848,-0.4311022588941808,3
1.289992224497601,-0.3489763958417757,-0.4750651965240604,2
-0.9008223016978189,1.0944561947631517,1.028384456179998,0
0.2616507122017917,-0.3489763958417757,-0.2933450577726875,2
1.6812091041753547,-0.8301205927100848,-0.8947620424781622,2
0.7981767186169966,-0.8301205927100848,-0.7122851529329006,2
0.3622493384046426,-0.3489763958417757,-0.4966682899420558,2
-0.7666908000940176,0.1321678010265333,0.0424095633272206,1
-0.263697669079763,-0.8301205927100848,-0.564433181787268,3
-0.8337565508959183,2.5378887853680787,2.4868574107567034,0
-0.8449341760295683,-0.3489763958417757,-0.5078053770974004,3
-0.8337565508959183,0.6133119978948424,1.1485507709227931,1
0.7758214683496963,-0.3489763958417757,-0.3173897433747393,2
1.692386729309005,-0.8301205927100848,-0.7153264344253216,2
1.4241237261014024,-0.8301205927100848,-0.9649399698736988,2
-0.5207830471537154,2.5378887853680787,1.9368138101344723,0
-0.7890460503613178,0.6133119978948424,-0.2026777456746898,1
0.3957822138055929,2.5378887853680787,0.1134013547841096,0
-0.587848797955616,-0.8301205927100848,-1.0016638008526046,3
0.3287164630036923,-0.3489763958417757,0.3013753963227144,3
1.8824063565810565,-0.8301205927100848,-0.5724718741827283,2
-0.9119999268314688,-0.8301205927100848,-0.966653367897598,3
2.038893108452158,-0.8301205927100848,-0.7532924789715539,2
0.8205319688842968,-0.8301205927100848,-1.084449482040666,2
0.731110967815096,0.6133119978948424,0.3833043784988263,1
1.379413225566802,-0.8301205927100848,-1.0279073472519935,2
-0.9567104273660694,-0.3489763958417757,-0.923647077497729,3
-0.1295661674759618,-0.3489763958417757,-0.1560304844740349,3
-0.5431382974210156,-0.8301205927100848,-0.8358354287728965,3
-0.811401300628618,0.1321678010265333,0.1451706098105732,1
-0.6660921738911667,0.6133119978948424,1.866921449076252,0
-0.7778684252276677,-0.8301205927100848,-0.9409523975391106,3
2.5530638646000625,-0.8301205927100848,-0.9359549866360714,2
2.27362323625881,-0.8301205927100848,-1.0137718135548253,2
1.0440844715572988,-0.8301205927100848,-0.8209288659649738,2
1.1111502223591994,-0.3489763958417757,-0.2762253558505618,2
-0.5319606722873654,-0.3489763958417757,-0.6602406879569632,3
-0.4425396712181647,-0.8301205927100848,-0.8678759718198109,3
-0.7331579246930673,-0.8301205927100848,-0.2784527732816306,3
-0.5990264230892661,0.1321678010265333,0.6242224189759156,1
-0.9231775519651192,0.1321678010265333,-0.8686898358811631,1
2.2959784865261104,-0.8301205927100848,-0.9539456658870128,2
-0.6549145487575166,0.1321678010265333,1.309453123683791,1
-0.2972305444807133,-0.3489763958417757,0.3326163536251426,3
1.4129461009677522,-0.8301205927100848,-1.0602477349530903,2
-0.2972305444807133,-0.3489763958417757,-0.4605013133209175,3
0.6416899667458952,-0.8301205927100848,-0.3366940277773366,2
0.4293150892065432,0.6133119978948424,0.9499393833191476,1
-0.6437369236238665,1.5756003916314605,0.9121161219415734,0
0.3063612127363921,-0.8301205927100848,-0.9334562811845518,2
0.1722297111325909,1.5756003916314605,1.9236063670335828,0
-0.9008223016978189,2.056744588499769,2.553708490322503,0
-0.2301647936788127,1.5756003916314605,1.7832790688762412,0
0.0045653341278393,3.0190329822363875,0.4137314717399024,0
2.452465238397212,-0.8301205927100848,0.3605161847809673,2
-0.5431382974210156,-0.3489763958417757,-0.0577956644371492,3
0.0045653341278393,2.056744588499769,0.9801665801241024,0
-0.7778684252276677,-0.3489763958417757,-0.4573172486598382,3
-0.9790656776333696,0.1321678010265333,1.608798036775842,0
-0.9008223016978189,1.5756003916314605,0.3445101915743759,0
0.08280871006339,-0.8301205927100848,-0.6039555628718756,3
-0.3866515455499141,-0.3489763958417757,0.003715324620831,3
1.4129461009677522,-0.8301205927100848,-0.7786079347746642,2
-0.8225789257622681,-0.8301205927100848,-0.6973928684418437,3
-0.4648949214854648,-0.3489763958417757,-0.6384805330534438,3
-0.9455328022324192,1.0944561947631517,0.5904827562219676,0
2.363044237328011,-0.8301205927100848,-0.4856739859553695,2
-0.9119999268314688,1.5756003916314605,2.053210649224689,0
-0.7778684252276677,1.5756003916314605,0.8028584412842698,0
0.08280871006339,-0.8301205927100848,-1.0301062080493308,3
2.396577112728961,-0.8301205927100848,-0.9689378985961304,2
2.5530638646000625,-0.8301205927100848,2.642533899544808,0
-0.9343551770987693,1.0944561947631517,2.2091013127657826,0
-1.0125985530343198,0.6133119978948424,1.2884497195741609,0
1.2676369742303009,-0.3489763958417757,1.1127264739064346,2
-0.4201844209508644,0.6133119978948424,0.8705376632282871,1
-1.0125985530343198,0.6133119978948424,0.2853408464823913,1
-0.811401300628618,1.0944561947631517,0.5036277547271456,0
-0.9231775519651192,-0.3489763958417757,-0.6213322744975862,3
-0.811401300628618,0.6133119978948424,0.1075044099185231,1
0.9993739710226984,0.1321678010265333,-0.4672692355153192,2
-0.3531186701489638,-0.3489763958417757,-0.2378880750658178,3
-0.9008223016978189,-0.3489763958417757,-0.7873890996471475,3
1.0999725972255494,-0.8301205927100848,-0.9860290438845244,2
-0.9678880524997194,3.0190329822363875,3.1508990932356924,0
2.452465238397212,-0.8301205927100848,-0.9950101051931296,2
0.7087557175477958,-0.8301205927100848,1.4669715153475882,1
0.2057625865335412,0.1321678010265333,-0.5371044833060763,3
0.6305123416122451,0.1321678010265333,1.8455468087281095,0
-0.2860529193470632,3.9813213759730055,1.670651705438602,0
0.0716310849297399,0.1321678010265333,-0.4010606802084821,3
1.7370972298436054,0.1321678010265333,0.3254486385584977,2
-0.699625049292117,2.056744588499769,2.0873358265340145,0
-0.8225789257622681,0.6133119978948424,-0.3059099766146149,1
-0.8896446765641687,-0.3489763958417757,-0.4987672025213323,3
0.1386968357316406,2.5378887853680787,1.488032032724682,0
-0.1966319182778624,-0.3489763958417757,-0.8226708206226045,3
-0.5096054220200653,-0.8301205927100848,-0.3753025965825313,3
-0.2189871685451626,0.1321678010265333,0.164689068966158,1
1.8488734811801064,-0.8301205927100848,-0.881697382545931,2
-0.8002236754949679,0.6133119978948424,0.7126194786922466,1
1.815340605779156,-0.3489763958417757,-0.7057171271746204,2
-0.9008223016978189,-0.8301205927100848,-0.7588324659154947,3
0.8205319688842968,-0.3489763958417757,-0.2484397512296635,2
-0.8225789257622681,1.5756003916314605,1.7309633158798527,0
2.1283141095213587,-0.8301205927100848,-0.9615131738259006,2
-0.4648949214854648,-0.8301205927100848,-0.6976213215116968,3
-0.587848797955616,-0.8301205927100848,-0.9248178994807268,3
-0.7219802995594172,1.5756003916314605,0.5068403760219565,0
-0.263697669079763,-0.8301205927100848,0.3623438093397931,3
1.289992224497601,-0.8301205927100848,-0.4956402511277163,2
0.9323082202207978,-0.3489763958417757,-0.6704782411497608,2
-0.9455328022324192,1.0944561947631517,2.2455966906748346,0
-0.7331579246930673,-0.8301205927100848,-0.9580007078769076,3
-0.4537172963518148,-0.3489763958417757,-0.98050333525745,3
2.463642863530862,-0.3489763958417757,-0.3879389070087876,2
2.4301099881299115,-0.8301205927100848,-0.4785205492055904,2
-0.5431382974210156,1.0944561947631517,1.6374546187255554,0
-0.7331579246930673,0.1321678010265333,-0.0029526493555098,1
-0.040145166406761,0.1321678010265333,-0.6477471606993651,3
1.0329068464236488,-0.3489763958417757,-0.7985833000699554,2
-0.8002236754949679,3.9813213759730055,2.3121193689527195,0
-0.4984277968864152,0.6133119978948424,-0.1959669367477514,1
-0.8337565508959183,1.0944561947631517,1.642209298241876,0
-0.7555131749603675,1.5756003916314605,0.7958335093862833,0
-0.7778684252276677,-0.3489763958417757,-0.7745386144679038,3
-0.9008223016978189,1.0944561947631517,0.7200584817793423,0
1.077617346958249,-0.3489763958417757,-0.7642153913739113,2
0.1051639603306903,0.1321678010265333,-0.5067630599661951,3
-0.3419410450153137,0.1321678010265333,0.2565700379977511,1
-0.8225789257622681,1.5756003916314605,1.808180453490242,0
-0.6549145487575166,-0.3489763958417757,-0.6854419172251469,3
-0.3084081696143634,-0.8301205927100848,-0.9082978868669656,3
-1.0014209279006698,-0.3489763958417757,-0.770897643667118,3
-0.7555131749603675,0.6133119978948424,0.2342101937858668,1
0.183407336266241,-0.8301205927100848,-0.8130329567381717,2
-0.6660921738911667,3.0190329822363875,1.4754100006152917,0
-0.6102040482229162,-0.8301205927100848,-0.6372240411692511,3
-0.3531186701489638,0.1321678010265333,-0.3311112058827984,1
-0.7331579246930673,1.5756003916314605,2.929342450428664,0
1.6141433533734542,0.6133119978948424,0.1746838907722365,2
-0.7443355498267175,2.056744588499769,1.6266030979075274,0
-0.3531186701489638,0.1321678010265333,2.918962114067208,0
1.8824063565810565,-0.8301205927100848,-0.9131810712350782,2
-0.375473920416264,-0.8301205927100848,-0.6495890635750567,3
-0.2972305444807133,-0.3489763958417757,-0.6029132457406702,3
-0.8449341760295683,-0.3489763958417757,-0.3898379231519425,3
-0.9119999268314688,0.1321678010265333,0.2029692364834386,1
-0.364296295282614,2.5378887853680787,0.9178702836385014,0
1.055262096690949,-0.8301205927100848,-1.0098452764167232,2
-0.7555131749603675,-0.3489763958417757,1.704534151361208,0
-0.9678880524997194,1.0944561947631517,2.5178699149892783,0
0.6640452170131954,-0.3489763958417757,-0.2251803730552324,2
2.452465238397212,-0.8301205927100848,-0.7442828610292176,2
-0.9008223016978189,-0.3489763958417757,-0.0758720135892854,3
-0.8225789257622681,-0.3489763958417757,-0.8913638030640955,3
0.6752228421468455,-0.8301205927100848,-0.9227903784857794,2
-0.811401300628618,1.0944561947631517,0.0696240352734857,0
-0.9119999268314688,0.6133119978948424,2.0974591531918856,0
-0.3866515455499141,-0.3489763958417757,-0.7110143827318419,3
-0.0736780418077113,-0.8301205927100848,-0.0315949529883577,3
-0.1742766680105622,0.1321678010265333,0.385874475534675,1
0.2169402116671913,-0.8301205927100848,0.8873860771299622,1
-0.3866515455499141,-0.3489763958417757,1.027827601822231,1
-1.0125985530343198,-0.8301205927100848,-0.832594250844354,3
2.1171364843877085,-0.3489763958417757,-0.8459159204801701,2
-0.9902433027670196,2.056744588499769,2.847142180232101,0
0.9881963458890484,3.0190329822363875,1.1841180582355666,0
-0.8784670514305186,0.6133119978948424,0.0702522812155821,1
-0.9902433027670196,-0.8301205927100848,-0.91649364074795,3
-0.8337565508959183,-0.8301205927100848,-0.9593714262960268,3
-0.5654935476883158,-0.8301205927100848,-0.9943390243004356,3
-0.9567104273660694,1.0944561947631517,0.2519438633332233,0
0.8652424694188972,0.6133119978948424,0.3177669040846829,1
-0.4648949214854648,-0.8301205927100848,-0.933027931678577,3
2.0724259838531083,-0.8301205927100848,-0.818358768929125,2
-0.811401300628618,3.0190329822363875,1.099119237933302,0
-0.8561118011632184,0.6133119978948424,0.7277687728868887,1
-0.6325592984902164,0.1321678010265333,-0.3606244868444616,1
-0.7778684252276677,0.1321678010265333,-0.2760825726819035,1
-0.9455328022324192,-0.3489763958417757,-0.6384948113703096,3
-0.8002236754949679,1.5756003916314605,1.3280149356093651,0
-0.9008223016978189,-0.3489763958417757,0.0795760221289667,1
-0.5319606722873654,-0.8301205927100848,-0.8403330985856319,3
2.396577112728961,-0.8301205927100848,-0.5956598607728303,2
-0.9008223016978189,-0.8301205927100848,-0.8517700303951588,3
2.050070733585808,-0.8301205927100848,-0.2148999849118373,2
-0.9790656776333696,0.6133119978948424,1.3916248372466222,0
-0.2189871685451626,0.6133119978948424,-0.2983424686757269,1
1.692386729309005,0.1321678010265333,-0.5774550067689016,2
-0.9231775519651192,0.1321678010265333,-0.3670497294340835,1
1.7259196047099552,-0.8301205927100848,-0.5940749676007236,2
1.278814599363951,-0.3489763958417757,-0.567888534468798,2
-1.0125985530343198,1.0944561947631517,1.3962081769605523,0
1.0440844715572988,-0.8301205927100848,-0.6995346159717175,2
-0.6660921738911667,1.0944561947631517,0.1087894584364476,0
-0.3866515455499141,-0.3489763958417757,-0.8347931116416912,3
1.16703834802745,-0.3489763958417757,0.1272513221439611,2
-0.7555131749603675,0.6133119978948424,2.8281948537511497,0
-0.0066122910058107,-0.3489763958417757,-0.1978231179403088,3
-0.9790656776333696,-0.3489763958417757,0.2066815988685535,1
-0.4537172963518148,0.1321678010265333,0.2805290536986077,1
1.915939231982007,-0.8301205927100848,-0.9936965000414736,2
1.9494721073829573,-0.8301205927100848,-0.6648097493540277,2
-0.6213816733565662,-0.3489763958417757,-0.2865057439939567,3
-0.4537172963518148,-0.8301205927100848,-0.523882761888321,3
-0.4425396712181647,1.5756003916314605,3.104080492232648,0
-0.7555131749603675,1.5756003916314605,1.851715041614147,0
-0.7778684252276677,-0.8301205927100848,-0.9995506099564622,3
-0.364296295282614,-0.8301205927100848,-1.0200257163420574,3
0.8764200945525473,-0.3489763958417757,-0.1666249955884781,2
-0.263697669079763,-0.3489763958417757,0.0289165538890146,3
0.731110967815096,-0.3489763958417757,-0.3047248763147512,2
1.2229264736957004,-0.8301205927100848,-0.8202435067554141,2
-0.9678880524997194,0.6133119978948424,0.8453935472275665,1
-0.2748752942134131,-0.3489763958417757,-0.2238239329529788,3
-0.1630990428769121,-0.8301205927100848,-0.9942390760823748,3
-1.0125985530343198,2.056744588499769,1.593663020898066,0
-0.9343551770987693,0.6133119978948424,1.6016303217091972,0
0.8652424694188972,-0.3489763958417757,-0.7416984856765031,2
-0.8225789257622681,0.6133119978948424,0.0538464951367475,1
-0.9678880524997194,-0.3489763958417757,-0.804380296717481,3
-0.9231775519651192,3.0190329822363875,2.4550453207796417,0
-0.0513227915404111,-0.3489763958417757,-0.7492802719322568,3
-0.7219802995594172,-0.8301205927100848,-1.0031344674897846,3
-0.699625049292117,0.6133119978948424,-0.0987173205746077,1
-0.8002236754949679,-0.3489763958417757,-0.2488252657850408,3
-0.3419410450153137,1.0944561947631517,1.463801729003375,0
-0.7555131749603675,-0.8301205927100848,-0.8784847612511201,3
1.6812091041753547,0.1321678010265333,0.640713874955945,2
2.105958859254059,-0.3489763958417757,-0.5963309416655243,2
1.602965728239804,-0.3489763958417757,-0.0641923503930395,2
-0.9902433027670196,1.0944561947631517,1.3220180425257184,0
-0.8449341760295683,-0.8301205927100848,-0.3057671934459566,3
-0.6772697990248168,1.5756003916314605,2.4811889189609704,0
-0.2301647936788127,0.1321678010265333,-0.4448522780359717,1
1.077617346958249,-0.3489763958417757,-1.0830216503540837,2
-0.7331579246930673,1.0944561947631517,0.5582851516895291,0
0.1722297111325909,-0.8301205927100848,-0.2600480228415804,2
1.312347474764901,-0.8301205927100848,-0.996209483809859,2
-0.5319606722873654,-0.3489763958417757,-0.6503172577352139,3
-0.6772697990248168,1.0944561947631517,1.861638471835896,0
0.5075584651420939,0.6133119978948424,-0.3126350638584191,1
1.9382944822493071,-0.8301205927100848,-0.9103967994462422,2
-0.9790656776333696,2.056744588499769,1.811121786764602,0
1.4129461009677522,-0.3489763958417757,-0.8879655636500288,2
-1.0014209279006698,1.0944561947631517,0.5807877790700715,0
1.3682356004331515,-0.8301205927100848,-1.001449626099617,2
-0.6660921738911667,0.1321678010265333,1.976964437161176,0
-0.9008223016978189,3.0190329822363875,2.449562447103165,0
-0.8561118011632184,-0.8301205927100848,-0.7029756903363817,3
-0.9008223016978189,3.0190329822363875,0.9758545284306228,0
1.2005712234284005,-0.8301205927100848,-0.901687026158088,2
-0.9902433027670196,0.1321678010265333,0.4509978787597092,1
-0.8672894262968686,0.6133119978948424,-0.3013123585838188,1
-0.9119999268314688,3.9813213759730055,2.8972305157974203,0
-0.699625049292117,0.1321678010265333,0.1521527067579625,1
-0.9231775519651192,3.9813213759730055,2.643904617963928,0
-0.7555131749603675,-0.8301205927100848,-0.9285445401827074,3
-0.7443355498267175,0.6133119978948424,0.0812037502516709,1
-0.5431382974210156,-0.3489763958417757,-0.7181963761153527,3
-1.0014209279006698,1.0944561947631517,1.101332377047505,0
-0.9567104273660694,0.1321678010265333,-0.2094599461859575,1
0.619334716478595,-0.8301205927100848,-0.8996595051631405,2
-0.9119999268314688,1.5756003916314605,0.4452722736965131,0
-0.7443355498267175,-0.8301205927100848,-0.2212110009665325,3
2.038893108452158,-0.8301205927100848,-0.773781863674015,2
-1.0125985530343198,2.5378887853680787,1.5521416754522426,0
-0.4984277968864152,0.1321678010265333,-0.6146643005212453,1
-0.9343551770987693,2.5378887853680787,2.701431956616343,0
-0.9790656776333696,0.1321678010265333,0.5055124925534346,1
-0.5431382974210156,2.056744588499769,0.7195444623721727,0
1.1782159731611,0.1321678010265333,0.9105312287694668,1
-0.8896446765641687,1.5756003916314605,0.8421809259327556,0
-0.8449341760295683,2.056744588499769,0.4133174005507934,0
0.2392954619344915,1.0944561947631517,0.5850569958129536,1
1.7594524801109055,-0.8301205927100848,-0.6886545385199578,2
-0.699625049292117,1.0944561947631517,0.8641838122229942,0
-0.5319606722873654,-0.8301205927100848,-0.6009285596963203,3
-0.0513227915404111,-0.8301205927100848,-0.3531854837573662,3
-0.5207830471537154,-0.3489763958417757,-0.2462408904323263,3
-0.8561118011632184,-0.8301205927100848,-0.1021583949392718,3
-0.1854542931442123,-0.8301205927100848,-0.55686567384838,3
0.5969794662112947,0.6133119978948424,0.9617189947334543,1
-0.9678880524997194,0.1321678010265333,1.1643425893763972,1
2.2959784865261104,-0.8301205927100848,-1.0299063116132092,2
-0.364296295282614,-0.3489763958417757,-0.7918867694598829,3
1.927116857115657,-0.8301205927100848,-0.7281769196045654,2
-0.4984277968864152,-0.8301205927100848,-0.7599033396804318,3
-0.699625049292117,0.1321678010265333,-0.7944425881788657,1
-0.9343551770987693,1.5756003916314605,2.3742871605865274,0
-0.8337565508959183,-0.3489763958417757,-0.882268515220564,3
1.5694328528388537,-0.3489763958417757,0.0941113486983779,2
0.2281178368008414,-0.8301205927100848,-0.9584290573828822,2
-0.375473920416264,0.1321678010265333,0.2875539855965943,1
-0.4537172963518148,3.9813213759730055,2.466996271996339,0
0.3957822138055929,-0.3489763958417757,-0.1137238316005912,2
2.1171364843877085,0.1321678010265333,-0.6059116922824938,2
-0.4090067958172144,-0.3489763958417757,-0.5180572086070638,3
2.5530638646000625,-0.8301205927100848,-0.8715597775711942,2
-0.7331579246930673,-0.3489763958417757,-0.7432119872642806,3
-0.9119999268314688,-0.3489763958417757,-1.0467547255148844,3
-0.9455328022324192,-0.3489763958417757,-0.1871429369246708,3
-0.699625049292117,-0.8301205927100848,-0.8750722435201875,3
-0.8337565508959183,0.6133119978948424,-0.0934486216511178,1
-0.3084081696143634,-0.8301205927100848,-1.1484163415995683,3
-0.7890460503613178,-0.8301205927100848,-0.8303097201458217,3
-0.9902433027670196,2.056744588499769,0.727340423380914,0
0.8317095940179469,-0.8301205927100848,-0.9695804228550924,2
-0.4313620460845145,0.1321678010265333,-0.9091974208295128,1
-0.4537172963518148,-0.8301205927100848,-0.9320998410822982,3
-0.3419410450153137,-0.8301205927100848,-0.8869232465188234,3
0.7869990934833465,0.1321678010265333,0.0500341845335718,2
-0.9231775519651192,-0.8301205927100848,-0.652858798137331,3
-0.8561118011632184,0.6133119978948424,-0.3771016645076254,1
-0.1854542931442123,-0.8301205927100848,-0.8811405281881638,3
-0.5766711728219659,2.5378887853680787,2.7244343250871887,0
-0.5654935476883158,3.9813213759730055,1.8202313529249996,0
-0.6102040482229162,-0.3489763958417757,-0.0457019300517942,3
1.1782159731611,-0.8301205927100848,-0.7691128540588896,2
1.2117488485620505,-0.3489763958417757,0.4281097368237895,2
-0.1966319182778624,0.1321678010265333,-0.2180412146223191,1
-0.3084081696143634,-0.3489763958417757,-0.7687987310878416,3
-0.7890460503613178,0.6133119978948424,-0.4329441617698725,1
0.9881963458890484,0.1321678010265333,-0.6983209590381223,2
-0.9119999268314688,0.6133119978948424,0.4529111732197301,1
1.1782159731611,0.1321678010265333,1.897948231625693,0
-0.699625049292117,0.6133119978948424,-0.1612849050806591,1
-0.4313620460845145,-0.8301205927100848,-0.8875800490946515,3
-0.8225789257622681,1.5756003916314605,1.2990299523717377,0
-0.9119999268314688,0.1321678010265333,-1.010987541765989,1
-0.0177899161394608,0.6133119978948424,1.197939468961687,0
1.9718273576502572,-0.8301205927100848,-1.0675296765546618,2
-0.5319606722873654,0.6133119978948424,2.8759129887167414,0
0.6416899667458952,-0.8301205927100848,-0.7154977742277115,2
2.463642863530862,-0.8301205927100848,-0.6921527261520853,2
-0.7666908000940176,-0.3489763958417757,-0.4271471651223469,3
-0.375473920416264,1.5756003916314605,2.893046968955733,0
-0.7555131749603675,-0.3489763958417757,-0.4779065815803598,3
-0.151921417743262,2.056744588499769,2.7550327581306555,0
0.3063612127363921,-0.3489763958417757,-0.2353893696142982,2
-0.6213816733565662,0.1321678010265333,0.6853907284291157,1
-0.3531186701489638,-0.3489763958417757,0.5177490101074477,1
-0.8784670514305186,0.6133119978948424,0.7756439693380046,1
-0.811401300628618,-0.8301205927100848,-0.9140806051976256,3
-0.4425396712181647,-0.8301205927100848,-0.9776619502011504,3
-0.7331579246930673,-0.3489763958417757,0.0438231166969373,3
-0.699625049292117,-0.8301205927100848,-0.7763805173435954,3
-0.9455328022324192,-0.3489763958417757,-1.0827360840167668,3
1.055262096690949,0.1321678010265333,-0.1431086077104621,2
-0.9902433027670196,2.5378887853680787,3.0599604931172446,0
-0.9231775519651192,-0.3489763958417757,-0.1271597277713338,3
1.9047616068483568,-0.8301205927100848,-0.6900109786222114,2
-0.9902433027670196,0.6133119978948424,-0.4415254302062341,1
1.3235250998985513,-0.8301205927100848,-0.4152533271731136,2
0.183407336266241,-0.3489763958417757,0.934961428926896,1
-0.8784670514305186,3.0190329822363875,0.9503391761913909,0
-0.1630990428769121,0.1321678010265333,-0.1712226136192742,1
-0.8002236754949679,-0.8301205927100848,-0.7926006853031742,3
-0.7219802995594172,-0.3489763958417757,-0.3152765524785969,3
-0.811401300628618,1.5756003916314605,-0.0698465638719066,0
0.4516703394738434,-0.8301205927100848,-0.0645207516809535,2
1.804162980645506,-0.8301205927100848,-0.6363958987910331,2
-0.1407437926096119,-0.8301205927100848,1.501353702360498,1
1.289992224497601,-0.8301205927100848,-0.6301134393700696,2
1.815340605779156,-0.8301205927100848,-0.977861846637272,2
0.6305123416122451,-0.3489763958417757,-0.3657075676486959,2
-0.9119999268314688,-0.3489763958417757,0.6101725551799424,1
-0.0736780418077113,-0.8301205927100848,-0.2209682695798135,3
1.2676369742303009,-0.3489763958417757,-0.4879442383370358,2
-0.9343551770987693,0.6133119978948424,0.7936917618564093,1
-0.7666908000940176,1.5756003916314605,0.6550921400398321,0
-0.9008223016978189,3.0190329822363875,0.872093999766662,0
-0.7331579246930673,-0.8301205927100848,-0.6822864091977993,3
-0.7890460503613178,1.0944561947631517,2.833991850398675,0
-1.0014209279006698,-0.3489763958417757,0.3068868266329234,1
0.742288592948746,-0.3489763958417757,-0.2775104043684862,2
-0.1966319182778624,-0.8301205927100848,-0.7606172555237231,3
-0.9902433027670196,0.6133119978948424,-0.5370902049892103,1
-0.8337565508959183,-0.3489763958417757,0.0818748311443648,1
-0.6213816733565662,0.6133119978948424,0.5952945490057512,1
-0.0066122910058107,-0.3489763958417757,-0.7182392110659501,3
-0.2301647936788127,0.6133119978948424,0.65462095558326,1
0.2728283373354418,-0.3489763958417757,1.14175429209466,1
1.3570579752995016,-0.3489763958417757,0.2388220901335287,2
-0.6884474241584669,-0.3489763958417757,0.7218575497044364,1
-0.4537172963518148,-0.8301205927100848,-0.0876801816373238,3
1.7259196047099552,-0.8301205927100848,-0.7145696836314328,2
-0.6660921738911667,-0.8301205927100848,-0.837605940064259,3
0.1945849613998911,0.1321678010265333,2.2166402640709384,0
-0.9678880524997194,1.0944561947631517,0.6384864575248761,0
-0.1072109172086616,-0.3489763958417757,1.5426751513702,1
2.2959784865261104,-0.8301205927100848,1.3909965913045257,2
-0.3866515455499141,0.1321678010265333,1.1585027577782745,1
-0.8672894262968686,-0.8301205927100848,-1.0132006808801923,3
-0.2189871685451626,-0.3489763958417757,-0.7420268869644171,3
-0.7666908000940176,1.5756003916314605,0.4161587856070929,0
-0.811401300628618,-0.8301205927100848,-0.6272577759969042,3
-0.1407437926096119,-0.8301205927100848,-0.7122280396654372,3
-0.7443355498267175,-0.8301205927100848,-0.7493802201503175,3
-0.8896446765641687,-0.8301205927100848,-0.7362727252674889,3
1.804162980645506,-0.8301205927100848,-1.073755022708162,2
0.619334716478595,0.1321678010265333,-0.4665838763057596,2
-0.3084081696143634,0.6133119978948424,-0.1643261865730801,1
-0.9343551770987693,-0.3489763958417757,-0.8413325807662397,3
2.005360233051208,-0.8301205927100848,-0.97636262336636,2
-0.9119999268314688,1.0944561947631517,0.9449848073667058,0
1.7370972298436054,-0.8301205927100848,-0.8628357259661743,2
0.0492758346624397,-0.3489763958417757,-0.3061527080013339,3
-0.8561118011632184,-0.8301205927100848,-0.8959471427780258,3
-0.4648949214854648,-0.8301205927100848,-0.4950405618193516,3
-0.6884474241584669,-0.8301205927100848,-0.9465352194336488,3
-0.263697669079763,0.6133119978948424,1.1159248168843796,1
-0.6325592984902164,0.1321678010265333,0.4104617371776282,1
0.406959838939243,-0.8301205927100848,-0.993396655387291,2
0.1722297111325909,0.1321678010265333,0.7195444623721727,1
-0.6102040482229162,-0.8301205927100848,-1.028849716165138,3
-0.3866515455499141,-0.8301205927100848,-0.7575616957144361,3
-0.3866515455499141,2.056744588499769,-0.0280539304056327,0
-0.2189871685451626,1.0944561947631517,1.5861240695929095,0
1.7259196047099552,-0.8301205927100848,-1.0114587262225614,2
-0.811401300628618,-0.3489763958417757,-0.8683185996426517,3
1.18939359829475,-0.3489763958417757,-0.7403277672573837,2
-0.8449341760295683,-0.3489763958417757,-0.6912246355558066,3
1.3458803501658516,-0.8301205927100848,-0.6796020856270238,2
-0.587848797955616,-0.3489763958417757,-0.8260405034029396,3
-0.5096054220200653,0.1321678010265333,-0.377387230844942,1
0.8764200945525473,-0.3489763958417757,-0.5649043662438402,2
-0.4872501717527651,-0.8301205927100848,-0.4568888991538634,3
0.2728283373354418,0.6133119978948424,1.186888051707537,0
0.619334716478595,-0.8301205927100848,0.5857851899731107,2
-0.4537172963518148,-0.8301205927100848,-0.4713671124558114,3
0.7534662180823962,-0.8301205927100848,-0.9332278281146986,2
-0.8896446765641687,0.1321678010265333,0.6409851629763957,1
-0.6213816733565662,-0.8301205927100848,-0.7161545768035396,3
-0.4201844209508644,-0.3489763958417757,-0.5789399517229477,3
-0.5431382974210156,-0.3489763958417757,-0.7893595073746315,3
0.9099529699534976,-0.8301205927100848,-0.9144803980698684,2
-0.6437369236238665,-0.8301205927100848,-0.9779617948553326,3
-0.587848797955616,0.1321678010265333,-0.4487645368572081,1
1.9606497325166072,-0.8301205927100848,-0.7962987693714233,2
-0.9231775519651192,3.0190329822363875,1.5153036179384105,0
-0.8896446765641687,0.6133119978948424,0.0598005532697971,1
-0.9119999268314688,3.5001771791046967,1.1792777088180515,0
-0.6549145487575166,-0.8301205927100848,-0.6404509407809279,3
-0.1295661674759618,0.1321678010265333,-0.4876158370491218,1
-0.6772697990248168,0.6133119978948424,0.3650138545937024,1
-0.9343551770987693,0.6133119978948424,-0.2618328124498087,1
-0.2189871685451626,-0.3489763958417757,-0.4172522915343293,3
-0.9790656776333696,0.6133119978948424,-0.224623518697465,1
-0.9678880524997194,3.5001771791046967,2.493953734239019,0
-0.0177899161394608,-0.8301205927100848,-0.7964129959063497,3
-0.2189871685451626,0.1321678010265333,-0.5439295187679413,1
-0.364296295282614,1.5756003916314605,-0.1781475972992,0
0.8764200945525473,-0.8301205927100848,-0.9003591426895661,2
1.2005712234284005,-0.8301205927100848,-0.9631837368992022,2
-0.6772697990248168,-0.8301205927100848,-0.3905232823615022,3
0.6752228421468455,-0.3489763958417757,-0.1068702395049946,2
1.9941826079175573,-0.8301205927100848,-0.6666373739128535,2
-0.2972305444807133,0.6133119978948424,-0.6132650254683943,1
2.038893108452158,-0.8301205927100848,-0.984258532593162,2
-0.7443355498267175,0.1321678010265333,1.32385994540141,1
-0.7666908000940176,0.1321678010265333,0.8179363438945827,1
2.541886239466413,-0.8301205927100848,-0.8606654218025687,2
-0.9678880524997194,0.1321678010265333,-0.1664250991523565,1
-0.8896446765641687,-0.3489763958417757,-0.7259209455397647,3
2.050070733585808,-0.3489763958417757,0.969486399108464,2
-0.7443355498267175,3.9813213759730055,1.8448043362510864,0
-0.5654935476883158,3.0190329822363875,0.7527701057189508,0
-0.9343551770987693,0.6133119978948424,-0.7371294242794385,1
-0.2301647936788127,0.6133119978948424,0.2532289118511476,1
1.3570579752995016,-0.8301205927100848,-0.6278289086715374,2
-0.4313620460845145,-0.8301205927100848,0.118627218757002,3
-0.151921417743262,0.1321678010265333,1.333954715425549,1
-0.5096054220200653,-0.3489763958417757,-0.3671639559690102,3
0.9770187207553982,-0.8301205927100848,0.4269531931576576,2
0.0269205843951395,-0.3489763958417757,0.2449617663858342,3
-0.9119999268314688,0.1321678010265333,0.3325449620408135,1
0.1498744608652907,-0.8301205927100848,-0.1068559611881288,2
-0.151921417743262,-0.8301205927100848,-0.0535121693774013,3
0.9099529699534976,-0.8301205927100848,0.1004366430699391,2
1.3570579752995016,0.6133119978948424,0.1215114387638989,2
-0.7778684252276677,1.0944561947631517,-0.4364994626694632,0
1.8488734811801064,-0.8301205927100848,-1.0313341432997918,2
2.1283141095213587,-0.8301205927100848,-0.7190102401767048,2
-0.7890460503613178,-0.3489763958417757,0.4991158065975443,1
-0.9119999268314688,1.5756003916314605,2.299283162090342,0
2.4189323629962614,-0.8301205927100848,-0.612808119328688,2
-0.263697669079763,-0.8301205927100848,-0.4708959279992392,3
1.379413225566802,-0.3489763958417757,-0.5035932736219816,2
0.1386968357316406,0.6133119978948424,0.7997172115737878,1
-0.5431382974210156,-0.8301205927100848,-0.8440169043370152,3
-0.9790656776333696,-0.8301205927100848,-0.803052413248959,3
-0.0848556669413614,-0.8301205927100848,-0.5711725473479381,3
-0.9231775519651192,-0.3489763958417757,-0.7038895026157946,3
-0.6772697990248168,-0.3489763958417757,-0.1529892029816139,3
1.1782159731611,-0.3489763958417757,0.261338995830937,2
-0.8225789257622681,2.056744588499769,2.125216201179052,0
-0.8225789257622681,1.0944561947631517,0.8738502327411587,0
2.452465238397212,1.5756003916314605,-0.7010766741932268,2
0.5634465908103444,0.6133119978948424,0.6992692524226991,1
1.7259196047099552,-0.8301205927100848,-0.4648419216481287,2
-0.7555131749603675,0.6133119978948424,0.2649942449485886,1
-0.699625049292117,0.1321678010265333,1.0808287140281785,1
-0.6884474241584669,3.5001771791046967,2.784346142656197,0
-0.8225789257622681,-0.8301205927100848,-0.6716490631327585,3
-0.8225789257622681,0.6133119978948424,0.7742304159682878,1
-0.8561118011632184,1.0944561947631517,1.058411756548831,0
0.4740255897411436,-0.8301205927100848,-0.8077357011809502,2
1.7259196047099552,-0.8301205927100848,-0.7768945367507651,2
0.4740255897411436,-0.8301205927100848,-0.6449343322767973,2
-0.4648949214854648,-0.3489763958417757,-0.5037217784737741,3
0.2504730870681416,0.1321678010265333,1.1754939548486076,1
-0.9455328022324192,-0.3489763958417757,1.982975608561689,0
-0.7666908000940176,-0.3489763958417757,-0.894276579704724,3
-0.2860529193470632,-0.8301205927100848,-0.5768124825099396,3
-0.3531186701489638,0.6133119978948424,0.9430715129066852,1
0.8764200945525473,-0.8301205927100848,-0.685927379998585,2
-0.8225789257622681,1.0944561947631517,0.2390505432033821,0
0.406959838939243,0.1321678010265333,0.245461507476138,2
-0.8561118011632184,2.5378887853680787,0.8245472046034601,0
1.6476762287744044,-0.8301205927100848,-0.9587289020370646,2
-0.9902433027670196,0.6133119978948424,0.6799221330695043,1
1.6588538539080546,-0.3489763958417757,-0.9017441394255512,2
-0.4425396712181647,2.056744588499769,2.204203850080804,0
-0.5096054220200653,-0.8301205927100848,-0.4451521226901541,3
1.5023671020369531,-0.8301205927100848,-0.7868179669725144,2
-0.9790656776333696,0.6133119978948424,0.5486044528544988,1
0.8205319688842968,-0.3489763958417757,0.7376922031086381,2
1.6588538539080546,-0.8301205927100848,-0.2670158414721037,2
-0.9008223016978189,-0.8301205927100848,-0.7270774892058967,3
0.4740255897411436,-0.8301205927100848,-0.4136541556841409,2
-0.6772697990248168,-0.8301205927100848,-0.687155315249046,3
-0.1854542931442123,-0.8301205927100848,-0.7941998567921468,3
-1.0125985530343198,0.1321678010265333,0.2155769902759634,1
-0.9790656776333696,0.1321678010265333,1.6071131953856743,0
-0.5207830471537154,-0.8301205927100848,-0.5841372590621084,3
-0.8225789257622681,-0.3489763958417757,-0.7225369844425639,3
-0.2525200439461129,0.1321678010265333,0.0200925540659339,1
2.5642414897337127,-0.8301205927100848,-0.9305292262270574,2
-0.7331579246930673,-0.8301205927100848,-1.0051191535341346,3
-0.9231775519651192,1.0944561947631517,1.1616011525381584,0
2.586596740001013,-0.8301205927100848,-0.9634407466027872,2
-0.2189871685451626,-0.8301205927100848,-0.8372347038257476,3
1.8824063565810565,-0.8301205927100848,-1.099441714749784,2
-0.8225789257622681,1.0944561947631517,1.99388424264718,0
-0.2860529193470632,0.1321678010265333,-0.1728075067913811,1
0.6975780924141457,-0.3489763958417757,-0.2679439320683824,2
-0.699625049292117,-0.3489763958417757,-0.5829949937128424,3
-0.2413424188124628,-0.8301205927100848,-0.7137558195700807,3
-0.8672894262968686,-0.3489763958417757,-0.5698446638794161,3
0.3175388378700422,0.1321678010265333,0.3338442888756035,2
-0.3419410450153137,-0.8301205927100848,-0.4443239803119362,3
-0.9008223016978189,0.1321678010265333,0.3842324690951052,1
0.0045653341278393,-0.3489763958417757,-0.8807835702665181,3
-0.364296295282614,0.6133119978948424,0.6542211627110168,1
-0.0513227915404111,1.0944561947631517,0.608302095670519,1
-0.7331579246930673,1.5756003916314605,1.4525218586793718,0
-0.0736780418077113,-0.3489763958417757,-0.2245521271131359,3
-0.9119999268314688,0.6133119978948424,-0.5571512401856966,1
-1.0125985530343198,1.0944561947631517,0.0851160090729074,0
1.491189476903303,-0.8301205927100848,-0.6843996000939415,2
-0.3531186701489638,-0.3489763958417757,0.1197980407399998,3
1.6700314790417046,-0.8301205927100848,-1.011915632362268,2
2.541886239466413,-0.3489763958417757,-0.6884403637669704,2
-1.0014209279006698,2.5378887853680787,1.2149877792994837,0
-0.4984277968864152,0.1321678010265333,-0.107898278319334,1
-0.040145166406761,-0.8301205927100848,-1.0193403571324977,3
0.943485845354448,-0.8301205927100848,-0.7207093598837382,2
-0.4425396712181647,1.5756003916314605,1.3827865591066757,0
2.541886239466413,-0.8301205927100848,-0.3219873614055354,2
1.5023671020369531,-0.3489763958417757,-0.0781851009215493,2
1.591788103106154,-0.8301205927100848,-0.5727146055694473,2
2.452465238397212,-0.8301205927100848,-0.9367974073311552,2
-0.6102040482229162,1.0944561947631517,0.5838290605624926,0
1.6476762287744044,-0.3489763958417757,-0.5438724055004779,2
0.2392954619344915,-0.3489763958417757,-0.2833502359666092,2
2.0724259838531083,-0.8301205927100848,-0.8759860557996004,2
2.3183337367934107,-0.8301205927100848,-0.6988635350790237,2
-1.0014209279006698,0.6133119978948424,0.8592863495380156,1
-0.699625049292117,0.1321678010265333,0.3733523916433453,1
-0.9119999268314688,-0.3489763958417757,-0.0427177618268364,3
-0.5207830471537154,1.0944561947631517,1.279425823314958,0
-0.2748752942134131,2.5378887853680787,1.3506317895248343,0
-0.1966319182778624,-0.8301205927100848,-0.7051031595493898,3
-0.2972305444807133,-0.3489763958417757,-0.2554932397613817,3
0.4740255897411436,0.1321678010265333,2.434927172315693,0
1.6364986036407545,-0.3489763958417757,-0.4231492363999156,2
0.3398940881373424,-0.8301205927100848,-0.6489608176329604,2
-0.6213816733565662,-0.3489763958417757,-0.0995597412696915,3
-0.8449341760295683,1.0944561947631517,0.1537661565638007,0
0.3957822138055929,-0.8301205927100848,-0.7284053726744185,2
-0.2748752942134131,-0.8301205927100848,0.1147149599357656,3
0.6416899667458952,-0.8301205927100848,-1.0166988685123195,2
2.139491734655009,-0.8301205927100848,-0.7044320786566961,2
0.8652424694188972,-0.3489763958417757,-0.2675013042455418,2
0.0939863351970402,2.056744588499769,1.4282058850568693,0
0.4852032148747937,-0.8301205927100848,-0.7934288276813922,2
2.597774365134663,-0.8301205927100848,-0.901758417742417,2
0.1722297111325909,-0.8301205927100848,-0.9337989607893316,2
-0.3084081696143634,-0.8301205927100848,-0.5950744497813315,3
0.6640452170131954,-0.3489763958417757,0.9932169617394676,1
-0.7778684252276677,1.0944561947631517,1.2948321272131846,0
-0.7555131749603675,-0.8301205927100848,-0.5735713045813969,3
-0.8449341760295683,2.056744588499769,2.240242321850149,0
-0.3866515455499141,-0.3489763958417757,-0.1264600902449084,3
-0.9790656776333696,-0.3489763958417757,-0.1341275464018571,3
-0.5990264230892661,-0.8301205927100848,-0.2789525143719346,3
-0.2860529193470632,-0.8301205927100848,-0.9736069082112556,3
-0.4984277968864152,-0.8301205927100848,-0.7918867694598829,3
0.8987753448198476,-0.8301205927100848,-0.9957525776701524,2
-0.364296295282614,3.0190329822363875,2.172648769807328,0
-0.4648949214854648,-0.8301205927100848,-0.8138039858489264,3
-0.7778684252276677,-0.3489763958417757,-0.4623574945134749,3
-0.5431382974210156,1.0944561947631517,2.136053443680214,0
-0.699625049292117,0.1321678010265333,0.1845787643602542,1
1.2229264736957004,-0.8301205927100848,-0.9025580034869034,2
-0.9119999268314688,0.1321678010265333,-0.2406866251715197,1
-0.3084081696143634,-0.8301205927100848,-0.4484361355692942,3
2.21773511059056,-0.8301205927100848,-0.3376649533242128,2
-0.3419410450153137,2.5378887853680787,-0.1657825748933943,0
-0.3084081696143634,0.1321678010265333,0.5195052430819443,1
0.0492758346624397,-0.8301205927100848,-0.8641350528009646,2
2.038893108452158,-0.8301205927100848,-0.7139699943230681,2
-0.1854542931442123,0.6133119978948424,0.1632612372795754,1
0.2057625865335412,-0.8301205927100848,-1.0830216503540837,2
1.2005712234284005,-0.8301205927100848,-0.6889829398078718,2
-0.3084081696143634,-0.3489763958417757,-0.3426909208609837,3
2.6313072405356133,-0.8301205927100848,-0.921676669770245,2
-0.9790656776333696,-0.8301205927100848,-0.7109001561969154,3
2.150669359788659,-0.8301205927100848,-0.8652773181502306,2
-0.5319606722873654,-0.8301205927100848,-0.7758522196195597,3
-0.2301647936788127,0.1321678010265333,2.766855204495559,0
-0.0625004166740612,-0.8301205927100848,-0.1868002573198909,3
0.1386968357316406,-0.8301205927100848,-0.9263314010685044,2
-0.4313620460845145,-0.8301205927100848,-0.8592090334822544,3
-0.587848797955616,0.1321678010265333,0.3415260233494183,1
-0.6660921738911667,-0.3489763958417757,-0.1364263554172552,3
1.3011698496312512,-0.8301205927100848,0.3113416614950611,2
0.731110967815096,0.1321678010265333,-0.6563569857694584,2
-0.4201844209508644,-0.8301205927100848,-0.9142233883662836,3
-0.2860529193470632,-0.3489763958417757,-0.3375935617398836,3
-0.1183885423423117,-0.8301205927100848,1.7276935813175784,1
0.4293150892065432,-0.8301205927100848,-0.5774407284520359,2
-0.0513227915404111,-0.8301205927100848,-0.6368242482970079,3
-1.0125985530343198,0.1321678010265333,-0.3520574967249658,1
-0.5096054220200653,-0.8301205927100848,-0.595360016118648,3
-0.2189871685451626,-0.8301205927100848,-0.9316143783088602,3
0.742288592948746,-0.3489763958417757,-0.4948835003338275,2
-0.8896446765641687,2.056744588499769,1.605099952707593,0
1.826518230912806,-0.3489763958417757,-0.0576671595853567,2
-0.699625049292117,-0.3489763958417757,-0.76168812928866,3
-0.6772697990248168,3.5001771791046967,2.723620461025837,0
-0.5766711728219659,-0.8301205927100848,-0.546256884417071,3
0.0492758346624397,-0.3489763958417757,0.1466127198140218,3
-0.7331579246930673,2.056744588499769,2.1471905308355588,0
-0.1854542931442123,-0.3489763958417757,-0.2969860285734734,3
-0.3866515455499141,0.6133119978948424,1.5236135983543213,0
-0.7890460503613178,-0.8301205927100848,-0.5191138040551349,3
-0.5654935476883158,2.056744588499769,2.249608897714132,0
0.5075584651420939,-0.8301205927100848,1.708960429589614,1
0.4181374640728931,-0.8301205927100848,-0.9173931747104972,2
-0.5766711728219659,0.1321678010265333,0.5869131770055109,1
-0.9231775519651192,1.0944561947631517,1.2561378885067955,0
1.3682356004331515,-0.3489763958417757,-0.3050675559195311,2
0.8764200945525473,-0.3489763958417757,-0.240015544278826,2
-0.5766711728219659,-0.8301205927100848,-0.7048175932120734,3
1.055262096690949,-0.8301205927100848,-0.5945033171066985,2
1.9941826079175573,-0.8301205927100848,-0.9566014328240564,2
0.8987753448198476,-0.8301205927100848,-0.44335305476506,2
-0.9678880524997194,0.6133119978948424,1.035209491641863,1
-0.8449341760295683,-0.3489763958417757,-0.8262118432053295,3
-0.9119999268314688,0.6133119978948424,1.9604587028642808,0
2.620129615401963,-0.8301205927100848,-1.003848383333076,2
0.2392954619344915,-0.8301205927100848,-0.7457963626169951,2
2.21773511059056,-0.8301205927100848,-1.0230527195176125,2
-0.8449341760295683,-0.3489763958417757,0.763921471191161,1
-1.0125985530343198,0.1321678010265333,0.0075133569071407,1
0.0045653341278393,1.0944561947631517,-0.1346558441258927,1
0.6416899667458952,-0.3489763958417757,-0.2623468318569785,2
1.0887949720918992,-0.8301205927100848,-0.6588128562703806,2
-0.6772697990248168,-0.3489763958417757,-0.4280609774017598,3
-0.6437369236238665,0.6133119978948424,0.3372996415571336,1
1.927116857115657,-0.8301205927100848,-0.7757808280352305,2
-0.7331579246930673,0.6133119978948424,0.7687760989255422,1
0.8875977196861974,-0.8301205927100848,-0.8852241268117902,2
-0.9119999268314688,0.1321678010265333,-0.0508421241234916,1
2.474820488664512,-0.8301205927100848,-0.3582400079278687,2
-0.0736780418077113,-0.8301205927100848,-0.4307881359231327,3
-0.7443355498267175,-0.8301205927100848,-0.9632836851172633,3
-0.364296295282614,0.6133119978948424,0.1996852236042985,1
2.586596740001013,-0.3489763958417757,-1.0177697422772567,2
-0.5990264230892661,-0.8301205927100848,-1.095158219690036,3
1.815340605779156,-0.3489763958417757,-0.609923899321791,2
-0.811401300628618,1.0944561947631517,0.8475067381237089,0
-0.6549145487575166,0.1321678010265333,0.8853014428675514,1
-0.8561118011632184,-0.8301205927100848,-1.0233668424886608,3
-0.7219802995594172,-0.3489763958417757,-0.5899199773927681,3
-0.7666908000940176,-0.8301205927100848,-0.9128383916302985,3
1.3682356004331515,-0.3489763958417757,-0.395806259601858,2
-0.9343551770987693,1.0944561947631517,0.3297892468857089,0
-0.7778684252276677,-0.8301205927100848,-0.9441079055664584,3
-0.8896446765641687,0.1321678010265333,0.3672983852922349,1
1.9047616068483568,-0.8301205927100848,-0.8714741076699993,2
0.4404927143401933,-0.8301205927100848,-0.933699012571271,2
-0.4090067958172144,0.1321678010265333,-0.6094384365483528,1
1.7594524801109055,-0.8301205927100848,-0.3091368762262916,2
-0.9231775519651192,-0.3489763958417757,0.8577014563659091,1
1.927116857115657,-0.8301205927100848,-0.995210001629251,2
2.474820488664512,-0.8301205927100848,-0.4510062326051429,2
-0.7331579246930673,0.1321678010265333,0.2341816371521351,1
-0.6884474241584669,-0.8301205927100848,-0.5435297258956981,3
-0.6884474241584669,0.1321678010265333,-0.4026884083311863,1
-1.0014209279006698,2.056744588499769,0.8013877746470897,0
2.139491734655009,0.1321678010265333,-0.5367475253844305,2
1.9047616068483568,-0.8301205927100848,-0.818772840118234,2
-0.7443355498267175,-0.8301205927100848,-0.9264741842371628,3
0.0269205843951395,0.1321678010265333,-0.8222995843840931,3
-0.699625049292117,-0.8301205927100848,-0.9771622091108464,3
-0.0736780418077113,-0.8301205927100848,-0.6796163639438898,3
-0.9231775519651192,0.1321678010265333,-0.4078286024028839,1
-0.4537172963518148,-0.3489763958417757,-0.48974330626213,3
-0.4648949214854648,-0.3489763958417757,-0.3883101432472992,3
-1.0014209279006698,-0.8301205927100848,-0.5083479531383018,3
0.2392954619344915,-0.8301205927100848,-0.6267437565897345,2
-0.8672894262968686,2.056744588499769,1.3717065852187944,0
-0.1630990428769121,-0.8301205927100848,-0.5088762508623375,3
-0.5766711728219659,-0.3489763958417757,0.8415812366243911,1
0.2728283373354418,-0.8301205927100848,0.1356326941442012,2
0.7758214683496963,0.6133119978948424,-0.835635532336775,2
-0.6884474241584669,0.1321678010265333,2.504405462184804,0
0.0157429592614894,-0.8301205927100848,-1.026879308437654,3
-0.7666908000940176,0.1321678010265333,0.462292027400578,1
-0.7108026744257671,-0.3489763958417757,-0.215671014022592,3
-0.6549145487575166,1.0944561947631517,1.6318717968310177,0
-0.7890460503613178,-0.3489763958417757,0.6711838031476184,1
-0.8225789257622681,-0.3489763958417757,0.6449402567482296,1
-0.9343551770987693,0.6133119978948424,0.4584083252130732,1
-0.1183885423423117,-0.8301205927100848,-1.0818365500542195,3
-0.7666908000940176,0.1321678010265333,0.2306977278368736,1
0.8987753448198476,-0.8301205927100848,-0.4778209116791649,2
1.0887949720918992,1.5756003916314605,0.2709483030816382,2
-0.8896446765641687,1.0944561947631517,0.1285363706618855,0
0.7199333426814459,-0.3489763958417757,-0.9845012639798812,2
-0.5207830471537154,0.1321678010265333,-1.0681293658630266,1
1.580610477972504,-0.8301205927100848,-0.7759950027882181,2
-0.3084081696143634,2.5378887853680787,1.5863810792964943,0
-1.0014209279006698,-0.8301205927100848,-0.6668087137152434,3
-0.5766711728219659,2.5378887853680787,3.126511728028861,0
-0.6549145487575166,-0.3489763958417757,-0.5890061651133552,3
-0.0848556669413614,-0.8301205927100848,-0.5689879648674666,3
-0.7443355498267175,-0.8301205927100848,-0.5290229559600185,3
-1.0014209279006698,0.1321678010265333,-0.1087121423806862,1
-0.6549145487575166,-0.3489763958417757,-0.9453215625000534,3
-0.811401300628618,2.5378887853680787,2.3102631877601625,0
1.815340605779156,-0.8301205927100848,-0.8298242573723835,2
-0.7778684252276677,0.6133119978948424,0.9806377645806744,1
-0.9343551770987693,-0.3489763958417757,1.6589720422423562,0
-0.7443355498267175,0.6133119978948424,1.0769021768900762,1
-0.811401300628618,0.1321678010265333,-0.0041948629228367,1
0.9099529699534976,0.6133119978948424,-0.4392123428739704,2
0.7981767186169966,-0.8301205927100848,-0.9988938073806344,2
-0.9455328022324192,-0.8301205927100848,-0.3884386480990915,3
-0.9008223016978189,-0.8301205927100848,-0.8527123993083034,3
0.2504730870681416,-0.8301205927100848,-1.0357175865776005,2
2.1953798603232597,-0.8301205927100848,-0.9747063386099244,2
-0.4201844209508644,-0.3489763958417757,-0.7446683755845949,3
-0.1630990428769121,0.1321678010265333,1.243572969664868,1
-0.9790656776333696,0.6133119978948424,-0.3353661443088148,1
-0.6102040482229162,-0.8301205927100848,-0.5346486128051541,3
1.401768475834102,-0.8301205927100848,-1.0285927064615532,2
-0.3531186701489638,-0.8301205927100848,-0.5448290527304883,3
2.0836036089867584,-0.8301205927100848,-0.847143855730631,2
-0.7555131749603675,-0.8301205927100848,-0.7578044271011553,3
-0.699625049292117,-0.8301205927100848,-0.4877443419009142,3
-0.8896446765641687,0.6133119978948424,-0.0141611280951836,1
-0.7778684252276677,0.6133119978948424,0.8423237091014141,1
-0.4648949214854648,-0.3489763958417757,-0.9100255632077306,3
-0.811401300628618,-0.8301205927100848,-0.8916779260351437,3
-0.9902433027670196,0.1321678010265333,-0.0745584084376294,1
0.1386968357316406,1.0944561947631517,0.8070134314922253,1
-0.8896446765641687,0.6133119978948424,-0.228564334152433,1
-0.9678880524997194,2.056744588499769,2.4600284533658154,0
-0.6660921738911667,-0.3489763958417757,-0.3131490832655889,3
0.965841095621748,0.6133119978948424,-0.1925686973336847,2
-0.5990264230892661,-0.8301205927100848,0.1582923830102678,3
0.6640452170131954,0.1321678010265333,-0.7876318310338666,2
0.7869990934833465,-0.8301205927100848,-0.9757914906917272,2
-0.2525200439461129,-0.3489763958417757,-0.6895112375319074,3
-0.7443355498267175,0.1321678010265333,-0.1821883609722288,1
-0.7555131749603675,0.6133119978948424,-0.1280021484664177,1
0.954663470488098,-0.8301205927100848,-0.507177131155304,2
-0.4648949214854648,0.6133119978948424,0.1473123573404473,1
1.837695856046456,0.1321678010265333,-0.4740086010759892,2
-0.4984277968864152,-0.8301205927100848,-0.6024420612840979,3
-0.2301647936788127,-0.8301205927100848,-0.8719881270771691,3
-0.8449341760295683,1.0944561947631517,1.372534727597012,0
0.1051639603306903,1.0944561947631517,0.8511048739738971,1
-0.6325592984902164,-0.8301205927100848,-0.6938375675422528,3
-0.4313620460845145,-0.8301205927100848,-0.8136183677296706,3
-0.7219802995594172,-0.3489763958417757,-0.0696323891189193,3
-0.9343551770987693,3.0190329822363875,0.6958710130086326,0
-0.1407437926096119,-0.8301205927100848,-1.0880476178908545,3
-0.4425396712181647,-0.8301205927100848,-0.848300399396763,3
-0.6213816733565662,1.0944561947631517,0.5536018637575381,0
-0.3419410450153137,3.0190329822363875,3.0122280798347862,0
-0.7108026744257671,0.6133119978948424,0.4043220609253228,1
1.0329068464236488,-0.8301205927100848,-0.7310896962451939,2
-0.4425396712181647,-0.8301205927100848,-0.9966949465832968,3
-0.6213816733565662,-0.3489763958417757,-0.8786275444197783,3
-0.6549145487575166,0.6133119978948424,-0.048056424502969,1
-0.9008223016978189,-0.8301205927100848,-0.6769463186899801,3
-0.3866515455499141,0.1321678010265333,1.0604107209100468,1
-0.9790656776333696,0.6133119978948424,0.6889603076455724,1
0.5522689656766944,-0.8301205927100848,-0.7274487254444082,2
0.2840059624690919,0.6133119978948424,-0.3175182482265317,1
0.1386968357316406,0.6133119978948424,1.033396145399903,0
-0.1854542931442123,-0.3489763958417757,-0.1923402442638316,3
-0.9678880524997194,3.0190329822363875,2.940950722040581,0
-0.5207830471537154,-0.3489763958417757,0.536639223320936,1
-0.8337565508959183,-0.8301205927100848,-0.8095204907891785,3
-0.0177899161394608,-0.3489763958417757,-0.1224336048887454,3
-0.4313620460845145,-0.8301205927100848,-0.838348412541282,3
0.4740255897411436,-0.8301205927100848,-0.5499835251190517,2
0.1498744608652907,0.6133119978948424,1.5373350608623808,0
1.1223278474928495,0.1321678010265333,-0.2091886581655067,2
0.8317095940179469,0.6133119978948424,-0.0099490246197649,2
-0.811401300628618,-0.8301205927100848,-0.2834216275509383,3
0.742288592948746,0.1321678010265333,-0.518114321874527,2
1.2564593490966507,-0.3489763958417757,-0.2441705344867814,2
-0.6102040482229162,0.1321678010265333,-0.2344612790180195,1
-0.0066122910058107,-0.8301205927100848,-0.6750330242299594,3
0.0157429592614894,-0.3489763958417757,0.0955677370186922,3
-0.9231775519651192,-0.3489763958417757,0.1599486677667036,1
1.692386729309005,-0.8301205927100848,-0.3567265063400912,2
-0.5207830471537154,0.6133119978948424,-0.0885368806492735,1
-0.7666908000940176,-0.8301205927100848,-1.1144339474589016,3
1.0999725972255494,1.0944561947631517,0.3049735321729028,2
-0.5319606722873654,-0.8301205927100848,-0.7197098777031303,3
-0.7443355498267175,3.0190329822363875,1.1284897357263068,0
2.5195309891991124,-0.3489763958417757,-0.7149266415530784,2
0.1610520859989408,-0.8301205927100848,-0.9600282288718548,2
-0.4537172963518148,-0.8301205927100848,-0.6055118994102506,3
0.8540648442852471,-0.3489763958417757,2.015672954184432,0
-0.5766711728219659,-0.8301205927100848,-0.7270346542552992,3
1.4129461009677522,-0.8301205927100848,-1.0482967837363937,2
-0.5766711728219659,0.6133119978948424,-0.1801465616604157,1
2.2959784865261104,-0.8301205927100848,-0.9101826246932548,2
-0.811401300628618,2.056744588499769,2.636665511312954,0
-0.040145166406761,0.6133119978948424,2.735328680855815,0
-0.2078095434115125,1.0944561947631517,2.3360641063367105,0
-0.1183885423423117,0.1321678010265333,-0.6950940594264455,3
-0.4760725466191149,-0.8301205927100848,-0.2188550786836711,3
-0.4313620460845145,-0.8301205927100848,-0.6536726621986831,3
-0.7555131749603675,0.6133119978948424,-0.0417325579630945,1
-0.9231775519651192,0.1321678010265333,0.7470016657051569,1
-0.7443355498267175,1.0944561947631517,0.8790475400803196,0
0.2840059624690919,-0.8301205927100848,-0.880626508780994,2
-0.9231775519651192,3.0190329822363875,3.116374123054124,0
0.3175388378700422,-0.3489763958417757,-0.7944568664957316,2
-0.9790656776333696,-0.3489763958417757,-0.8149319728813267,3
1.7929853555118558,-0.8301205927100848,-0.9619415233318755,2
-0.7108026744257671,-0.8301205927100848,-0.8844959326516331,3
1.9606497325166072,-0.3489763958417757,-0.5718864631912294,2
-0.6549145487575166,2.5378887853680787,2.713739865754685,0
-0.8225789257622681,-0.8301205927100848,-0.7151408163060659,3
0.8987753448198476,-0.3489763958417757,-0.162527118647986,2
-1.0014209279006698,0.6133119978948424,1.0258857507284784,1
1.9382944822493071,-0.8301205927100848,-0.8552824963441521,2
0.5410913405430443,0.6133119978948424,2.1176344149232977,0
1.2229264736957004,-0.8301205927100848,-0.9529461837064048,2
-0.3084081696143634,0.6133119978948424,0.3570322754657056,1
-0.6325592984902164,0.6133119978948424,0.15202420190617,1
2.150669359788659,-0.8301205927100848,-0.9670103258192438,2
-0.9231775519651192,1.0944561947631517,0.373880689367381,0
0.5746242159439946,-0.3489763958417757,-0.6479613354523526,2
-0.8896446765641687,-0.3489763958417757,-0.6860416065335115,3
0.6081570913449449,0.6133119978948424,0.414930850356632,1
1.591788103106154,-0.8301205927100848,-0.94266579556301,2
-0.7555131749603675,-0.8301205927100848,-0.3023832323487557,3
-0.8896446765641687,-0.8301205927100848,-0.4841890410013235,3
-0.6213816733565662,1.0944561947631517,1.9999668056320223,0
1.2229264736957004,-0.3489763958417757,-0.8456446324597193,2
-0.8561118011632184,-0.8301205927100848,-0.5643617902029389,3
1.3570579752995016,-0.8301205927100848,-1.0359032046968564,2
-0.2860529193470632,0.1321678010265333,0.4431590828003708,1
1.3458803501658516,-0.3489763958417757,-0.7373150423986943,2
2.139491734655009,-0.8301205927100848,-0.9255318153240182,2
0.2616507122017917,-0.3489763958417757,0.7552402545367387,1
-0.8561118011632184,2.5378887853680787,0.5391664854061876,0
-0.2860529193470632,-0.8301205927100848,-0.5160011309783847,3
-0.4760725466191149,-0.8301205927100848,-0.9361263264384612,3
-0.8449341760295683,0.6133119978948424,-0.0493286225357141,1
-0.151921417743262,-0.8301205927100848,-1.107580355363305,3
-0.811401300628618,0.6133119978948424,0.4056213877601128,1
0.4740255897411436,-0.8301205927100848,-0.8761573956019904,2
-0.8784670514305186,0.1321678010265333,0.1943736897302111,1
-0.5766711728219659,-0.8301205927100848,-0.9511471157813108,3
-0.9902433027670196,2.5378887853680787,2.3595519375809952,0
-0.5766711728219659,2.056744588499769,2.5930738099215858,0
2.3853994875953117,-0.8301205927100848,-1.0441846284790357,2
-0.4537172963518148,0.1321678010265333,-0.5025081215401789,1
-0.9119999268314688,1.5756003916314605,2.21848216694663,0
-0.3419410450153137,0.6133119978948424,-0.4033594892238802,1
-0.2860529193470632,-0.3489763958417757,-0.1371973845280099,3
-0.7443355498267175,-0.8301205927100848,-0.8642064443852936,3
1.4129461009677522,0.1321678010265333,-0.7959703680835093,2
-0.2972305444807133,-0.3489763958417757,-0.3237721510137637,3
-0.6660921738911667,-0.3489763958417757,0.3946699187240242,1
-0.3084081696143634,-0.8301205927100848,-0.7074162468816537,3
0.2728283373354418,0.1321678010265333,-0.2694003203886968,2
-0.9567104273660694,-0.8301205927100848,-0.249624851529527,3
-0.2525200439461129,-0.8301205927100848,-0.7706120773298015,3
1.714741979576305,-0.8301205927100848,-1.007489354133862,2
0.4628479646074935,-0.8301205927100848,-0.812276205944283,2
1.6700314790417046,0.6133119978948424,0.337827939281169,2
1.0329068464236488,0.1321678010265333,-0.4786490540573828,2
-0.7443355498267175,0.1321678010265333,-0.6640101636095415,1
-0.9119999268314688,0.1321678010265333,2.576139726118716,0
-0.9008223016978189,-0.8301205927100848,-0.8055939536510762,3
-0.6549145487575166,1.0944561947631517,2.168108265043995,0
-0.7331579246930673,0.1321678010265333,0.1752693017637354,1
-0.9119999268314688,-0.8301205927100848,-0.8449307166164279,3
-0.5319606722873654,-0.3489763958417757,1.1453809845785798,1
-0.8561118011632184,0.1321678010265333,0.2214596568246838,1
0.6528675918795452,-0.8301205927100848,-0.2862772909241036,2
-1.0125985530343198,2.5378887853680787,2.7101702865382284,0
0.2392954619344915,0.6133119978948424,1.9945267669061424,0
-0.1742766680105622,0.1321678010265333,0.105134209318796,1
0.1722297111325909,-0.3489763958417757,-0.1622272739938036,2
-0.5096054220200653,0.1321678010265333,0.3618726248832209,1
0.5746242159439946,-0.8301205927100848,-0.5127171180992447,2
-0.4537172963518148,-0.8301205927100848,-0.5635479261415867,3
-0.5096054220200653,0.1321678010265333,-0.0370207133973717,1
-0.4648949214854648,0.1321678010265333,0.133348163445669,1
-0.6213816733565662,1.0944561947631517,-0.4208361490676517,0
-0.1407437926096119,0.6133119978948424,0.8302442530329248,1
-0.7778684252276677,1.5756003916314605,2.0105470384296,0
0.1722297111325909,1.0944561947631517,1.4144558659150788,0
1.3011698496312512,-0.3489763958417757,0.7044951163955914,2
-0.8337565508959183,0.6133119978948424,1.6203349168034296,0
-0.3084081696143634,1.0944561947631517,1.8420343427791164,0
-0.4760725466191149,0.6133119978948424,1.563392989142514,0
2.5530638646000625,-0.8301205927100848,-0.8617362955675056,2
-0.5319606722873654,-0.3489763958417757,-0.3420341182851557,3
-0.9902433027670196,-0.3489763958417757,0.1070332254619509,1
0.8987753448198476,-0.8301205927100848,-0.3963202790090276,2
-0.3978291706835642,0.1321678010265333,1.2048073393741492,1
0.08280871006339,-0.3489763958417757,-0.2489680489536991,2
-0.5990264230892661,-0.8301205927100848,-0.3348378465847792,3
-0.375473920416264,0.1321678010265333,-0.0226567266303504,1
1.815340605779156,-0.8301205927100848,0.0375263789591078,2
-0.2413424188124628,0.6133119978948424,2.0198707793429844,0
-0.5319606722873654,0.6133119978948424,0.2050110357952518,1
-0.4648949214854648,-0.8301205927100848,-0.9611276592705232,3
-0.2972305444807133,-0.8301205927100848,-0.5975874335497169,3
-0.6549145487575166,0.1321678010265333,0.3397983470086532,1
-0.364296295282614,-0.3489763958417757,-0.6495890635750567,3
-0.2078095434115125,0.6133119978948424,0.5904827562219676,1
2.374221862461661,-0.8301205927100848,-0.9874283189373756,2
-0.5096054220200653,-0.8301205927100848,-0.9705941833525664,3
-0.5990264230892661,-0.3489763958417757,-0.6014568574203559,3
-0.811401300628618,-0.3489763958417757,-0.82189979151185,3
1.0664397218245991,-0.3489763958417757,-0.9278020677056844,2
-0.4425396712181647,-0.8301205927100848,-0.9990651471830242,3
0.5075584651420939,1.0944561947631517,-0.14031005760476,1
-0.811401300628618,-0.8301205927100848,-0.7332028871413363,3
-0.8449341760295683,1.0944561947631517,0.8810607827584009,0
-0.5654935476883158,2.5378887853680787,0.2208171325657216,0
-0.9343551770987693,0.6133119978948424,0.0319435570645698,1
-0.7331579246930673,-0.3489763958417757,-1.0589769647520315,3
-0.7778684252276677,1.5756003916314605,1.6074701533073203,0
-0.5654935476883158,0.1321678010265333,0.1208260795543392,1
0.1051639603306903,-0.8301205927100848,-0.8547256419863849,2
2.0724259838531083,-0.3489763958417757,-0.9436081644761544,2
-0.6549145487575166,-0.8301205927100848,-0.6554717301237772,3
-0.8561118011632184,-0.3489763958417757,-0.7057171271746204,3
-1.0014209279006698,-0.3489763958417757,-0.4571601871743141,3
2.463642863530862,1.0944561947631517,-0.44136836872071,2
1.2005712234284005,0.6133119978948424,-0.4199937283725679,2
-1.0014209279006698,-0.3489763958417757,-0.591162190960095,3
0.0157429592614894,0.1321678010265333,-0.6156209477512556,3
-0.3531186701489638,-0.8301205927100848,-0.8987028579331302,3
-0.1183885423423117,-0.8301205927100848,-0.9169505468876564,3
0.731110967815096,-0.3489763958417757,-0.5574796414736105,2
1.5135447271706033,-0.8301205927100848,-0.4266759806657747,2
1.804162980645506,-0.3489763958417757,-0.7885313649964136,2
0.6528675918795452,-0.8301205927100848,-0.901444294771369,2
1.1446830977601496,-0.3489763958417757,-0.8594374865521076,2
-1.0125985530343198,1.0944561947631517,0.8186074247872762,0
-0.7555131749603675,-0.8301205927100848,-0.6756898268057875,3
-0.8337565508959183,0.1321678010265333,-0.6550576589346683,1
-0.9343551770987693,-0.8301205927100848,-0.9221335759099514,3
-0.8002236754949679,2.056744588499769,1.081128558682361,0
-0.9790656776333696,0.1321678010265333,0.1031066883238487,1
0.9211305950871476,-0.8301205927100848,-0.8832108841337085,2
-1.0125985530343198,2.5378887853680787,0.5973649049512961,0
0.965841095621748,-0.3489763958417757,-0.7794360771528822,2
-0.8449341760295683,2.5378887853680787,0.9885622304412084,0
1.748274854977255,-0.8301205927100848,-0.9815028174380576,2
1.1111502223591994,-0.3489763958417757,-0.6800447134498645,2
-0.8002236754949679,-0.3489763958417757,-0.4066720587367518,3
0.6975780924141457,0.6133119978948424,-0.9181070905537884,2
0.9099529699534976,-0.8301205927100848,-0.69603642833959,2
1.1446830977601496,-0.8301205927100848,-0.8614935641807866,2
-0.2748752942134131,-0.8301205927100848,-0.5481130656096284,3
-0.9790656776333696,2.5378887853680787,2.406413373534637,0
-0.7890460503613178,0.1321678010265333,0.4239975815664316,1
1.6476762287744044,-0.3489763958417757,-0.5620629811875408,2
-0.3084081696143634,-0.8301205927100848,-0.949733562411594,3
0.2281178368008414,1.0944561947631517,-0.5795967542987757,1
2.452465238397212,-0.8301205927100848,-1.1061525236767225,2
0.4740255897411436,-0.8301205927100848,-0.6754613737359342,2
2.0724259838531083,-0.8301205927100848,-0.693080816748364,2
-0.0960332920750115,-0.8301205927100848,1.2818103022315512,1
-0.9343551770987693,-0.3489763958417757,0.2066530422348218,1
-0.8337565508959183,-0.3489763958417757,-0.6365101253259597,3
-0.6660921738911667,0.6133119978948424,1.3338833238412202,0
-0.9231775519651192,-0.3489763958417757,-0.1460499409848222,3
-0.6437369236238665,0.6133119978948424,-0.0408330240005474,1
-0.8561118011632184,2.5378887853680787,1.2090479994832997,0
-0.6660921738911667,-0.8301205927100848,-0.5448861659979517,3
-0.1966319182778624,-0.8301205927100848,-1.0082746615614822,3
-0.8002236754949679,-0.3489763958417757,-0.4851028532807364,3
-0.8337565508959183,0.6133119978948424,-0.0023386817302794,1
-0.7666908000940176,-0.3489763958417757,-0.5894487929361959,3
-0.9902433027670196,0.1321678010265333,-0.2061902116236831,1
2.374221862461661,-0.8301205927100848,-0.708786965300773,2
-0.0848556669413614,-0.8301205927100848,-0.627529064017355,3
0.8205319688842968,-0.3489763958417757,-0.54667095560618,2
-0.8337565508959183,-0.3489763958417757,0.3487080167329289,1
-0.1630990428769121,-0.8301205927100848,0.4116040025268942,3
-0.0289675412731109,0.1321678010265333,2.2678994216192554,0
-0.7778684252276677,0.6133119978948424,0.9346758625895792,1
-0.9902433027670196,3.5001771791046967,2.8130027246059104,0
0.3510717132709925,-0.3489763958417757,0.4739145773293609,3
-0.6884474241584669,-0.8301205927100848,-0.9172218349081072,3
-0.8896446765641687,2.056744588499769,0.8884855075286308,0
-0.811401300628618,-0.8301205927100848,-0.9334134462339544,3
-0.5319606722873654,-0.3489763958417757,-0.0262691407974044,3
-0.9790656776333696,-0.8301205927100848,-1.0973142455367757,3
-0.9231775519651192,2.056744588499769,2.808776342813626,0
-0.4090067958172144,-0.8301205927100848,-0.5657610652557898,3
-0.040145166406761,1.5756003916314605,0.3170815448751233,0
-0.6884474241584669,1.0944561947631517,2.74837906247118,0
-0.8896446765641687,0.6133119978948424,-0.3309684227141402,1
1.3347027250322014,-0.8301205927100848,-1.012486765036901,2
-0.4872501717527651,0.6133119978948424,1.2612066909941635,0
-0.7555131749603675,0.1321678010265333,-0.4736516431543436,1
-0.7778684252276677,0.6133119978948424,0.230740562787471,1
1.7259196047099552,0.1321678010265333,-0.5969877442413523,2
-0.6325592984902164,0.1321678010265333,0.8635270096471661,1
-0.5990264230892661,0.1321678010265333,-0.2337045282241306,1
-0.9790656776333696,0.1321678010265333,-0.1512900832745806,1
-0.9902433027670196,2.5378887853680787,0.9352327169473464,0
-0.4984277968864152,-0.8301205927100848,-0.8547399203032507,3
-0.587848797955616,-0.3489763958417757,-0.5734285214127386,3
-0.8337565508959183,0.1321678010265333,0.0578301455423131,1
1.8824063565810565,-0.8301205927100848,-0.2968146887710834,2
-0.5096054220200653,0.1321678010265333,-0.1295013717373295,1
-0.8896446765641687,-0.8301205927100848,-0.7988403097735404,3
-0.6884474241584669,-0.8301205927100848,-0.5295084187334567,3
-0.5431382974210156,-0.8301205927100848,-0.8201721151710849,3
0.0045653341278393,1.5756003916314605,0.1772111528574877,0
2.4412876132635617,-0.8301205927100848,-0.6843139301927466,2
0.0045653341278393,-0.3489763958417757,-0.3749599169777515,3
1.16703834802745,0.1321678010265333,-0.5323069688391586,2
-0.0513227915404111,-0.3489763958417757,-0.0736588744750824,3
1.9941826079175573,0.1321678010265333,0.0635557506055094,2
-0.9343551770987693,0.1321678010265333,-0.4836464649604221,1
-0.2972305444807133,0.1321678010265333,0.7182594138542482,1
-0.7778684252276677,1.0944561947631517,0.5239600779440824,0
-0.5990264230892661,0.6133119978948424,-0.0521414509582819,1
0.3175388378700422,0.6133119978948424,0.7570250441449671,1
-0.5766711728219659,0.1321678010265333,0.3773788769995083,1
0.9211305950871476,-0.8301205927100848,-0.9603709084766346,2
-0.4201844209508644,-0.8301205927100848,-0.6403081576122696,3
-0.6549145487575166,-0.3489763958417757,1.0015412204722445,1
0.5969794662112947,-0.8301205927100848,-0.037991638944248,2
1.4464789763687027,-0.8301205927100848,-0.9647971867050408,2
-0.5207830471537154,-0.8301205927100848,-0.2281074280127267,3
-0.8449341760295683,2.056744588499769,2.074085548482527,0
-0.2860529193470632,1.5756003916314605,0.917598995618051,0
-0.9119999268314688,0.6133119978948424,0.4899062922190861,1
1.8824063565810565,-0.8301205927100848,-0.6784883769114894,2
-0.8337565508959183,1.0944561947631517,1.0145202105032805,0
-0.7778684252276677,-0.3489763958417757,0.0594578736650172,3
-0.5207830471537154,-0.8301205927100848,-0.6914530886256598,3
2.1953798603232597,-0.8301205927100848,-0.3229582869524117,2
2.2959784865261104,-0.8301205927100848,-0.9825022996186656,2
-0.9902433027670196,3.5001771791046967,2.033549406900446,0
2.150669359788659,-0.8301205927100848,-1.0441846284790357,2
-0.8337565508959183,0.1321678010265333,0.7731595422033508,1
-0.1072109172086616,-0.3489763958417757,-0.8472009689980944,3
-0.3978291706835642,1.0944561947631517,2.8398316819967984,0
0.1051639603306903,-0.3489763958417757,0.7240706888186395,1
2.3183337367934107,-0.8301205927100848,-0.5344772730027642,2
-0.7666908000940176,1.0944561947631517,0.2441621806413478,0
-0.364296295282614,1.0944561947631517,0.4438872769605279,0
0.7087557175477958,-0.3489763958417757,-0.7074162468816537,2
0.2616507122017917,0.1321678010265333,0.0104975251320985,2
0.1722297111325909,-0.8301205927100848,-1.132995759384476,2
-0.8896446765641687,0.6133119978948424,0.382262061367621,1
1.927116857115657,-0.8301205927100848,-0.6994775027042542,2
1.6588538539080546,-0.8301205927100848,-0.893048644454263,2
-0.040145166406761,2.056744588499769,1.7064331675043631,0
-0.4648949214854648,0.1321678010265333,-0.1122388866465453,1
-0.2301647936788127,-0.8301205927100848,0.6856334598158349,3
-0.5543159225546657,0.1321678010265333,1.472996965064967,1
-0.9455328022324192,1.5756003916314605,0.8840163943496273,0
-0.3307634198816636,-0.8301205927100848,-0.7314752108005712,3
1.7594524801109055,-0.8301205927100848,-0.6761467329454939,2
-0.2860529193470632,-0.8301205927100848,-1.002520499864554,3
-0.0736780418077113,-0.8301205927100848,0.0456792978894948,3
1.4241237261014024,-0.3489763958417757,-0.283607245670194,2
-0.5207830471537154,0.1321678010265333,0.7288253683349598,1
0.5746242159439946,0.6133119978948424,-0.8777851237246945,2
1.0217292212899989,-0.8301205927100848,-0.926845420475674,2
0.8875977196861974,-0.8301205927100848,-0.9634407466027872,2
-0.9119999268314688,2.5378887853680787,1.214188193554997,0
1.3458803501658516,-0.8301205927100848,-0.2823221971522697,2
1.0999725972255494,-0.8301205927100848,-0.8257121021150255,2
-0.9343551770987693,-0.3489763958417757,-0.5527820752247536,3
-0.364296295282614,0.6133119978948424,0.711962676116419,1
-0.3866515455499141,-0.3489763958417757,0.0630417311983397,3
-0.2078095434115125,0.6133119978948424,-0.180032335125489,1
-0.4425396712181647,-0.8301205927100848,-0.7178108615599754,3
2.5195309891991124,-0.8301205927100848,-0.801738808097303,2
-0.587848797955616,-0.8301205927100848,-0.2202543537365222,3
-0.8225789257622681,1.0944561947631517,1.527368795690034,0
-0.7778684252276677,-0.3489763958417757,-0.2747404108965157,3
1.915939231982007,-0.8301205927100848,-0.4182946086655347,2
-0.3531186701489638,0.1321678010265333,-0.1443936562283864,1
-0.811401300628618,0.1321678010265333,-0.2500103660849045,1
-0.2860529193470632,-0.3489763958417757,-0.1218339155803807,3
-0.040145166406761,-0.8301205927100848,-0.2714421197005099,3
1.7706301052445557,-0.8301205927100848,-0.3928934829612294,2
-0.9902433027670196,1.5756003916314605,2.3051372720053305,0
1.7370972298436054,-0.8301205927100848,-0.907112786567102,2
0.731110967815096,0.1321678010265333,-0.109054821985466,2
0.4740255897411436,-0.8301205927100848,-0.6218320155878903,2
2.28480086139246,-0.8301205927100848,-1.0482967837363937,2
-0.9678880524997194,-0.3489763958417757,-0.7567335533362182,3
-0.5431382974210156,1.0944561947631517,1.7740981111315144,0
1.983004982783908,-0.8301205927100848,1.4542923699707342,2
-0.4648949214854648,1.0944561947631517,1.4474244995582717,0
-0.8449341760295683,0.1321678010265333,-0.2196261077944257,1
2.1283141095213587,-0.8301205927100848,-0.660097904788305,2
-0.2972305444807133,-0.3489763958417757,0.3068868266329234,3
1.7929853555118558,-0.8301205927100848,-1.10386799297819,2
1.5694328528388537,-0.3489763958417757,0.0658117246703101,2
-0.8337565508959183,0.1321678010265333,0.0170941075241103,1
-0.9343551770987693,0.6133119978948424,1.4456254316331776,0
-0.4537172963518148,1.5756003916314605,1.534265222736228,0
-0.364296295282614,-0.8301205927100848,-1.0527516185985315,3
0.0380982095287896,1.0944561947631517,0.4707590693020131,1
-0.8449341760295683,1.5756003916314605,0.8678533396575115,0
0.3846045886719428,0.1321678010265333,0.2841985811331252,2
0.0269205843951395,0.6133119978948424,0.3242349816249023,1
-0.4648949214854648,-0.8301205927100848,-0.683300169695273,3
0.5187360902757441,-0.8301205927100848,-0.8747010072816761,2
-0.3419410450153137,-0.8301205927100848,-0.8490999851412492,3
-0.2078095434115125,-0.8301205927100848,-0.7210092045379205,3
-0.2748752942134131,-0.8301205927100848,-0.6736480274939742,3
-0.3084081696143634,1.5756003916314605,0.4972881820387185,0
-0.8337565508959183,-0.3489763958417757,-0.4013605248626645,3
-0.5207830471537154,0.6133119978948424,0.2446619217316518,1
-0.8449341760295683,-0.3489763958417757,-0.8495997262315532,3
-0.5766711728219659,-0.8301205927100848,-0.8501708589061863,3
1.6253209785071043,-0.8301205927100848,-0.7082872242104692,2
-0.1854542931442123,-0.8301205927100848,-0.5851638700447613,3
-0.9790656776333696,-0.3489763958417757,0.3688975567812076,1
-0.9902433027670196,0.6133119978948424,1.503452614939775,0
-0.364296295282614,0.6133119978948424,-0.3107074910815326,1
-0.7666908000940176,-0.8301205927100848,-0.6087245207050616,3
-0.6772697990248168,0.6133119978948424,-0.0755007773507739,1
-0.4090067958172144,0.6133119978948424,-0.3904376124603071,1
-0.7443355498267175,-0.8301205927100848,-0.5941606375019186,3
-0.5207830471537154,-0.3489763958417757,-0.2088174219269952,3
-0.0289675412731109,1.0944561947631517,2.073371632639236,0
-0.0289675412731109,-0.8301205927100848,-0.3762164088619442,3
-0.811401300628618,-0.3489763958417757,-0.1715795715409199,3
-0.1407437926096119,-0.8301205927100848,-0.9302436598897408,3
0.8875977196861974,0.1321678010265333,0.3601592268593216,2
-0.1183885423423117,-0.8301205927100848,-0.8112338888130776,3
1.9606497325166072,-0.8301205927100848,0.1490971469486756,2
1.602965728239804,-0.3489763958417757,-0.7228511074136121,2
-0.6102040482229162,0.1321678010265333,0.0718942876551521,1
2.5307086143327626,-0.8301205927100848,-0.0527696969003782,2
-0.3866515455499141,0.6133119978948424,0.692201485574115,1
-0.5207830471537154,1.0944561947631517,0.4080915365779008,0
1.2452817239630007,0.1321678010265333,-0.7930004781754173,2
1.491189476903303,-0.8301205927100848,-0.7086156254983831,2
-0.0513227915404111,-0.3489763958417757,0.2856978044040369,3
1.0999725972255494,-0.3489763958417757,-0.3833412889779916,2
-0.5319606722873654,0.6133119978948424,0.2575409635446272,1
-0.2301647936788127,0.1321678010265333,-0.3909801885012086,1
-0.5654935476883158,1.0944561947631517,0.08110380203361,0
-0.151921417743262,-0.8301205927100848,-0.5401600431153631,3
-0.3866515455499141,-0.3489763958417757,-0.5658610134738506,3
-0.6437369236238665,-0.3489763958417757,-0.5731429550754221,3
1.3458803501658516,-0.3489763958417757,1.0169618026873368,2
-0.7555131749603675,0.1321678010265333,0.8611996439980366,1
0.8764200945525473,-0.8301205927100848,-0.9936965000414736,2
-0.3307634198816636,-0.8301205927100848,-0.9388963199104317,3
-0.4313620460845145,1.0944561947631517,1.412928086010435,0
1.8935839817147069,-0.3489763958417757,-0.6012141260336369,2
-0.8337565508959183,2.5378887853680787,2.583521615938348,0
1.9606497325166072,-0.8301205927100848,-0.0829255021210036,2
0.954663470488098,-0.8301205927100848,-1.0902322003713258,2
-0.4537172963518148,-0.8301205927100848,0.3211794218156156,3
-0.8337565508959183,0.6133119978948424,-0.117036401113463,1
-0.1966319182778624,2.056744588499769,0.0733649542923322,0
-0.2301647936788127,-0.3489763958417757,-0.2039770725094801,3
-0.9902433027670196,1.0944561947631517,0.8483206021850612,0
0.2840059624690919,-0.8301205927100848,-0.5694305926903073,2
1.1782159731611,-0.8301205927100848,-0.3578687716893572,2
0.954663470488098,-0.8301205927100848,0.0001314670875087,2
0.0939863351970402,-0.8301205927100848,-0.3485735874097042,2
-0.7890460503613178,0.1321678010265333,0.9884480039062816,1
-0.2189871685451626,-0.8301205927100848,1.7870057095782212,1
-0.9567104273660694,1.0944561947631517,1.0855833935444985,0
-0.6772697990248168,-0.3489763958417757,0.0031013569956003,3
0.8764200945525473,-0.8301205927100848,-0.9538028827183545,2
0.3398940881373424,-0.8301205927100848,-0.7257067707867774,2
-0.7778684252276677,3.5001771791046967,2.053910286751115,0
-0.9119999268314688,0.6133119978948424,0.7396768891529878,1
1.983004982783908,-0.8301205927100848,-0.7262065118770813,2
-0.7666908000940176,0.1321678010265333,-0.3031399831426445,1
0.3957822138055929,-0.8301205927100848,-0.8242699921115771,2
0.5299137154093941,-0.8301205927100848,-0.641507536228999,2
1.3682356004331515,1.5756003916314605,-0.2544937575807739,2
-0.5990264230892661,0.6133119978948424,2.497980219595182,0
0.1610520859989408,-0.3489763958417757,-0.1484058632676836,2
-0.8225789257622681,-0.3489763958417757,-0.277353342882962,3
-0.9902433027670196,-0.3489763958417757,-0.7658288411797495,3
-0.3084081696143634,2.5378887853680787,3.038999923958211,0
0.3175388378700422,0.1321678010265333,0.7583814842472206,1
-0.6325592984902164,-0.8301205927100848,-0.688725930104287,3
1.4129461009677522,-0.8301205927100848,-0.5798537640023604,2
0.8987753448198476,-0.3489763958417757,0.3254771951922293,2
-0.2189871685451626,1.0944561947631517,-0.6237595883647767,1
-1.0125985530343198,-0.3489763958417757,-0.6907248944655027,3
1.16703834802745,-0.8301205927100848,-0.8609938230904827,2
0.406959838939243,0.1321678010265333,-0.5738711492355792,3
-0.4984277968864152,0.1321678010265333,-0.3087941966215118,1
-0.8225789257622681,0.1321678010265333,-0.7975838178893476,1
-0.7108026744257671,2.056744588499769,1.1027030954666244,0
-0.6102040482229162,-0.8301205927100848,-0.9415949217980728,3
0.731110967815096,-0.8301205927100848,-0.8505706517784295,2
2.150669359788659,-0.8301205927100848,-1.0229813279332836,2
0.1722297111325909,-0.8301205927100848,-0.3943641495984096,2
-0.7443355498267175,0.6133119978948424,1.6582295697653329,0
-0.1854542931442123,0.6133119978948424,-0.6969216839852713,1
-0.8449341760295683,-0.3489763958417757,-0.6881119624790565,3
0.742288592948746,-0.8301205927100848,-1.0129151145428756,2
-0.5319606722873654,-0.8301205927100848,-0.3498871925613602,3
-0.9008223016978189,-0.3489763958417757,0.0527470647380789,1
-0.6660921738911667,2.056744588499769,0.8640410290543361,0
2.22891273572421,-0.8301205927100848,-1.0808799028242095,2
-0.7890460503613178,0.6133119978948424,0.4368623450625412,1
-0.8225789257622681,-0.3489763958417757,-0.4512917989424594,3
-0.3195857947480136,-0.3489763958417757,-0.5921331165069712,3
1.18939359829475,0.1321678010265333,-0.8548969817887748,2
-0.6549145487575166,0.1321678010265333,-0.2164991564008098,1
-1.0125985530343198,0.6133119978948424,1.737659846489925,0
-0.9455328022324192,3.0190329822363875,1.3427501586148984,0
-0.9119999268314688,0.6133119978948424,0.1152289793429353,1
-0.6660921738911667,1.0944561947631517,-0.143522678899571,0
-0.4313620460845145,-0.8301205927100848,-1.0011212248117032,3
-0.8896446765641687,-0.3489763958417757,-0.1495195719832182,3
-0.8225789257622681,3.0190329822363875,1.0421915885892523,0
-0.811401300628618,-0.8301205927100848,-0.6899395870378822,3
-0.6102040482229162,-0.3489763958417757,-0.0140469015602571,3
-1.0014209279006698,-0.3489763958417757,-0.4720381933485052,3
-0.8225789257622681,0.1321678010265333,1.0493164687052996,1
-0.1072109172086616,0.6133119978948424,0.7016394530224264,1
-0.6549145487575166,-0.3489763958417757,-0.6493463321883377,3
-0.2860529193470632,-0.3489763958417757,-0.4908570149776644,3
-0.9231775519651192,-0.3489763958417757,0.2348098830942316,1
1.9606497325166072,-0.8301205927100848,-0.1917691115891984,2
1.7370972298436054,0.1321678010265333,-0.6390373874112111,2
-0.9790656776333696,0.6133119978948424,1.9231351825770109,0
-0.3419410450153137,-0.8301205927100848,1.331655906410151,1
-0.1854542931442123,-0.3489763958417757,-0.2380879715019394,3
-0.0177899161394608,-0.3489763958417757,-0.3227012772488267,3
-0.3531186701489638,0.1321678010265333,-0.3650222084391362,1
-0.699625049292117,-0.3489763958417757,-0.725249864647071,3
2.586596740001013,-0.8301205927100848,-1.022538700110443,2
-0.4313620460845145,0.6133119978948424,0.8160944410188907,1
1.9941826079175573,-0.8301205927100848,-0.8461586518668891,2
-0.3866515455499141,1.0944561947631517,1.063494837353065,0
-0.3419410450153137,1.0944561947631517,0.9588633313602892,0
0.6975780924141457,-0.3489763958417757,1.2783263929162894,1
-0.811401300628618,-0.3489763958417757,-0.5746850132969314,3
0.0380982095287896,-0.8301205927100848,-0.7233080135533185,3
1.9382944822493071,-0.3489763958417757,-0.7382716896287046,2
2.463642863530862,-0.8301205927100848,-0.903828773687962,2
-0.2413424188124628,-0.8301205927100848,-0.5246680693159415,3
2.3518666121943608,-0.3489763958417757,-0.918464048475434,2
-0.811401300628618,-0.8301205927100848,-0.93688307723235,3
-0.8784670514305186,3.5001771791046967,1.8121641038958076,0
-0.6213816733565662,1.0944561947631517,1.7312060472665718,0
-0.811401300628618,-0.3489763958417757,-0.8549969300068355,3
-0.4201844209508644,-0.8301205927100848,-0.9630980669980074,3
-0.3866515455499141,-0.8301205927100848,-0.7828914298344122,3
-0.7778684252276677,-0.3489763958417757,-0.9770051476253224,3
-0.5319606722873654,-0.8301205927100848,-0.8713170461844753,3
-0.7219802995594172,0.1321678010265333,0.3439533372166088,1
-0.5207830471537154,0.1321678010265333,-0.256135764020344,1
0.2392954619344915,1.5756003916314605,0.2116076181872636,0
-0.7443355498267175,-0.8301205927100848,-0.6630677946963969,3
1.1111502223591994,-0.8301205927100848,-0.9665676979964032,2
2.3518666121943608,-0.8301205927100848,-0.7250642465278152,2
-1.0014209279006698,3.5001771791046967,1.5038666861288836,0
1.915939231982007,-0.3489763958417757,-0.8130757916887693,2
0.1610520859989408,-0.8301205927100848,-0.7509793916392902,2
-0.3866515455499141,-0.8301205927100848,-0.7277057351479931,3
1.3570579752995016,0.1321678010265333,-0.2673299644431519,2
-0.3084081696143634,-0.8301205927100848,-0.7469100713325296,3
-0.7108026744257671,-0.8301205927100848,-0.8941766314866633,3
-0.699625049292117,2.056744588499769,1.001327045719257,0
-0.9567104273660694,1.0944561947631517,-0.0173594710731287,0
-0.2748752942134131,-0.3489763958417757,-0.6129794591310779,3
-1.0014209279006698,0.1321678010265333,-0.2872910514215773,1
-0.5096054220200653,0.6133119978948424,-0.2225103278013228,1
-0.6437369236238665,-0.8301205927100848,-0.8281394159822161,3
0.4963808400084438,-0.8301205927100848,-0.791872491143017,2
1.18939359829475,-0.8301205927100848,-0.8959899777286232,2
1.18939359829475,-0.3489763958417757,-0.146806691778711,2
0.6528675918795452,-0.8301205927100848,-0.7118996383775232,2
-0.040145166406761,-0.8301205927100848,-0.7760806726894129,3
-0.5207830471537154,-0.3489763958417757,-1.1474168594189609,3
-0.3084081696143634,2.056744588499769,1.4716262466458476,0
0.08280871006339,1.0944561947631517,1.9242488912925448,0
1.4129461009677522,-0.8301205927100848,-0.8597658878400216,2
-0.7108026744257671,0.1321678010265333,0.0010310010500556,1
0.965841095621748,-0.8301205927100848,-0.9532031934099896,2
-0.1966319182778624,0.1321678010265333,-0.9630837886811416,1
-0.7890460503613178,0.6133119978948424,0.8736788929387689,1
-0.8002236754949679,0.1321678010265333,0.6969990000410328,1
-0.6437369236238665,2.056744588499769,1.121493360462052,0
-0.1966319182778624,-0.8301205927100848,-1.050324304731341,3
-0.7555131749603675,0.6133119978948424,-0.2642744046338651,1
-0.4425396712181647,0.6133119978948424,-0.0824400393475656,1
2.050070733585808,-0.8301205927100848,-0.8375059918461982,2
0.8205319688842968,0.1321678010265333,-0.7059170236107419,2
-0.9455328022324192,2.056744588499769,1.4280345452544796,0
-0.040145166406761,0.6133119978948424,-0.380100111049449,1
-0.3084081696143634,2.056744588499769,2.404400130856556,0
-0.7443355498267175,0.1321678010265333,-0.6846566097975264,1
-0.9119999268314688,-0.3489763958417757,-0.7277342917817248,3
-0.1742766680105622,-0.8301205927100848,-0.0588522598852204,3
-0.8449341760295683,-0.8301205927100848,-0.8422606713625185,3
1.1223278474928495,-0.8301205927100848,-0.9583005525310896,2
0.9211305950871476,-0.3489763958417757,-0.5799965471710188,2
-0.1630990428769121,-0.8301205927100848,-0.6380379052306032,3
-0.6549145487575166,0.1321678010265333,-0.4450664527889591,1
-0.4984277968864152,-0.8301205927100848,-0.1128100193211784,3
-0.1295661674759618,0.6133119978948424,0.7726312444793154,1
2.2959784865261104,-0.8301205927100848,0.02287682585477,2
-0.9902433027670196,0.1321678010265333,-0.2316627289123175,1
-0.9231775519651192,0.1321678010265333,1.1265764412662862,1
-0.4648949214854648,1.5756003916314605,3.077237256524893,0
0.7758214683496963,-0.3489763958417757,-1.0131007326621315,2
-0.9678880524997194,1.5756003916314605,-0.5849082881728631,0
0.1722297111325909,0.6133119978948424,0.8872861289119015,1
-0.7443355498267175,-0.8301205927100848,-0.4920706719112597,3
-0.6660921738911667,-0.8301205927100848,-0.0469869785697185,3
-0.8002236754949679,-0.3489763958417757,-1.0283356967579684,3
2.2959784865261104,-0.8301205927100848,-0.6379665136462741,2
-0.7778684252276677,0.1321678010265333,0.1539517746830566,1
-0.9678880524997194,0.6133119978948424,0.0914984167119318,1
-0.4425396712181647,1.0944561947631517,1.1617296573899512,0
-0.6884474241584669,-0.8301205927100848,-1.0120584155309262,3
2.0724259838531083,-0.8301205927100848,-0.924960682649385,2
-0.3419410450153137,-0.3489763958417757,-0.4657414556106758,3
-0.7443355498267175,-0.3489763958417757,-0.8501708589061864,3
1.055262096690949,0.1321678010265333,0.3370569101704144,2
0.8987753448198476,-0.8301205927100848,-0.742683689540245,2
-0.1183885423423117,-0.8301205927100848,-0.8316376036143437,3
-0.9790656776333696,-0.8301205927100848,-0.8082925555387175,3
1.0999725972255494,-0.8301205927100848,-0.5072485227396332,2
-0.7778684252276677,2.056744588499769,0.6197961407475091,0
-0.811401300628618,0.1321678010265333,0.3888015304921694,1
-0.9678880524997194,-0.8301205927100848,-0.3094938341479373,3
0.2057625865335412,-0.8301205927100848,-0.3746457940067032,2
-0.9902433027670196,0.6133119978948424,0.8257180265864578,1
-0.4201844209508644,-0.8301205927100848,-0.9864716717073652,3
0.8205319688842968,-0.8301205927100848,-0.6728056067988905,2
2.22891273572421,-0.3489763958417757,-0.0333511859628544,2
0.1945849613998911,1.0944561947631517,2.125273314446515,0
0.0492758346624397,0.1321678010265333,0.1593632567752047,1
1.692386729309005,-0.3489763958417757,-0.6150783717103543,2
-0.5543159225546657,0.1321678010265333,0.0379690067819485,1
-0.6325592984902164,-0.3489763958417757,-0.7490660971792694,3
-0.7555131749603675,-0.3489763958417757,-0.7548345371930633,3
-0.7219802995594172,-0.3489763958417757,0.0441229613511197,3
-0.9567104273660694,-0.3489763958417757,-0.427475566410261,3
-0.4201844209508644,-0.8301205927100848,0.3815624238411955,3
-0.8561118011632184,1.0944561947631517,-0.2796378735814943,0
1.1446830977601496,-0.3489763958417757,0.0786622098495538,2
-0.9902433027670196,-0.8301205927100848,-0.9799322025828168,3
-0.7219802995594172,0.1321678010265333,0.8726651324412952,1
0.3957822138055929,0.1321678010265333,0.2842699727174543,2
-0.0736780418077113,-0.3489763958417757,-0.2097455125232739,3
-0.2301647936788127,-0.8301205927100848,-0.5126885614655131,3
1.0217292212899989,-0.8301205927100848,-1.006147192348474,2
0.2392954619344915,-0.8301205927100848,-0.7094723245103327,2
-0.1295661674759618,-0.3489763958417757,0.1792957871198985,3
1.7594524801109055,-0.8301205927100848,-0.4948263870663642,2
1.5694328528388537,-0.8301205927100848,-0.8357925938222991,2
-0.2301647936788127,0.1321678010265333,-0.5015514743101684,1
-0.2525200439461129,-0.8301205927100848,-0.8524268329709869,3
-0.4537172963518148,0.1321678010265333,-0.6860416065335116,1
-0.1854542931442123,-0.8301205927100848,-0.8987028579331302,3
-0.3419410450153137,-0.8301205927100848,-0.6430210378167766,3
-0.8449341760295683,-0.3489763958417757,-0.800096801657733,3
-0.9790656776333696,-0.8301205927100848,-1.0287069329964798,3
2.17302461005596,-0.8301205927100848,-0.9501619119175688,2
-0.9790656776333696,1.5756003916314605,0.0043007356123298,0
-0.5654935476883158,-0.8301205927100848,-0.8107341477227736,3
-0.6213816733565662,-0.8301205927100848,-0.4032595410058193,3
-0.1854542931442123,-0.3489763958417757,-0.4683829442308536,3
1.4241237261014024,-0.8301205927100848,-1.0492391526495382,2
1.055262096690949,-0.8301205927100848,-0.9723789729607946,2
-0.6549145487575166,0.6133119978948424,0.5385096828303596,1
-0.2413424188124628,-0.8301205927100848,-0.2740264950532244,3
1.0217292212899989,-0.8301205927100848,-0.4345147766251134,2
-0.8561118011632184,-0.3489763958417757,-0.4427533654566952,3
1.6141433533734542,-0.8301205927100848,-0.9404526564488068,2
-0.6772697990248168,1.0944561947631517,2.623043997022956,0
1.927116857115657,-0.8301205927100848,-0.8342790922345215,2
-0.9790656776333696,-0.3489763958417757,-0.9017441394255512,3
-0.4425396712181647,0.6133119978948424,0.0042436223448665,1
1.7259196047099552,-0.8301205927100848,-0.9724360862282578,2
-0.1183885423423117,-0.3489763958417757,8.86321369109876e-05,3
2.050070733585808,-0.8301205927100848,-0.6816867198894345,2
-0.1407437926096119,-0.8301205927100848,-0.6963648296275041,3
-0.6884474241584669,1.0944561947631517,1.9668982237707688,0
-0.1966319182778624,-0.3489763958417757,-0.573814035968116,3
-0.8337565508959183,1.5756003916314605,2.9593126375300334,0
1.4688342266360028,-0.3489763958417757,-0.8461443735500233,2
-0.6660921738911667,0.6133119978948424,0.4911199491526816,1
-0.7666908000940176,3.5001771791046967,1.2425163742167968,0
-0.6772697990248168,0.1321678010265333,0.6382437261381569,1
0.1610520859989408,-0.8301205927100848,-0.8272969952871323,2
-0.9678880524997194,-0.3489763958417757,-0.1744495132309509,3
1.7259196047099552,-0.8301205927100848,-0.4611866725304772,2
0.965841095621748,-0.3489763958417757,0.0332286055824941,2
0.8764200945525473,-0.3489763958417757,-0.8516272472265006,2
-0.5431382974210156,-0.8301205927100848,-0.7422553400342703,3
-0.2189871685451626,-0.8301205927100848,-0.4170523950982078,3
-0.8449341760295683,-0.3489763958417757,0.5742054749949256,1
0.5522689656766944,0.6133119978948424,-0.2987565398648358,1
-0.9119999268314688,0.6133119978948424,0.0912699636420785,1
1.0887949720918992,-0.8301205927100848,-1.101412122477268,2
-0.8449341760295683,0.6133119978948424,0.6527219394401048,1
-0.811401300628618,-0.8301205927100848,-0.9873854839867782,3
-0.263697669079763,-0.3489763958417757,-0.347431322060438,3
-0.8561118011632184,1.5756003916314605,-0.719324363147753,0
-0.7555131749603675,0.1321678010265333,0.7687047073412131,1
-0.7108026744257671,0.1321678010265333,1.2590078301968264,1
-0.4090067958172144,-0.3489763958417757,-0.7228653857304779,3
-0.6437369236238665,0.6133119978948424,1.116010486785575,1
-0.5431382974210156,-0.8301205927100848,-0.8949762172311495,3
-0.2078095434115125,1.5756003916314605,1.370478649968333,0
-0.9678880524997194,1.0944561947631517,0.3105420757505748,0
-0.3419410450153137,-0.3489763958417757,-0.6943087519988251,3
-0.4984277968864152,2.056744588499769,3.0689415544258494,0
-1.0125985530343198,0.6133119978948424,0.6430269622882087,1
-0.1742766680105622,-0.3489763958417757,-0.5538672273065565,3
-0.2189871685451626,-0.3489763958417757,-0.8351786261970686,3
1.837695856046456,-0.3489763958417757,0.66464433402307,2
-0.2525200439461129,-0.3489763958417757,-0.4749652483059996,3
0.4852032148747937,0.6133119978948424,-0.2178984314536607,1
1.6700314790417046,-0.8301205927100848,-0.996280875394188,2
1.5135447271706033,-0.3489763958417757,1.6955388117357375,0
-0.6102040482229162,0.1321678010265333,-0.3985905313906941,1
-0.5096054220200653,-0.8301205927100848,-0.2197117776956208,3
-0.0736780418077113,1.0944561947631517,3.168875494169768,0
-0.811401300628618,3.5001771791046967,2.366605426112713,0
-0.9902433027670196,1.0944561947631517,1.200124051442158,0
1.4241237261014024,0.1321678010265333,0.4548387459966165,2
-0.151921417743262,-0.8301205927100848,-0.7264635215806662,3
1.9606497325166072,-0.3489763958417757,0.1294930178918959,2
-0.8561118011632184,2.056744588499769,1.370307310165943,0
-0.7331579246930673,-0.8301205927100848,-0.9388820415935656,3
1.9047616068483568,-0.8301205927100848,-0.7396709646815556,2
-0.0066122910058107,-0.3489763958417757,-0.3342667139101462,3
2.3518666121943608,2.056744588499769,-0.0745869650713611,2
-0.7331579246930673,1.0944561947631517,0.7827831277709179,0
-0.5096054220200653,0.6133119978948424,0.3394985023544708,1
-0.4425396712181647,0.1321678010265333,-0.0962328934399539,1
-0.6660921738911667,-0.8301205927100848,-0.2952155172821109,3
-0.4425396712181647,0.1321678010265333,-0.2338044764421915,1
-0.1407437926096119,1.0944561947631517,2.051654312686314,0
-0.4313620460845145,-0.8301205927100848,-0.5610063857394697,3
2.3071561116597605,-0.8301205927100848,-1.151914529231696,2
0.954663470488098,-0.8301205927100848,-0.6960792632901875,2
-0.4984277968864152,-0.8301205927100848,-0.4934699469641107,3
-0.699625049292117,2.056744588499769,2.0027082424702614,0
-0.9008223016978189,2.056744588499769,0.6873611361566,0
-0.5990264230892661,-0.3489763958417757,0.0364840618279025,3
-0.8225789257622681,1.0944561947631517,1.007181155634246,0
-0.5207830471537154,1.0944561947631517,-0.2664018738468732,0
-0.6772697990248168,-0.8301205927100848,1.362454235889739,1
-0.375473920416264,-0.8301205927100848,-0.8375488267967957,3
0.2504730870681416,0.1321678010265333,0.9493968072782464,1
1.379413225566802,-0.8301205927100848,-0.8154459922884965,2
2.541886239466413,-0.8301205927100848,-1.0047336389787571,2
-0.2972305444807133,-0.8301205927100848,-0.6299135429339479,3
-0.9343551770987693,0.1321678010265333,-0.0295817103102762,1
0.0604534597960898,-0.8301205927100848,-0.7051888294505848,3
-0.8002236754949679,0.1321678010265333,0.5664666272536476,1
1.2005712234284005,-0.8301205927100848,-0.2836500806207914,2
2.26244561112516,-0.8301205927100848,-1.108722620712571,2
2.027715483318508,-0.3489763958417757,0.4784550820926934,2
-0.4872501717527651,0.1321678010265333,-0.4746368470180856,1
1.8824063565810565,-0.8301205927100848,-0.6410506300892925,2
-0.375473920416264,1.0944561947631517,-0.0762575281446627,0
-0.6549145487575166,1.0944561947631517,2.0448007205907177,0
-0.3866515455499141,-0.8301205927100848,-0.9122672589556652,3
-0.263697669079763,0.6133119978948424,-0.2127296807482317,1
-0.9119999268314688,3.9813213759730055,1.2579226781150237,0
-0.3531186701489638,-0.8301205927100848,-0.6267723132234662,3
-0.1295661674759618,-0.3489763958417757,-0.8394050079893531,3
-0.1966319182778624,-0.3489763958417757,-0.8061079730582459,3
0.0939863351970402,-0.3489763958417757,-0.5543812467137262,3
-0.8002236754949679,-0.8301205927100848,-1.003634208580089,3
0.3510717132709925,-0.3489763958417757,-0.3085800218685244,2
-0.9343551770987693,-0.8301205927100848,-1.0419000977805035,3
-0.9790656776333696,1.5756003916314605,1.049616313359482,0
-0.699625049292117,2.056744588499769,1.278297836282558,0
2.1283141095213587,-0.3489763958417757,-0.9996648364913888,2
-0.3866515455499141,-0.8301205927100848,-0.8091064196000695,3
-1.0125985530343198,3.5001771791046967,0.55113171493975,0
-0.0289675412731109,-0.8301205927100848,-0.7208949780029938,3
-0.9008223016978189,-0.8301205927100848,0.5027996123489277,3
0.7981767186169966,0.6133119978948424,1.1190232116442642,1
-0.2972305444807133,-0.8301205927100848,-0.682800428604969,3
-0.7666908000940176,0.1321678010265333,-0.390537560678368,1
0.9211305950871476,-0.3489763958417757,-0.4996239015332819,2
0.1275192105979905,0.6133119978948424,-0.0690326998105546,1
0.5746242159439946,0.1321678010265333,0.4441728432978442,1
0.08280871006339,-0.3489763958417757,-0.7454536830122153,3
-0.7666908000940176,1.0944561947631517,0.1487544673438958,0
1.1223278474928495,-0.8301205927100848,-0.7152978777915899,2
-0.9678880524997194,-0.3489763958417757,-0.3761450172776149,3
-0.9343551770987693,3.5001771791046967,1.2017660578817284,0
0.1275192105979905,0.6133119978948424,-0.5617774148502243,1
-0.9902433027670196,3.0190329822363875,1.1340440009871136,0
0.0492758346624397,-0.8301205927100848,-0.4467655724959924,2
1.5135447271706033,-0.8301205927100848,-0.6455625782188937,2
-0.8449341760295683,-0.3489763958417757,-0.4995525099489528,3
-0.587848797955616,-0.3489763958417757,-0.0504423312512485,3
-0.4537172963518148,-0.8301205927100848,-0.6693788107510922,3
0.0157429592614894,-0.3489763958417757,-0.9737925263305114,3
0.731110967815096,-0.8301205927100848,-0.8756719328285523,2
-0.587848797955616,-0.8301205927100848,-0.691924273082232,3
1.0329068464236488,0.1321678010265333,-0.8729162176734477,2
-1.0125985530343198,0.6133119978948424,0.4226696980979097,1
1.5247223523042532,-0.8301205927100848,-0.5669176089219218,2
0.406959838939243,-0.3489763958417757,-0.8990455375379101,2
-0.5766711728219659,-0.3489763958417757,-0.7976409311568109,3
1.1782159731611,-0.3489763958417757,-0.3164902094121922,2
-0.6102040482229162,1.5756003916314605,1.5125193461495745,0
0.1051639603306903,0.1321678010265333,0.6477816418045291,1
-0.4648949214854648,-0.8301205927100848,-0.8512560109879892,3
-0.5431382974210156,-0.8301205927100848,-0.8810691366038346,3
-0.4313620460845145,-0.8301205927100848,-0.7554485048182937,3
1.0664397218245991,-0.8301205927100848,-0.9794039048587811,2
-0.9790656776333696,0.1321678010265333,-0.6683079369861552,1
-0.9119999268314688,-0.3489763958417757,-0.95036180835369,3
-0.7555131749603675,-0.3489763958417757,-0.6883689721826414,3
-0.8561118011632184,-0.8301205927100848,-1.1067236563513554,3
0.5969794662112947,-0.3489763958417757,-0.0895220845130156,2
-0.3531186701489638,-0.3489763958417757,-0.909168864195781,3
-0.6772697990248168,-0.3489763958417757,-0.4393551260426285,3
0.5522689656766944,0.1321678010265333,-0.8606511434857028,2
-0.7666908000940176,0.6133119978948424,0.0094409296840273,1
-0.7778684252276677,1.5756003916314605,2.858279267387446,0
-0.1630990428769121,0.1321678010265333,-0.1863147945464528,1
-0.2748752942134131,1.0944561947631517,1.8347952361281428,0
-0.8896446765641687,1.5756003916314605,0.0515619644382153,0
-0.0848556669413614,-0.8301205927100848,-1.1382787366248317,3
-0.6772697990248168,2.056744588499769,0.9722421142635688,0
-0.2748752942134131,-0.8301205927100848,-0.5404456094526796,3
-0.2748752942134131,0.1321678010265333,-0.1504762192132284,1
1.0664397218245991,-0.3489763958417757,-0.7682133200963426,2
-0.5990264230892661,-0.3489763958417757,-0.543529725895698,3
-0.8561118011632184,0.1321678010265333,-0.5141592281026931,1
-0.6325592984902164,-0.8301205927100848,-0.8826540297759414,3
1.1558607228937998,0.1321678010265333,1.0968061506010385,1
-1.0014209279006698,1.0944561947631517,-0.0972038189868302,0
-1.0125985530343198,1.0944561947631517,-0.4173807963861216,0
-0.2972305444807133,-0.8301205927100848,-0.8684613828113099,3
2.3183337367934107,-0.3489763958417757,-0.7435118319184629,2
-0.7331579246930673,0.1321678010265333,-0.4418823881278799,1
-0.9343551770987693,1.5756003916314605,0.6575908454913517,0
-0.8337565508959183,0.1321678010265333,0.1093748694279465,1
0.2728283373354418,-0.8301205927100848,1.279868451137799,1
-0.699625049292117,-0.8301205927100848,-0.6386804294895654,3
-0.1072109172086616,0.6133119978948424,-0.3582685645616003,1
-0.699625049292117,1.0944561947631517,0.1688440591741135,0
-0.2189871685451626,-0.8301205927100848,-0.6159207924054381,3
-0.9790656776333696,2.5378887853680787,0.9972720037293624,0
-0.699625049292117,3.9813213759730055,2.4916692035404866,0
2.21773511059056,-0.8301205927100848,-0.995295671530446,2
-0.6213816733565662,-0.8301205927100848,-0.8948905473299547,3
-0.9231775519651192,1.5756003916314605,-0.269614495141684,0
-0.7555131749603675,-0.3489763958417757,-0.3542420792054374,3
2.0724259838531083,-0.8301205927100848,-0.598244236125545,2
-0.4648949214854648,1.5756003916314605,0.3688261651968782,0
0.7199333426814459,3.9813213759730055,2.5440277914874723,0
-0.3419410450153137,-0.8301205927100848,-0.937125808619069,3
-0.7890460503613178,0.1321678010265333,0.0276743403216877,1
0.2728283373354418,0.1321678010265333,-0.3818849006576773,2
-0.9790656776333696,2.056744588499769,0.6923299904259076,0
-0.7331579246930673,0.1321678010265333,-0.6162777503270838,1
-0.4313620460845145,-0.8301205927100848,-0.9427657437810706,3
-1.0125985530343198,-0.3489763958417757,-0.3530712572224395,3
-0.4090067958172144,-0.3489763958417757,0.172085237102656,3
-0.7331579246930673,-0.8301205927100848,-0.783319779340387,3
-0.9231775519651192,0.6133119978948424,2.7145537298160374,0
-0.8784670514305186,3.0190329822363875,1.562736186566686,0
1.3458803501658516,0.1321678010265333,0.0088840753262601,2
1.6141433533734542,-0.8301205927100848,-0.5768838740942686,2
0.5299137154093941,0.1321678010265333,-0.5361335577592,2
-0.9790656776333696,1.5756003916314605,0.6793081654442737,0
-0.3866515455499141,0.1321678010265333,0.5255164144824573,1
0.4852032148747937,0.1321678010265333,0.6671430394745896,1
0.1945849613998911,-0.3489763958417757,-0.9179500290682644,3
-0.6884474241584669,-0.8301205927100848,-1.127569998975462,3
-1.0125985530343198,3.0190329822363875,1.8198743950033536,0
1.0440844715572988,0.6133119978948424,-0.4166954371765621,2
-0.8225789257622681,-0.8301205927100848,-0.716440143140856,3
1.6476762287744044,-0.3489763958417757,-0.562377104158589,2
-0.0513227915404111,-0.8301205927100848,-0.9897128496359078,3
-0.587848797955616,0.1321678010265333,-0.4332868413746523,1
0.2728283373354418,-0.8301205927100848,-0.8229135520093237,2
1.0664397218245991,-0.8301205927100848,-0.99942210510467,2
1.5135447271706033,-0.8301205927100848,-0.8700034410328191,2
-0.9343551770987693,2.056744588499769,1.9196655515786143,0
1.0887949720918992,-0.8301205927100848,-0.7017620334027865,2
-0.9790656776333696,-0.3489763958417757,-0.5298368200213706,3
-0.587848797955616,0.1321678010265333,-0.2285928907861648,1
-0.5990264230892661,-0.8301205927100848,-0.6472331412921954,3
1.9606497325166072,-0.8301205927100848,-0.7981406722471148,2
-0.151921417743262,-0.8301205927100848,-0.6656236134153799,3
-0.9790656776333696,1.5756003916314605,1.4870753854946717,0
1.826518230912806,-0.3489763958417757,0.311198878326403,2
-0.3419410450153137,-0.8301205927100848,-0.6088958605074515,3
-0.8784670514305186,2.056744588499769,1.5639926784508784,0
-0.6884474241584669,-0.3489763958417757,1.517345417250224,0
-0.9902433027670196,2.056744588499769,1.1512493728104345,0
-0.9678880524997194,-0.8301205927100848,-0.977190765744578,3
-0.9455328022324192,1.5756003916314605,0.4608213607633979,0
1.4241237261014024,-0.8301205927100848,-0.901687026158088,2
-0.9008223016978189,1.0944561947631517,1.1476940719108435,0
-0.6884474241584669,1.5756003916314605,0.9230247560270648,0
2.1953798603232597,0.1321678010265333,-0.1549310540753663,2
0.6528675918795452,0.6133119978948424,-0.7360585505145015,2
-0.7666908000940176,-0.3489763958417757,-0.4650275397673845,3
-0.0625004166740612,0.1321678010265333,0.9755261271427088,1
-0.5096054220200653,-0.3489763958417757,0.7162461711761665,1
-0.9678880524997194,0.6133119978948424,-0.0410186421198032,1
-0.4537172963518148,1.5756003916314605,0.1134013547841096,0
-0.8225789257622681,-0.8301205927100848,-0.878327699765596,3
-0.6884474241584669,-0.8301205927100848,-0.7704692941611433,3
-0.9343551770987693,0.1321678010265333,-0.32422905715347,1
-0.699625049292117,0.1321678010265333,1.4679567192113303,1
-0.5654935476883158,-0.3489763958417757,0.1564790367683078,3
-0.9008223016978189,0.6133119978948424,0.639057590199509,1
-0.6772697990248168,-0.8301205927100848,-1.0558928483090133,3
-0.5207830471537154,0.1321678010265333,-1.020411230897435,1
-0.3419410450153137,0.1321678010265333,-0.6464335555477091,1
1.0440844715572988,-0.3489763958417757,-0.9361977180227904,2
-0.1407437926096119,1.5756003916314605,0.0957390768210823,0
0.2169402116671913,-0.3489763958417757,-0.1349414104632093,2
-0.3084081696143634,-0.8301205927100848,-0.9475632582479884,3
-0.8896446765641687,-0.3489763958417757,-0.6141931160646731,3
-0.0625004166740612,0.1321678010265333,0.3135976355598618,1
-0.8449341760295683,0.1321678010265333,-0.0927918190752898,1
1.7259196047099552,-0.3489763958417757,-0.5382610269722081,2
-0.040145166406761,-0.8301205927100848,0.6522507549835326,3
-0.6884474241584669,-0.8301205927100848,-0.996780616484492,3
0.5187360902757441,-0.8301205927100848,-0.5151301536495694,2
-0.7219802995594172,0.1321678010265333,0.372638475800054,1
-0.9902433027670196,1.0944561947631517,0.3227928716214538,0
-0.6660921738911667,0.6133119978948424,1.3202760878680877,0
-0.7443355498267175,-0.8301205927100848,0.1970009000335232,3
0.2392954619344915,0.1321678010265333,-0.672605710362769,3
0.731110967815096,-0.8301205927100848,-0.2405723986365932,2
-0.0736780418077113,0.1321678010265333,0.4146310057024496,1
0.295183587602742,0.1321678010265333,0.1639751531228667,2
1.1446830977601496,-0.8301205927100848,-0.8133185230754884,2
-0.7108026744257671,-0.8301205927100848,-0.5874355502581144,3
0.4404927143401933,-0.8301205927100848,-0.4455233589286655,2
-0.7108026744257671,1.0944561947631517,0.7793420534062535,0
-0.1072109172086616,0.1321678010265333,0.5274154306256125,1
1.9494721073829573,-0.8301205927100848,-0.8228136037912629,2
2.485998113798162,0.6133119978948424,-0.3957634246512604,2
-0.7890460503613178,2.056744588499769,0.9289930924769804,0
-0.364296295282614,0.1321678010265333,0.0641697182307401,1
-0.7108026744257671,3.0190329822363875,2.711726623076604,0
0.2504730870681416,-0.8301205927100848,-0.7228653857304779,2
-0.7108026744257671,3.0190329822363875,2.3109771036034537,0
-0.8225789257622681,0.6133119978948424,0.9075042255939114,1
-0.8225789257622681,0.6133119978948424,0.0337140683559323,1
-0.6213816733565662,0.1321678010265333,0.0436517768945473,1
-0.6213816733565662,-0.3489763958417757,-0.6172629541908258,3
-0.151921417743262,-0.8301205927100848,-0.987642493690363,3
-0.7778684252276677,-0.3489763958417757,-0.7465959483614815,3
-0.7443355498267175,-0.3489763958417757,-0.7447540454857897,3
-0.6549145487575166,-0.3489763958417757,1.7038916271022455,0
0.1945849613998911,0.1321678010265333,0.8499483303077653,1
-0.6325592984902164,-0.3489763958417757,2.766398298355853,0
0.3510717132709925,1.0944561947631517,1.0735753290603387,0
-0.9455328022324192,1.5756003916314605,1.7699002859729611,0
-0.7108026744257671,0.6133119978948424,1.6855582682465249,0
-0.9790656776333696,2.056744588499769,1.6621989418540328,0
-0.4648949214854648,0.6133119978948424,1.375747348891823,0
2.575419114867363,-0.8301205927100848,-0.7260637287084231,2
-0.7666908000940176,0.1321678010265333,0.7334087080488901,1
-0.8561118011632184,0.6133119978948424,0.3021607037503347,1
-1.0014209279006698,2.5378887853680787,0.205482220251824,0
-0.8225789257622681,-0.3489763958417757,0.2302122650634354,1
-0.9119999268314688,0.6133119978948424,1.1582885830252867,1
1.9047616068483568,-0.8301205927100848,-1.1208591900485234,2
0.7534662180823962,-0.3489763958417757,-0.2066471177633896,2
-0.699625049292117,1.5756003916314605,0.1010648890120354,0
0.8205319688842968,-0.8301205927100848,-0.9241039836374356,2
-0.4984277968864152,-0.8301205927100848,-0.8265688011269752,3
-0.9567104273660694,2.5378887853680787,-0.0134043773012948,0
-0.9343551770987693,0.1321678010265333,0.0385401394565816,1
2.1953798603232597,-0.8301205927100848,-0.9913548560754778,2
2.5307086143327626,-0.8301205927100848,-0.9330707666291744,2
-0.9902433027670196,-0.3489763958417757,-0.2907035691525098,3
1.580610477972504,-0.8301205927100848,-0.7182677676996818,2
0.3063612127363921,-0.8301205927100848,-0.95977121916827,2
0.7869990934833465,-0.8301205927100848,-0.6642386166793948,2
1.0440844715572988,-0.8301205927100848,-0.7371437025963044,2
-0.4648949214854648,-0.8301205927100848,-0.8281536942990819,3
0.6752228421468455,1.0944561947631517,0.2554991642328141,1
-0.9678880524997194,1.0944561947631517,2.359723277383385,0
0.1722297111325909,-0.3489763958417757,-0.5672888451604333,3
-0.8449341760295683,2.056744588499769,0.4700737100924534,0
2.061248358719458,-0.8301205927100848,-0.6139789413116856,2
1.7370972298436054,-0.8301205927100848,-0.5088619725454716,2
1.6476762287744044,-0.8301205927100848,-0.3305543515250312,2
-1.0125985530343198,-0.3489763958417757,0.2485313456022908,1
0.1610520859989408,0.1321678010265333,-0.0867092560904477,2
-0.7666908000940176,0.6133119978948424,1.2908770334413509,0
-0.4425396712181647,-0.8301205927100848,-0.9789612770359406,3
1.1558607228937998,0.1321678010265333,1.2550527364249924,1
-0.7555131749603675,-0.8301205927100848,-0.8520270400987437,3
-0.1854542931442123,-0.8301205927100848,-0.6870268103972537,3
-0.8225789257622681,-0.3489763958417757,-0.7978836625435298,3
-0.9343551770987693,-0.3489763958417757,-0.7017905900365181,3
-0.6660921738911667,0.1321678010265333,0.6517510138932289,1
-0.7778684252276677,0.1321678010265333,1.039992727791915,1
-0.699625049292117,3.5001771791046967,1.2921192470086778,0
-0.7778684252276677,-0.3489763958417757,-0.7387714307190085,3
-0.6549145487575166,2.056744588499769,2.3656916138333,0
2.150669359788659,-0.8301205927100848,-0.9307005660294472,2
-0.587848797955616,-0.3489763958417757,-0.8626501078469185,3
-0.375473920416264,-0.3489763958417757,0.0360842689556594,3
2.206557485456909,-0.8301205927100848,-0.8361352734270789,2
-0.1407437926096119,-0.8301205927100848,-0.7035611013278806,3
1.4129461009677522,-0.8301205927100848,-1.0717417800300806,2
-0.5319606722873654,0.6133119978948424,0.9040774295461134,1
1.2341040988293506,-0.8301205927100848,-0.7201667838428367,2
0.965841095621748,0.1321678010265333,-0.1409525818637223,2
-0.3978291706835642,0.6133119978948424,-0.0378916907261871,1
-0.3866515455499141,-0.3489763958417757,-0.8147035198114734,3
-0.4984277968864152,-0.3489763958417757,-0.9516611351884804,3
1.5135447271706033,-0.8301205927100848,-0.866062625577851,2
-0.9008223016978189,2.056744588499769,2.375515095836989,0
0.1610520859989408,-0.3489763958417757,-0.6093384883302921,3
-0.364296295282614,-0.3489763958417757,-0.5222550337656168,3
-0.7108026744257671,2.056744588499769,1.8321537475079643,0
-0.6213816733565662,2.056744588499769,1.2690454869535026,0
2.038893108452158,-0.3489763958417757,-0.7822917405260474,2
-0.6884474241584669,-0.8301205927100848,0.2891388787687011,3
-0.7555131749603675,0.1321678010265333,-0.1688952479701445,1
-0.4201844209508644,-0.8301205927100848,-0.7435118319184629,3
0.9323082202207978,0.6133119978948424,1.0766594455033571,1
-0.4201844209508644,-0.8301205927100848,-0.6088673038737198,3
-0.4313620460845145,-0.8301205927100848,-0.8656485543887421,3
-0.7219802995594172,2.5378887853680787,2.151331242726649,0
1.804162980645506,-0.8301205927100848,-0.8333652799551086,2
-0.5766711728219659,2.056744588499769,2.81385942361786,0
-0.3531186701489638,1.5756003916314605,0.3549761978370269,0
1.591788103106154,-0.8301205927100848,-0.995210001629251,2
-0.9790656776333696,3.5001771791046967,1.6298157192023384,0
-0.6660921738911667,-0.8301205927100848,-0.9941676844980456,3
-0.9455328022324192,-0.3489763958417757,-0.6796877555282188,3
-0.2972305444807133,-0.8301205927100848,-0.6880120142609957,3
2.4412876132635617,-0.3489763958417757,-0.5620201462369434,2
2.4301099881299115,-0.8301205927100848,-0.5954314077029771,2
-0.811401300628618,1.5756003916314605,0.1839219617844262,0
-0.8449341760295683,2.5378887853680787,1.5643068014219266,0
0.0492758346624397,-0.3489763958417757,-0.702133269641298,3
-0.9902433027670196,-0.3489763958417757,-0.5607636543527507,3
-0.6325592984902164,-0.8301205927100848,-0.8847243857214863,3
1.0217292212899989,-0.8301205927100848,-0.9432512065545088,2
-0.7443355498267175,-0.3489763958417757,-0.371875800534733,3
-0.8784670514305186,1.5756003916314605,0.1508105449725747,0
-0.9008223016978189,-0.3489763958417757,-0.7079445446056893,3
2.474820488664512,-0.8301205927100848,-0.6111232779385204,2
0.183407336266241,-0.3489763958417757,0.4633771794823808,3
-0.4313620460845145,-0.8301205927100848,0.2061675794613837,3
1.2676369742303009,-0.8301205927100848,-0.9124671553917868,2
-0.8561118011632184,-0.8301205927100848,-0.7573475209614486,3
0.3175388378700422,-0.8301205927100848,-0.702290331126822,2
-0.9790656776333696,-0.3489763958417757,-0.6118800287324091,3
0.2840059624690919,-0.3489763958417757,-0.6590841442908313,3
-0.8225789257622681,-0.8301205927100848,-0.9027436216061592,3
-0.9678880524997194,-0.3489763958417757,-0.7700552229720342,3
-0.5654935476883158,-0.3489763958417757,-0.7410845180512724,3
0.1722297111325909,-0.3489763958417757,-0.8145892932765468,3
0.6305123416122451,-0.3489763958417757,-0.327370286863952,2
-0.4425396712181647,1.0944561947631517,0.6323182246388392,0
1.3011698496312512,-0.8301205927100848,-1.066687255859578,2
0.5299137154093941,-0.3489763958417757,-0.3719471921190621,2
-1.0014209279006698,0.1321678010265333,-0.733802576449701,1
0.3957822138055929,-0.3489763958417757,-0.7043606870723669,2
0.183407336266241,0.6133119978948424,-0.0669195089144123,1
-0.5543159225546657,0.6133119978948424,1.9106130986856809,0
-0.6325592984902164,-0.8301205927100848,-1.0033200856090403,3
1.5247223523042532,-0.3489763958417757,0.3638715892444367,2
1.6700314790417046,-0.8301205927100848,-0.8059651898895878,2
-0.375473920416264,-0.8301205927100848,-0.8890792723655634,3
0.4293150892065432,0.1321678010265333,1.2492842964111983,1
-0.3531186701489638,1.5756003916314605,1.19505524895479,0
-0.7778684252276677,-0.8301205927100848,-0.9411380156583664,3
-0.7331579246930673,2.056744588499769,0.3406122110700052,0
-0.9231775519651192,2.056744588499769,0.8668681357937698,0
-0.6660921738911667,0.1321678010265333,0.1720709587857902,1
-0.9790656776333696,-0.3489763958417757,-0.4247769645226198,3
2.4189323629962614,-0.8301205927100848,-0.3708192050866616,2
-0.9343551770987693,3.0190329822363875,1.490016718769032,0
-0.699625049292117,0.1321678010265333,-0.3762449654956758,1
-0.8337565508959183,-0.8301205927100848,-0.9742494324702178,3
0.1051639603306903,-0.3489763958417757,-0.4456090288298605,3
-0.8896446765641687,0.6133119978948424,-0.2197403343293524,1
-0.7890460503613178,-0.8301205927100848,-0.9241896535386304,3
-0.8561118011632184,1.0944561947631517,0.4642196001774648,0
0.0380982095287896,-0.8301205927100848,-1.0391158259916673,3
-0.151921417743262,-0.3489763958417757,0.8200638131075905,1
0.5299137154093941,0.1321678010265333,-0.2373169423911848,2
-0.6772697990248168,-0.8301205927100848,2.167922646924739,0
-0.7443355498267175,2.5378887853680787,2.4521753790896117,0
-0.5096054220200653,0.1321678010265333,2.555578949831926,0
0.0939863351970402,0.1321678010265333,0.5570143814884707,1
-0.9343551770987693,-0.3489763958417757,-0.218955026901732,3
-0.8561118011632184,2.056744588499769,0.1370890824645155,0
-0.8225789257622681,0.6133119978948424,0.2512585041236636,1
2.105958859254059,-0.8301205927100848,-1.0190547907951812,2
-0.8672894262968686,-0.3489763958417757,-0.4103558644881351,3
-0.7666908000940176,-0.3489763958417757,-0.6376809473089575,3
0.3622493384046426,-0.8301205927100848,-0.907112786567102,2
-0.0625004166740612,-0.8301205927100848,-0.4515630869629101,3
2.3518666121943608,-0.3489763958417757,-0.7188960136417782,2
0.6640452170131954,0.6133119978948424,1.6713513429650273,0
0.0269205843951395,-0.3489763958417757,-0.8097917788096292,3
0.731110967815096,0.1321678010265333,-0.1830736166179102,2
-0.5096054220200653,-0.8301205927100848,-0.9322140676172248,3
-0.8561118011632184,0.6133119978948424,-0.4152390488562478,1
-0.0625004166740612,-0.8301205927100848,-0.8303525550964191,3
-0.8561118011632184,1.0944561947631517,0.4941612306451025,0
0.9770187207553982,-0.8301205927100848,-1.0169844348496364,2
-0.9343551770987693,0.6133119978948424,0.6722403985956896,1
-0.6213816733565662,0.1321678010265333,-0.3189175232793828,1
0.4181374640728931,-0.3489763958417757,1.3271582365974155,1
-0.4537172963518148,-0.8301205927100848,0.831786311254434,3
2.463642863530862,-0.8301205927100848,-0.9028007348736224,2
-0.7555131749603675,-0.3489763958417757,-0.6084246760508792,3
2.363044237328011,-0.3489763958417757,-0.6420929472204979,2
-0.9008223016978189,-0.8301205927100848,-0.9747063386099244,3
-0.8337565508959183,0.1321678010265333,-0.3459178204726605,1
-0.4760725466191149,0.1321678010265333,-0.4602014686667351,1
1.6476762287744044,-0.3489763958417757,-0.7114570105546826,2
1.6364986036407545,-0.8301205927100848,-0.9180356989694592,2
-0.7666908000940176,2.5378887853680787,1.525441222913147,0
-0.2078095434115125,0.6133119978948424,-0.5201989561369378,1
-0.8337565508959183,0.1321678010265333,-0.5598641203902036,1
-0.5654935476883158,2.5378887853680787,0.7519990766081962,0
-0.5766711728219659,0.6133119978948424,-0.2335760233723383,1
1.4241237261014024,-0.3489763958417757,-0.4493927827993045,2
1.2005712234284005,0.1321678010265333,-0.5859934402546658,2
-0.2301647936788127,-0.3489763958417757,-0.8671334993427879,3
-0.9008223016978189,-0.8301205927100848,-0.6008143331613938,3
-0.2972305444807133,-0.8301205927100848,-1.0638887057538762,3
-0.9790656776333696,-0.8301205927100848,-0.8811405281881638,3
-0.811401300628618,-0.3489763958417757,-0.6769463186899802,3
-0.8561118011632184,-0.8301205927100848,-0.7915869248057005,3
-0.9343551770987693,1.5756003916314605,2.67848670141296,0
-0.8002236754949679,-0.3489763958417757,-0.0909499161995982,3
-0.151921417743262,0.6133119978948424,0.6411707810956513,1
0.8093543437506467,-0.3489763958417757,-0.4307881359231327,2
2.407754737862611,-0.3489763958417757,-0.5614775701960419,2
1.4241237261014024,-0.8301205927100848,-0.8661768521127777,2
-0.7778684252276677,-0.3489763958417757,-0.184330108502103,3
0.2616507122017917,0.1321678010265333,-0.2243522306770143,2
0.3846045886719428,1.0944561947631517,1.8380935273241483,0
-0.6213816733565662,-0.8301205927100848,-0.78043555933349,3
-1.0125985530343198,0.1321678010265333,0.3154109818018218,1
0.7981767186169966,-0.8301205927100848,-1.1106501934894577,2
1.0440844715572988,-0.3489763958417757,-0.0551970107675687,2
-0.8449341760295683,1.0944561947631517,0.5771468082692858,0
-0.8896446765641687,0.1321678010265333,-0.0450736841096978,1
-0.9902433027670196,2.056744588499769,0.6390290335657773,0
-0.5319606722873654,-0.3489763958417757,-0.0464158458950855,3
-0.1295661674759618,-0.8301205927100848,-0.4321588543422521,3
-0.5543159225546657,-0.3489763958417757,-0.4955260245927896,3
-0.4648949214854648,0.1321678010265333,-0.3022404491800974,1
-0.8449341760295683,1.5756003916314605,1.6689383074147026,0
-0.5096054220200653,-0.3489763958417757,-0.160056969830198,3
-0.811401300628618,-0.3489763958417757,-0.0733019165534367,3
-0.2189871685451626,-0.8301205927100848,-1.0133434640488506,3
0.406959838939243,0.1321678010265333,-0.4077714891354204,2
-0.6549145487575166,-0.3489763958417757,-0.777808349030178,3
2.474820488664512,-0.8301205927100848,-0.5814243788576015,2
-0.8225789257622681,-0.3489763958417757,-0.6350251803719138,3
-0.040145166406761,-0.8301205927100848,-0.7244074439519872,3
-1.0014209279006698,2.056744588499769,2.232146516187226,0
-1.0014209279006698,-0.3489763958417757,-0.8484289042485555,3
1.815340605779156,-0.8301205927100848,-0.6026276794033536,2
0.731110967815096,0.1321678010265333,-0.8910925150436447,2
-0.6102040482229162,1.5756003916314605,2.053296319125884,0
1.4353013512350523,-0.8301205927100848,-0.3944640978164703,2
0.6305123416122451,0.1321678010265333,3.040613373764049,0
0.954663470488098,-0.3489763958417757,-0.9846440471485396,2
-0.5766711728219659,-0.3489763958417757,-0.3840552048212829,3
-1.0014209279006698,2.056744588499769,2.439738965099476,0
-1.0125985530343198,2.056744588499769,1.300600567226979,0
-0.8225789257622681,-0.3489763958417757,-0.4623146595628775,3
1.1223278474928495,0.6133119978948424,-0.4183231652992663,2
1.2564593490966507,-0.8301205927100848,-0.9692234649334468,2
0.3957822138055929,1.0944561947631517,1.323874223718276,0
-0.8561118011632184,-0.8301205927100848,-0.7053601692529747,3
-0.5431382974210156,-0.3489763958417757,-0.2187551304656105,3
0.0269205843951395,1.5756003916314605,-0.268543621376747,0
-0.7666908000940176,0.1321678010265333,-0.1066417864351413,1
-0.3531186701489638,-0.3489763958417757,-0.1924973057493555,3
-0.8449341760295683,1.0944561947631517,1.5211434495365337,0
0.742288592948746,-0.8301205927100848,-0.743254822214878,2
-0.9119999268314688,-0.3489763958417757,-0.067433528321582,3
-0.9119999268314688,-0.3489763958417757,-0.961655956994559,3
-0.8449341760295683,1.0944561947631517,1.5141613525891444,0
-0.5207830471537154,1.0944561947631517,0.4491416975671518,0
1.1111502223591994,0.1321678010265333,-0.1612991833975249,2
-0.1407437926096119,-0.8301205927100848,-0.8797412531353128,3
-0.151921417743262,-0.8301205927100848,-0.4264760842296531,3
-0.9790656776333696,0.6133119978948424,0.6355022892999183,1
-0.2972305444807133,0.1321678010265333,-0.5660894665437038,1
1.8935839817147069,-0.8301205927100848,-0.5906053366023278,2
-0.364296295282614,-0.3489763958417757,-0.6194903716218947,3
-1.0125985530343198,2.056744588499769,1.8302118964142124,0
1.748274854977255,-0.8301205927100848,-0.6224459832131207,2
-0.9343551770987693,-0.3489763958417757,-0.4468369640803216,3
-0.1742766680105622,-0.8301205927100848,-0.7685845563348541,3
2.21773511059056,-0.8301205927100848,-0.267901097117785,2
-0.8337565508959183,0.1321678010265333,0.4676035612746654,1
1.4464789763687027,-0.3489763958417757,-0.7451966733086304,2
-0.9231775519651192,0.6133119978948424,-0.1733500828322824,1
-0.9902433027670196,-0.3489763958417757,-0.3591680985241474,3
1.278814599363951,3.0190329822363875,3.121985501582394,0
0.7869990934833465,-0.3489763958417757,0.4787977616974733,2
-0.1742766680105622,-0.8301205927100848,-0.7257781623711065,3
1.9047616068483568,-0.3489763958417757,-0.2926025852956646,2
2.1171364843877085,-0.8301205927100848,-0.6042554075260579,2
-0.7443355498267175,-0.8301205927100848,-0.7168113793793675,3
-0.699625049292117,3.5001771791046967,3.0191245068809804,0
-0.2189871685451626,-0.8301205927100848,-0.424505676502169,3
0.406959838939243,-0.8301205927100848,-0.8593518166509126,2
-0.6772697990248168,0.6133119978948424,-0.2448558936963411,1
-0.8561118011632184,1.0944561947631517,-0.0651489976230498,0
2.4301099881299115,-0.8301205927100848,-0.9374684882238488,2
-0.8337565508959183,1.5756003916314605,1.4756812886357422,0
-0.4201844209508644,-0.8301205927100848,-0.3765162535161266,3
-0.6884474241584669,0.1321678010265333,-0.1246467440029486,1
-1.0014209279006698,1.0944561947631517,0.3715247670845195,0
-0.9008223016978189,0.6133119978948424,-0.2252660429564272,1
-0.9678880524997194,0.6133119978948424,0.5502750159278003,1
-0.4201844209508644,0.6133119978948424,0.1839933533687553,1
-1.0125985530343198,3.5001771791046967,2.222580043887122,0
1.0999725972255494,-0.8301205927100848,-0.733631236647311,2
-0.4201844209508644,-0.8301205927100848,-0.838348412541282,3
2.105958859254059,-0.8301205927100848,-0.9225333687821946,2
0.954663470488098,-0.8301205927100848,-1.048039774032809,2
-0.6884474241584669,-0.3489763958417757,0.1101744551724327,3
-0.7331579246930673,-0.8301205927100848,-1.0167417034629174,3
-0.7443355498267175,-0.3489763958417757,-0.3306971346936895,3
1.9941826079175573,-0.8301205927100848,-0.9134666375723948,2
-0.5431382974210156,0.1321678010265333,-0.2401440491306183,1
1.591788103106154,-0.8301205927100848,-1.009773884832394,2
-0.7555131749603675,-0.3489763958417757,-0.9447218731916888,3
1.1782159731611,0.1321678010265333,-0.7758093846689622,2
-0.3531186701489638,0.6133119978948424,0.1711999814569748,1
0.4293150892065432,-0.8301205927100848,0.9667735189039568,1
-1.0125985530343198,1.0944561947631517,1.630501078411898,0
-0.8002236754949679,-0.3489763958417757,-0.4714670606738722,3
1.278814599363951,-0.8301205927100848,-0.9318142747449818,2
-0.8672894262968686,0.1321678010265333,-0.3841551530393436,1
0.0380982095287896,0.6133119978948424,0.0634558023874487,1
-0.811401300628618,-0.8301205927100848,-0.9215053299678552,3
-0.8672894262968686,2.056744588499769,0.4453008303302447,0
-0.7555131749603675,0.1321678010265333,-0.5090190340309957,1
-0.9343551770987693,-0.3489763958417757,0.0846162679826034,1
-0.4648949214854648,0.6133119978948424,0.8783479025538942,1
-0.2301647936788127,0.6133119978948424,-0.8335080631237668,1
-0.699625049292117,0.1321678010265333,-0.6138361581430274,1
1.692386729309005,-0.8301205927100848,-0.8921919454423135,2
1.4129461009677522,-0.8301205927100848,-0.952432164299235,2
-0.9678880524997194,0.1321678010265333,-0.5163152539494329,1
1.804162980645506,0.1321678010265333,-0.8492570466267734,2
1.6141433533734542,-0.8301205927100848,-0.9070128383490412,2
-0.9455328022324192,-0.3489763958417757,0.6165264061852349,1
0.1945849613998911,0.6133119978948424,0.4371621897167236,1
0.0939863351970402,0.1321678010265333,0.6135279596434116,1
-0.3531186701489638,0.6133119978948424,2.2754812078750093,0
-1.0014209279006698,0.1321678010265333,0.9388165744806688,1
-0.2078095434115125,2.056744588499769,1.9892009547151892,0
-0.0736780418077113,-0.3489763958417757,0.2608249764237672,3
-0.8896446765641687,-0.3489763958417757,-0.6051406631717391,3
-0.7666908000940176,2.056744588499769,2.850212018358254,0
1.3682356004331515,-0.8301205927100848,1.7617473670425747,0
-0.8225789257622681,-0.8301205927100848,-0.926431349286565,3
1.6476762287744044,-0.8301205927100848,-0.9916261440959286,2
-0.151921417743262,-0.8301205927100848,-0.5936751747284804,3
1.401768475834102,-0.3489763958417757,-0.7155548874951748,2
-0.6549145487575166,-0.3489763958417757,-0.8831394925493794,3
-0.5654935476883158,1.0944561947631517,0.4215988243329727,0
-0.4313620460845145,1.5756003916314605,1.7675729203238315,0
-0.3866515455499141,-0.8301205927100848,-0.6056689608957747,3
0.4293150892065432,0.1321678010265333,-0.6866555741587421,3
0.9211305950871476,0.1321678010265333,-0.341691438680376,2
-0.9567104273660694,0.1321678010265333,0.171014363337719,1
2.463642863530862,-0.8301205927100848,-0.85118461940366,2
-0.3531186701489638,-0.8301205927100848,-1.0409862855010903,3
-0.7890460503613178,0.1321678010265333,0.8129960462590067,1
-0.6549145487575166,-0.8301205927100848,-0.4047302076429994,3
-0.8561118011632184,-0.3489763958417757,0.0470785729423458,1
-0.8225789257622681,0.6133119978948424,1.7275222415151887,0
-0.1183885423423117,-0.8301205927100848,-1.0491106477977457,3
-0.9567104273660694,2.5378887853680787,1.432989121206921,0
0.8764200945525473,-0.3489763958417757,-0.4382128606933625,2
-1.0014209279006698,0.1321678010265333,-0.4029025830841737,1
-0.6772697990248168,0.6133119978948424,0.7343796335957662,1
-0.6213816733565662,3.0190329822363875,2.2104006396005724,0
-0.811401300628618,-0.8301205927100848,-0.7495372816358418,3
-0.6772697990248168,-0.3489763958417757,-0.3761592955944807,3
2.061248358719458,-0.8301205927100848,-1.002349160062164,2
-0.0513227915404111,-0.8301205927100848,-0.2696430517754158,3
0.3175388378700422,-0.3489763958417757,-0.140238666020431,2
-1.0125985530343198,3.9813213759730055,2.9772176468797795,0
1.4241237261014024,0.1321678010265333,0.2825422963766892,2
-0.2972305444807133,-0.8301205927100848,-0.9672816138396946,3
-0.3419410450153137,0.6133119978948424,1.4092585585759176,0
0.5187360902757441,-0.8301205927100848,0.0827886434237777,2
-0.7890460503613178,-0.8301205927100848,-0.9201346115487355,3
-0.6102040482229162,0.6133119978948424,0.566923533393354,1
2.0724259838531083,-0.8301205927100848,-0.9894272832985914,2
-0.9008223016978189,2.056744588499769,2.610693252934016,0
-0.2078095434115125,1.0944561947631517,1.2339065491467036,0
-0.7331579246930673,-0.3489763958417757,-0.3071093552313443,3
0.5522689656766944,-0.8301205927100848,-0.9020439840797336,2
-0.7331579246930673,2.056744588499769,1.41698312800033,0
-0.811401300628618,-0.3489763958417757,-0.2939447470810523,3
-0.9790656776333696,-0.3489763958417757,-0.1175789771543644,3
-0.2860529193470632,1.0944561947631517,1.7776534120311054,0
-1.0125985530343198,-0.3489763958417757,-0.6607404290472672,3
1.5247223523042532,-0.8301205927100848,-0.8635639201263314,2
-0.8449341760295683,0.6133119978948424,1.0882962737490058,1
-1.0014209279006698,1.5756003916314605,1.1200798070923352,0
-0.1966319182778624,-0.3489763958417757,-0.370476525481882,3
-0.9790656776333696,1.5756003916314605,0.800545353952006,0
1.927116857115657,-0.8301205927100848,-0.7316179939692296,2
-0.4313620460845145,-0.3489763958417757,1.687128883101766,0
-0.7555131749603675,-0.8301205927100848,-0.8939767350505418,3
-0.9119999268314688,1.5756003916314605,2.375657879005647,0
-0.5319606722873654,-0.8301205927100848,-0.8154317139716306,3
0.3957822138055929,0.6133119978948424,-0.0993312881998383,1
0.5075584651420939,-0.8301205927100848,-0.8710314798471587,2
0.5634465908103444,-0.8301205927100848,-0.7530211909511033,2
0.4516703394738434,-0.3489763958417757,-0.0644921950472217,2
-0.5990264230892661,2.5378887853680787,2.1063402662824293,0
1.6141433533734542,-0.8301205927100848,-0.6733053478891945,2
1.8935839817147069,-0.8301205927100848,-0.9360263782204004,2
-0.8337565508959183,0.6133119978948424,2.461770408023446,0
1.804162980645506,-0.8301205927100848,-0.5605066446491658,2
-0.6884474241584669,0.6133119978948424,1.447624395994393,0
-0.6325592984902164,0.1321678010265333,-0.0168026167153615,1
0.8652424694188972,-0.3489763958417757,0.1066334325897078,2
-0.9902433027670196,3.0190329822363875,1.446410739060798,0
1.0440844715572988,-0.3489763958417757,-0.9396673490211864,2
1.077617346958249,-0.3489763958417757,-0.781277980028574,2
0.8764200945525473,-0.8301205927100848,-0.9610134327355968,2
-0.9008223016978189,-0.3489763958417757,-0.6074109155534055,3
-0.5207830471537154,-0.8301205927100848,-0.4106414308254517,3
2.5642414897337127,-0.8301205927100848,-0.9388106500092368,2
1.2229264736957004,-0.8301205927100848,-0.6912246355558066,2
1.5694328528388537,-0.8301205927100848,-0.9583005525310896,2
-0.7331579246930673,0.6133119978948424,0.5503321291952639,1
0.0492758346624397,0.6133119978948424,2.303852223487406,0
-0.2301647936788127,0.1321678010265333,0.3176812341834881,1
-0.8561118011632184,-0.8301205927100848,0.3565896476428651,3
-0.9790656776333696,0.1321678010265333,2.949189310872163,0
-0.1407437926096119,0.6133119978948424,0.6133994547916188,1
-0.587848797955616,-0.3489763958417757,-0.1689380829207419,3
-0.4201844209508644,0.1321678010265333,-0.1568871834859845,1
-0.9231775519651192,0.1321678010265333,-0.6183481062726286,1
-0.9231775519651192,-0.3489763958417757,-0.9170504951057172,3
-0.811401300628618,0.6133119978948424,1.525698232616732,0
-0.8896446765641687,2.056744588499769,2.828309080286076,0
0.2392954619344915,-0.3489763958417757,-0.6502315878340189,3
-0.9790656776333696,1.5756003916314605,2.1587274108631465,0
1.6588538539080546,-0.8301205927100848,-0.9998504546106446,2
0.2392954619344915,-0.8301205927100848,-1.0553217156343804,2
0.965841095621748,-0.3489763958417757,-0.1941678688226573,2
-0.9678880524997194,3.0190329822363875,1.2849658102588988,0
-1.0125985530343198,1.0944561947631517,1.219571119013414,0
-0.8337565508959183,0.1321678010265333,0.0134959716739221,1
-0.7778684252276677,-0.3489763958417757,-0.746638783312079,3
-0.6549145487575166,-0.8301205927100848,-0.1395390284940055,3
1.915939231982007,-0.8301205927100848,-1.1358514227576413,2
-0.4537172963518148,-0.3489763958417757,-0.054197528586961,3
0.7534662180823962,0.1321678010265333,-0.6323551351180042,2
-0.8561118011632184,-0.8301205927100848,-0.7700409446551684,3
-0.9343551770987693,0.1321678010265333,1.815333890240021,0
1.2005712234284005,1.0944561947631517,0.475128234262956,2
-0.3866515455499141,-0.3489763958417757,-0.8062935911775018,3
-0.9008223016978189,-0.3489763958417757,-0.9096114920186216,3
0.0604534597960898,0.6133119978948424,0.575733254899569,1
1.826518230912806,-0.8301205927100848,-1.07673919093312,2
-0.7443355498267175,0.1321678010265333,-0.2326622110929254,1
-0.7890460503613178,0.1321678010265333,-0.2287213956379571,1
0.7534662180823962,-0.3489763958417757,-0.8888079843451125,2
-0.2189871685451626,-0.3489763958417757,-0.7525214498607994,3
-0.4313620460845145,-0.8301205927100848,-0.9688807853286672,3
-0.0736780418077113,-0.3489763958417757,-0.7762520124918029,3
0.6864004672804955,0.6133119978948424,1.4378723055750338,0
-0.1966319182778624,-0.3489763958417757,0.4389041443743545,3
2.1171364843877085,-0.8301205927100848,-0.8347217200573621,2
-0.6884474241584669,-0.8301205927100848,-1.0057759561099626,3
-0.7443355498267175,-0.8301205927100848,-0.7284339293081503,3
0.9881963458890484,-0.3489763958417757,-0.6677653609452538,2
-0.5766711728219659,0.6133119978948424,-0.172065034314358,1
-0.7778684252276677,0.1321678010265333,-0.0429462148966898,1
-0.6102040482229162,3.0190329822363875,0.5378671585713973,0
-0.1072109172086616,0.1321678010265333,0.6775519324697771,1
-0.1966319182778624,-0.8301205927100848,-0.4257764467032277,3
-0.9008223016978189,-0.8301205927100848,-0.3776156839147952,3
-0.8784670514305186,0.6133119978948424,-0.1580580054689824,1
-0.8672894262968686,1.0944561947631517,1.2672892539790055,0
-0.6102040482229162,0.6133119978948424,-1.1050673715949195,1
-0.9790656776333696,0.1321678010265333,-0.6037271098020223,1
-0.4537172963518148,-0.8301205927100848,-0.7312039227801206,3
-0.9678880524997194,1.0944561947631517,1.6803038476399006,0
-0.7666908000940176,0.6133119978948424,1.4415132763758194,0
2.3183337367934107,-0.8301205927100848,0.1124161509203675,2
-1.0014209279006698,0.1321678010265333,-0.5879924046158816,1
-0.6549145487575166,-0.8301205927100848,-1.1067236563513554,3
-0.4648949214854648,-0.8301205927100848,-0.9354266889120358,3
-0.9902433027670196,0.1321678010265333,-0.6686077816403375,1
-0.4984277968864152,-0.8301205927100848,-0.999907567878108,3
-0.5543159225546657,2.5378887853680787,1.043348132255384,0
-0.7219802995594172,1.0944561947631517,2.727575554797671,0
-0.5543159225546657,-0.8301205927100848,-0.7030042469701134,3
2.363044237328011,-0.8301205927100848,-0.8638780430973796,2
0.1722297111325909,-0.8301205927100848,-1.08364989629618,2
-0.0736780418077113,-0.8301205927100848,1.745655703934788,1
-0.1183885423423117,3.0190329822363875,0.1294930178918958,0
1.4129461009677522,0.6133119978948424,-0.2922884623246163,2
-0.8896446765641687,-0.3489763958417757,-0.9940106230125216,3
1.0440844715572988,-0.3489763958417757,-0.7128420072906678,2
-1.0014209279006698,0.6133119978948424,0.8674392684684026,1
2.3853994875953117,-0.8301205927100848,-0.9546310250965724,2
-0.9902433027670196,2.5378887853680787,1.838150640591612,0
2.597774365134663,-0.8301205927100848,-0.6847993929661848,2
-0.8784670514305186,0.1321678010265333,-0.365036486756002,1
0.5746242159439946,-0.8301205927100848,-0.686584182574413,2
-0.6884474241584669,1.5756003916314605,0.4959745768870627,0
0.1722297111325909,1.0944561947631517,-0.5458999264954253,1
1.2676369742303009,-0.8301205927100848,-0.934669938118147,2
-0.1295661674759618,1.0944561947631517,1.4827347771674606,0
1.0440844715572988,1.5756003916314605,-0.1814030535446084,2
0.8764200945525473,-0.8301205927100848,-0.8180018110074794,2
-0.5319606722873654,-0.8301205927100848,-0.6154781645825974,3
0.9211305950871476,-0.8301205927100848,-0.9023723853676476,2
2.374221862461661,-0.8301205927100848,-0.9668675426505856,2
-0.9902433027670196,0.6133119978948424,-0.2087031953920685,1
-0.9790656776333696,0.6133119978948424,-0.1648259276633841,1
-0.8896446765641687,-0.8301205927100848,-0.9340416921760506,3
-0.6660921738911667,0.1321678010265333,0.0839166304561779,1
0.4181374640728931,-0.8301205927100848,-0.9982798397554036,2
-0.7890460503613178,2.5378887853680787,-0.1349414104632093,0
1.3458803501658516,-0.3489763958417757,-0.8697464313292342,2
2.586596740001013,-0.3489763958417757,-0.3192887595178942,2
0.7869990934833465,-0.8301205927100848,-0.8661911304296435,2
-0.3978291706835642,0.1321678010265333,-0.8087351833615579,1
1.491189476903303,-0.8301205927100848,-1.004191062937856,2
-0.2189871685451626,2.5378887853680787,0.440417645962132,0
-0.5319606722873654,-0.8301205927100848,-1.0209823635720676,3
-0.7666908000940176,-0.8301205927100848,-0.7912870801515182,3
0.9099529699534976,0.1321678010265333,-0.3836554119490396,2
-0.0736780418077113,-0.3489763958417757,-0.9401528117946244,3
0.7534662180823962,-0.8301205927100848,-0.9365975108950336,2
1.0999725972255494,-0.3489763958417757,-0.9970661828218084,2
-0.699625049292117,-0.8301205927100848,-0.9996648364913888,3
-0.7890460503613178,-0.8301205927100848,-0.898731414566862,3
-0.2301647936788127,0.6133119978948424,-0.0164456587937159,1
1.7370972298436054,-0.8301205927100848,-1.0531799681045062,2
-0.9231775519651192,-0.8301205927100848,-0.63435409947922,3
2.4412876132635617,1.0944561947631517,-0.714555405314567,2
-0.364296295282614,-0.3489763958417757,-0.5737854793343843,3
-0.9790656776333696,-0.8301205927100848,-0.686998253763522,3
-0.5207830471537154,0.1321678010265333,-0.6789024481005984,1
-0.040145166406761,-0.8301205927100848,0.7046807345148473,3
-0.3084081696143634,0.6133119978948424,0.0138814862292994,1
2.1283141095213587,-0.8301205927100848,-0.8609938230904827,2
-0.8896446765641687,2.056744588499769,3.072682473444696,0
0.4628479646074935,-0.3489763958417757,-0.5900056472939631,2
-0.5207830471537154,-0.3489763958417757,-0.8537975513901063,3
-0.9008223016978189,0.6133119978948424,0.0463932137327861,1
-0.6213816733565662,1.0944561947631517,1.3278435958069754,0
0.4740255897411436,-0.3489763958417757,-0.5741995505234933,2
-0.699625049292117,0.1321678010265333,0.7439889408464674,1
-0.4425396712181647,-0.3489763958417757,-0.1517184327805553,3
0.5187360902757441,-0.3489763958417757,-0.9491053164694976,2
-0.9678880524997194,-0.8301205927100848,-0.6145072390357212,3
0.7646438432160463,-0.8301205927100848,-1.0157136646485778,2
0.4404927143401933,-0.8301205927100848,-0.7224084795907715,2
-0.9343551770987693,-0.8301205927100848,-1.046611942346226,3
1.580610477972504,-0.3489763958417757,-0.9436938343773494,2
-0.6102040482229162,-0.8301205927100848,-0.9049995956709596,3
0.619334716478595,-0.8301205927100848,-0.6453055685153087,2
-0.2189871685451626,0.1321678010265333,-0.468768458786231,1
-0.5766711728219659,0.1321678010265333,0.2827564711296768,1
1.2005712234284005,0.6133119978948424,-0.3615382991238747,2
1.7594524801109055,-0.8301205927100848,-1.1390640440524522,2
-0.2860529193470632,-0.8301205927100848,-0.9978086552988312,3
0.2840059624690919,-0.8301205927100848,-0.4312735986965709,2
0.8875977196861974,-0.8301205927100848,-1.0519234762203136,2
0.5634465908103444,-0.8301205927100848,-1.0110446550334526,2
-0.6660921738911667,-0.3489763958417757,-0.4958829825144354,3
-0.5990264230892661,1.0944561947631517,0.4111042614365904,0
0.8317095940179469,-0.3489763958417757,-0.831437707178222,2
1.3347027250322014,-0.8301205927100848,-0.3536995031645359,2
1.6812091041753547,-0.8301205927100848,-0.9642403323472736,2
-0.4425396712181647,-0.8301205927100848,-0.6760325064105672,3
-0.7443355498267175,0.1321678010265333,-0.1520896690190668,1
-0.699625049292117,-0.8301205927100848,-0.7458534758844585,3
-0.6213816733565662,0.6133119978948424,-0.1115106924863882,1
0.8317095940179469,0.1321678010265333,0.0013451240211038,2
0.5969794662112947,-0.8301205927100848,-0.939267556148943,2
-0.7778684252276677,-0.8301205927100848,-0.2558073627324299,3
-0.3978291706835642,-0.8301205927100848,-1.127569998975462,3
1.0440844715572988,-0.8301205927100848,-0.8737443600516658,2
-0.8896446765641687,2.056744588499769,-0.8701033892508799,0
1.6253209785071043,0.1321678010265333,-0.256535556892587,2
1.491189476903303,-0.3489763958417757,-1.0239808101138912,2
0.3398940881373424,0.6133119978948424,-0.1936395710986218,1
2.1283141095213587,-0.8301205927100848,-1.0486109067074418,2
-0.1966319182778624,2.5378887853680787,1.6447936735945905,0
-0.6102040482229162,-0.3489763958417757,-0.6141360027972098,3
-0.8896446765641687,-0.3489763958417757,-0.5645331300053288,3
-0.9790656776333696,-0.3489763958417757,-0.8339078559960099,3
-0.7666908000940176,-0.8301205927100848,-0.5223407036668117,3
-0.2413424188124628,3.0190329822363875,1.86429423877294,0
1.602965728239804,-0.8301205927100848,-0.8040376171127012,2
1.8488734811801064,-0.8301205927100848,-0.9076839192417352,2
0.7087557175477958,-0.3489763958417757,-0.8898503014763179,2
-0.7108026744257671,-0.8301205927100848,-0.9256460418589448,3
-0.9790656776333696,-0.8301205927100848,-0.9858862607158664,3
-0.6660921738911667,1.0944561947631517,0.9525808719393256,0
-0.1183885423423117,0.1321678010265333,-0.4105129259736592,1
0.183407336266241,-0.3489763958417757,-0.9828735358571772,3
-0.4425396712181647,-0.8301205927100848,-1.1023687697072782,3
-0.6213816733565662,-0.8301205927100848,-0.2824078670534645,3
0.6864004672804955,-0.3489763958417757,-0.6007286632601988,2
0.08280871006339,-0.8301205927100848,-0.9926256262765364,3
-0.9790656776333696,-0.3489763958417757,-0.8279395195460946,3
-0.2972305444807133,-0.8301205927100848,-1.0233097292211977,3
-0.7778684252276677,-0.3489763958417757,-0.5594643275179604,3
-0.6213816733565662,0.1321678010265333,-0.1379541353218987,1
-0.6660921738911667,0.1321678010265333,-0.5816813885611863,1
0.6975780924141457,1.5756003916314605,-1.0572921233618644,2
-0.811401300628618,-0.3489763958417757,-0.6472474196090612,3
-0.4201844209508644,-0.8301205927100848,-0.921605278185916,3
-0.7443355498267175,0.1321678010265333,-0.4015318646650544,1
-0.9790656776333696,3.5001771791046967,1.8249003625401248,0
-0.5207830471537154,-0.8301205927100848,-0.9026293950712324,3
1.2452817239630007,-0.3489763958417757,-0.9112677767750575,2
-0.2301647936788127,-0.8301205927100848,-0.7288908354478567,3
2.1953798603232597,-0.8301205927100848,-0.6380379052306032,2
-0.9119999268314688,-0.8301205927100848,-0.9143090582674784,3
-0.7666908000940176,0.1321678010265333,-0.7196955993862645,1
-0.7778684252276677,3.5001771791046967,1.868891856803736,0
0.9099529699534976,0.1321678010265333,-0.1284876112398558,2
0.4628479646074935,-0.3489763958417757,0.0049860948218895,2
-0.1854542931442123,-0.8301205927100848,-0.7032184217231008,3
-0.5766711728219659,-0.8301205927100848,-0.5913763657130825,3
2.206557485456909,-0.8301205927100848,-1.0120584155309262,2
-0.7331579246930673,1.0944561947631517,1.7115876398929264,0
1.8600511063137564,-0.3489763958417757,-0.5104611440344441,2
1.055262096690949,-0.8301205927100848,-0.8039662255283719,2
-0.7666908000940176,3.5001771791046967,2.5718705093758336,0
-0.9343551770987693,3.9813213759730055,2.532833591064664,0
1.401768475834102,-0.3489763958417757,-0.6773318332453575,2
-0.811401300628618,-0.3489763958417757,0.6011058239701424,1
-0.6213816733565662,0.1321678010265333,-0.6668801052995725,1
-0.7331579246930673,-0.8301205927100848,-0.185143972563455,3
-0.8449341760295683,-0.8301205927100848,-1.0280786870543834,3
2.038893108452158,-0.8301205927100848,-1.012572434938096,2
-0.3419410450153137,-0.8301205927100848,-0.9202060031330648,3
0.0157429592614894,0.6133119978948424,1.8504871063636856,0
-0.1072109172086616,2.056744588499769,3.1509276498694248,0
2.474820488664512,-0.3489763958417757,-0.3290551282541194,2
-0.8896446765641687,0.1321678010265333,0.0550458737534768,1
-0.9343551770987693,1.5756003916314605,2.6441901843012445,0
0.3957822138055929,-0.8301205927100848,-0.9169505468876564,2
-0.9008223016978189,-0.3489763958417757,-0.8397191309604014,3
-0.6102040482229162,-0.8301205927100848,-0.0797699940936561,3
-0.5990264230892661,-0.8301205927100848,-0.9952385582629828,3
1.815340605779156,-0.8301205927100848,-0.770326510992485,2
-0.8002236754949679,-0.8301205927100848,-0.8734159587637518,3
-0.8896446765641687,-0.3489763958417757,-0.653686940515549,3
2.21773511059056,-0.8301205927100848,-0.8430031438395413,2
-0.263697669079763,2.5378887853680787,0.8461360197045898,0
-0.7331579246930673,-0.8301205927100848,-0.70657382618657,3
1.3682356004331515,-0.8301205927100848,-0.9985654060927204,2
0.6416899667458952,-0.3489763958417757,-0.224466457211941,2
-0.9343551770987693,1.5756003916314605,1.4029189858874906,0
-0.7555131749603675,-0.3489763958417757,-0.3370652640158482,3
-0.6884474241584669,0.6133119978948424,0.4586796132335239,1
-0.3419410450153137,-0.8301205927100848,-0.8703889555881964,3
-0.811401300628618,0.1321678010265333,-0.6616970762772776,1
1.692386729309005,-0.8301205927100848,-0.9965664417315044,2
-0.8561118011632184,0.1321678010265333,0.3553617123924041,1
1.3458803501658516,-0.8301205927100848,0.1727563179953498,2
-0.699625049292117,1.0944561947631517,-0.1836161926588115,0
-0.3195857947480136,0.1321678010265333,-0.0373776713190173,1
2.27362323625881,-0.8301205927100848,-0.9393103910995406,2
0.731110967815096,-0.3489763958417757,0.298434063048354,2
0.2840059624690919,-0.3489763958417757,0.270791241596114,3
-0.8784670514305186,0.6133119978948424,2.9285428646841782,0
0.5522689656766944,-0.3489763958417757,-0.9283160871128542,2
-0.5096054220200653,-0.3489763958417757,-0.90120156338465,3
-0.4537172963518148,0.1321678010265333,-0.2833216793328776,1
-0.6660921738911667,0.1321678010265333,-0.3482880210723876,1
0.4852032148747937,-0.3489763958417757,-0.2243950656276118,2
-0.9902433027670196,-0.3489763958417757,-0.5872927670894561,3
-0.1854542931442123,0.1321678010265333,-0.6266580866885395,3
-0.8784670514305186,-0.3489763958417757,-0.1925686973336847,3
-0.9231775519651192,-0.3489763958417757,-0.5098900113598112,3
2.3406889870607106,-0.8301205927100848,-0.4003039294145933,2
-0.3866515455499141,-0.3489763958417757,-0.2462266121154603,3
-0.8561118011632184,1.0944561947631517,1.1539479746980756,0
-0.6102040482229162,-0.8301205927100848,-0.586635964513628,3
0.954663470488098,-0.8301205927100848,-0.7254069261325949,2
-0.7666908000940176,0.1321678010265333,0.8200780914244566,1
0.943485845354448,1.5756003916314605,0.4990729716469468,2
-0.3419410450153137,-0.8301205927100848,-0.8679188067704086,3
-0.6549145487575166,0.1321678010265333,0.2424487826174486,1
-0.364296295282614,1.0944561947631517,0.6008345359496917,0
-0.0513227915404111,0.6133119978948424,1.850944012503392,0
-0.9455328022324192,-0.8301205927100848,-1.0087744026517862,3
-0.6772697990248168,1.5756003916314605,0.7572677755316862,0
0.4181374640728931,0.6133119978948424,1.1141400272761517,1
-0.9231775519651192,1.5756003916314605,1.403076047373015,0
-0.9678880524997194,1.5756003916314605,1.475295774080365,0
-0.7555131749603675,-0.8301205927100848,-0.6334688438335387,3
1.5135447271706033,-0.3489763958417757,-0.2547793239180904,2
-0.8561118011632184,-0.8301205927100848,-1.0861628800645653,3
1.7594524801109055,-0.8301205927100848,-0.7228511074136121,2
-0.8561118011632184,0.1321678010265333,1.6998794200629486,0
-0.151921417743262,-0.3489763958417757,0.3994103199234785,3
1.1223278474928495,-0.3489763958417757,-0.7511078964910826,2
1.9047616068483568,-0.8301205927100848,-0.860565473584508,2
-0.2189871685451626,-0.8301205927100848,0.2105510227391925,3
0.8205319688842968,-0.8301205927100848,-0.8092206461349961,2
-0.1072109172086616,-0.8301205927100848,0.2332107116052588,3
0.0380982095287896,-0.3489763958417757,-0.1768768270981415,3
0.1610520859989408,-0.8301205927100848,-0.9425944039786808,2
1.2117488485620505,0.1321678010265333,0.8373976897827039,1
0.731110967815096,-0.8301205927100848,-0.9282161388947934,2
-0.2301647936788127,0.1321678010265333,1.6631984240346405,0
-0.6213816733565662,-0.3489763958417757,-0.4185658966859853,3
-0.699625049292117,-0.8301205927100848,-0.9586575104527354,3
-1.0014209279006698,1.5756003916314605,2.585620528517625,0
-0.7331579246930673,1.0944561947631517,-0.3004699378887349,0
2.620129615401963,-0.8301205927100848,-0.8487573055364696,2
1.6253209785071043,-0.8301205927100848,-0.8253265875596483,2
-0.0289675412731109,-0.8301205927100848,-0.7298617609947329,3
-0.6772697990248168,-0.8301205927100848,-0.4694109830451932,3
-0.699625049292117,-0.3489763958417757,-0.2695145469236233,3
1.3347027250322014,-0.3489763958417757,-0.2407151818052515,2
-0.9902433027670196,3.5001771791046967,1.7980142918817736,0
1.5135447271706033,-0.8301205927100848,-0.7213804407764319,2
-0.7778684252276677,1.0944561947631517,0.3299748650049645,0
0.0157429592614894,-0.8301205927100848,-0.5247394609002706,3
1.927116857115657,-0.8301205927100848,-0.93031505147407,2
1.4129461009677522,-0.8301205927100848,-1.0234096774392585,2
-0.3866515455499141,-0.3489763958417757,-0.0437029656905785,3
-0.9231775519651192,2.056744588499769,2.8552237075781592,0
1.1223278474928495,1.0944561947631517,1.8008699552549388,0
-0.1072109172086616,0.6133119978948424,-0.3106075428634717,1
2.620129615401963,-0.8301205927100848,-0.5290229559600185,2
-0.2189871685451626,0.1321678010265333,1.4078021702556034,1
-0.6884474241584669,1.5756003916314605,0.102421329114289,0
-0.9902433027670196,1.0944561947631517,0.2521437597693449,0
1.4241237261014024,1.0944561947631517,1.0724473420279386,0
-0.5096054220200653,-0.8301205927100848,-0.5538957839402882,3
-0.2189871685451626,0.6133119978948424,2.030351063922501,0
-0.9455328022324192,2.056744588499769,2.508060711302456,0
-0.7555131749603675,-0.3489763958417757,-0.3061384296844681,3
0.3510717132709925,-0.3489763958417757,-0.0092636654102052,2
-0.8337565508959183,-0.8301205927100848,-1.0211394250575918,3
2.4412876132635617,-0.8301205927100848,-0.6585701248836616,2
-0.4537172963518148,-0.3489763958417757,-0.4172665698511951,3
-0.0289675412731109,-0.8301205927100848,-1.009773884832394,3
-0.587848797955616,2.5378887853680787,2.1804732874498,0
-0.7443355498267175,0.1321678010265333,2.1818582841857856,0
0.9099529699534976,1.5756003916314605,2.5955725153731053,0
-0.5431382974210156,-0.3489763958417757,-0.6943087519988251,3
0.5410913405430443,-0.8301205927100848,-0.9438366175460076,2
-0.7331579246930673,0.1321678010265333,0.5749193908382166,1
-0.2189871685451626,-0.3489763958417757,-0.0128475229435276,3
0.4740255897411436,-0.8301205927100848,-1.1208591900485234,2
-0.5990264230892661,-0.3489763958417757,-0.7529783560005059,3
-1.0014209279006698,0.1321678010265333,-0.865991233993522,1
-0.6884474241584669,-0.8301205927100848,-0.9060847477527626,3
-0.5319606722873654,-0.8301205927100848,-0.6777173478007348,3
-0.375473920416264,-0.8301205927100848,-0.9996648364913888,3
-0.1966319182778624,-0.8301205927100848,-0.9089689677596596,3
2.0836036089867584,-0.8301205927100848,-0.8994024954595558,2
0.9993739710226984,-0.8301205927100848,-1.0418715411467718,2
-0.9343551770987693,-0.3489763958417757,-0.9030434662603416,3
-0.5431382974210156,0.1321678010265333,1.4660577030681752,1
