PC1,PC2,PC3,PC4,PC5,PC6,PC7,PC8,PC9,PC10,target
9.192836826213242,1.9485830707786143,-1.1231661649251443,-3.6337308974191376,1.1951101242170623,1.4114244518030488,2.159369867770199,-0.39840723004088424,-0.15711835944336877,-0.8774018798938613,0
2.387801795802216,-3.7681717420675644,-0.5292926867404226,-1.1182638623273586,-0.621774980205279,0.028656354525270464,0.013358093546660956,0.2409884585252629,-0.7119048160296836,1.1069949438631757,0
5.733896279731704,-1.0751737966209132,-0.5517475931812105,-0.9120826710188211,0.1770858984316313,0.5414521472561709,-0.6681664837396039,0.09737373820709179,0.02406564282556081,0.45427539975510206,0
7.122953197708881,10.2755891218128,-3.232789547975105,-0.15254703016112958,2.960878401828491,3.0534218246170792,1.4299106992325814,1.059565241132601,-1.4054396667379545,-1.1169752748852784,0
3.935302073678098,-1.9480715678001708,1.3897667263118845,-2.940639346699833,-0.5467474017693358,-1.2264946427264003,-0.9362125458835693,0.6363760610799981,-0.263805463899629,0.3777044681310579,0
2.380247150345935,3.949928895550162,-2.9348767932958175,-0.9410368715107553,1.0560419315215392,-0.45103865197505666,0.4904451157185952,-0.16544387692292378,-0.1334730993382661,-0.5304312173874985,0
2.238883308052405,-2.6900312772980617,-1.6399129289299446,-0.14933988773219747,-0.04035951797864276,-0.1289484343695861,-0.3015674457450682,0.08369819031124479,-0.08002457152881148,0.2191433519473224,0
2.1432985003775453,2.340244006949544,-0.8719472621970088,0.12704285731454892,1.4274366729137118,-1.2570391922409274,0.9740998490315574,-0.6533382619527822,0.24818364707282736,1.0005861248381684,0
3.1749242930837327,3.391812951846842,-3.1199859103786487,0.6012970531658851,1.522290391920387,0.5595447276551316,-0.21510369959346595,-0.6873411939753594,0.5119238979503712,0.029187464384095807,0
6.351746789526093,7.7271740668648405,-4.341915813265785,3.375201579943473,-1.7102631424409265,-0.7239087403159065,2.519839824474651,0.36514888941475016,-0.7173966873313773,-1.1656307898671743,0
-0.8104137708452945,-2.659275497686959,-0.48882979387459535,1.6725665641372591,-0.27581156913956933,0.12733183873981807,0.6250123175381549,0.16574954673946032,-0.30138055797782587,0.37623537269416185,0
2.6511004772423985,0.06656792656644844,-1.5264552984284543,-0.05126156174295192,-0.33195111557128604,0.764866637704749,0.6660924496743926,0.6195450657489706,-0.40094081585296326,-0.33106917007339043,0
8.18503445814795,2.7009764926129693,5.730230807404685,1.1122565548373566,-1.0434704479700319,2.594571243125389,0.9414973501780433,-3.321783999742782,-0.7477883706292339,0.39594615268424704,0
0.3421259139901532,-0.9682792608579343,1.7171715837733288,0.5950029515744039,-0.46801050991251997,1.0076601120936781,-1.7990811518798415,1.1066573531075035,0.2676251566901169,0.4395816155473098,0
4.342379194647855,4.861083312492754,-2.8161155387334187,1.4545570349674557,-1.2900628482845637,-0.3497162379130108,0.7428804951154853,-0.28092617390808405,-0.6751038033714236,-0.11565698692065668,0
4.075656175346033,2.9770611803676803,-3.125274148896747,2.458070856747963,0.4083421223931714,0.49577797892530434,0.9150568590202572,0.3025236677276762,0.4569401360469151,0.44715746065121287,0
0.23005501571000428,-1.5647577252734424,-0.8025191537880157,0.6505829141841277,0.4947110498794907,-0.7621910180301391,-0.08684701919719105,0.029508982461588944,0.5032261712626075,-0.4996724092314781,0
4.418010915982992,1.4186703334195132,-2.2703190300830136,0.18627241456690227,1.4238611922717384,-0.7524893109854605,0.44198484979110136,-0.41376974421982193,0.01867309899889793,0.3566300246728357,0
4.948703550565109,-4.114333524964808,-0.3147491107333595,0.08820651787104489,0.056715175790362414,-1.1376888534383145,-0.25128286196934774,0.7421519448059628,0.4104471542506481,-0.5713271092185136,0
-1.2370633569552283,-0.1882149537564755,-0.593283497775503,-1.5963460972617451,0.442154234408723,-0.048636781110700335,-1.2016874481712023,0.4036257110579101,0.40530042887107487,0.005925576685250913,1
-1.578161234812173,0.5728081925090137,-1.8014467053426635,-1.125275726780622,0.39526973340748217,0.43084125271406715,0.33848365971527034,-0.861959436843904,-0.18720117416460497,0.36092385164458135,1
-3.5573363735500108,1.6629499036242439,0.45118744720163756,-2.073764683191486,0.4907464991318234,-0.7700683482173344,-0.19103873699687715,-0.2444620589370916,0.546896212513571,0.007636657937484,1
4.733210788209763,3.304963728293768,-1.4665366905115746,-2.0411500839765164,0.02622012214808245,3.0230438600355503,-1.0071797496347699,0.1046367123283449,0.16851144551634745,-0.24562069098385603,0
4.208524209049894,-5.128366513937129,-0.7524020249978418,0.862710269452548,0.4709679157410503,-0.5958404334797726,-0.07482841270461008,0.18025270884186353,-0.3641261193204843,0.691544752056944,0
4.9496320739837385,-1.543752288133413,-1.713193931721899,-0.04675916638472848,1.7392301992461738,-0.8128796202763113,0.8003053281361636,0.4199090636424576,0.8116791252269071,0.021478396554240494,0
7.098562854912054,2.018610337108628,-0.029009635418768682,-2.5879506036805413,2.039339917808486,1.1842014785027408,0.601853505473663,-1.3074116550254866,1.1010107049832532,2.286275649052095,0
3.510262603971833,2.1716251156448343,-3.894546414458301,1.2957596791007018,0.06821804219720805,0.7873573356314555,0.28991897587265925,-0.49597758628396543,0.11319038135337793,0.2954409700502397,0
3.064053886063116,-1.8765523476875159,2.58174770114134,-0.1284844155021032,0.11666512663456508,-0.9075950598840885,-0.6458347560279866,0.34047380961027907,-0.043912283085634024,-0.39654435612313754,0
4.007264143655832,0.5372421605295611,-2.761625634549507,1.898387507112246,0.5256728952674222,0.19284876992607414,0.16113021702033054,0.3788345380098528,0.3572885533113588,-0.5696368112360473,0
1.7153097265431405,-1.5237050229684264,0.1461870936979299,-1.9113864109761196,-0.5361232437205089,0.03625982379077366,0.18403037761060048,-0.21890224048546006,-0.3816686268622577,-0.036529189456080226,0
6.059445513505043,-0.7571774508791149,-0.3492393995162636,1.0642175341348248,0.7461052508461198,0.24208034711180873,0.46197675501386515,-0.29207051441243337,0.2847425371307723,0.11832188712956729,0
2.902236104999781,4.005295512374857,-3.0014624576442004,0.3253163795450793,0.8553558362463998,1.2346794017488458,1.9780884430085428,0.2026318043380137,0.5646450504114725,-0.22996854552277207,0
4.554782688815774,0.3375361539050538,-0.7543008027122897,0.7003299807221148,1.5485453357926704,-0.19100756711943925,-0.8895841127080103,-0.2440567190819507,0.44290837995424653,0.14349988627545432,0
4.990602722476016,-1.132588905692079,-2.577384169221545,1.2172617831435708,-0.6699148757044614,0.26747897857173225,1.0326168593628322,1.142731858904847,-0.5667916562022153,0.24491446978446263,0
2.985340788970855,0.7584232425067488,-3.493761718410144,-0.05426029028961342,-0.16709995161443703,1.001786520212844,0.7707720248202231,0.2103241350305816,-0.5856470099045269,-0.07479597634392299,0
2.766369157777753,-0.35435594247278196,-1.896962997461468,0.5342558740827169,0.8840204421825556,2.01103566124884,-0.7205951332345053,1.4126341120187396,0.19696222454575013,-0.7437565953286419,0
1.296198765020819,0.9131962762388735,-1.5757686737497714,1.043166639629118,-0.4147217156772665,0.568595013379268,-0.14272090079137614,0.4886276043808557,0.39123804238302495,-0.3827849629153877,0
-3.749313395938485,-1.413473117642519,1.7323077927931219,0.565442548854601,-0.08033942716600517,0.29026892094390794,-0.8050396064224764,-1.7088436201624204,-0.8924491198743033,-1.0885817200388197,1
-0.9980689008800906,-3.3512929231738102,4.305573840158024,0.561209616275137,0.4643728010084557,-1.494456385407701,1.2802547745841089,-1.4995679567751896,2.102381021403759,0.01150260528819886,0
0.7652641153962604,0.8862439528803252,-2.704918312763384,0.27477974977207686,-0.8104294442657234,-1.0373508562035834,-0.1777244034394818,0.19825784331704513,0.4315329271962918,-0.43897363351475044,0
-2.1509534707304185,-1.92399161583622,-1.1804841584142833,1.1131980271037332,-0.4484717380841738,0.9291124825252534,0.04187255489649659,-0.04864264307531578,0.6671610623452774,0.39063484640020335,0
-0.09333138656721261,2.260752006193167,-1.9047264819066558,1.4423071234931717,1.7053639599794803,-2.122638445593666,-0.4969786515968028,-0.4844533361956433,0.9133158058650771,-0.43070213238092786,0
9.087999677261315,2.0186730993370188,2.141226290644298,1.0692440225424367,-0.7979314288465841,4.311093719883478,0.43416547669300726,1.3882376865001096,-0.352827930947885,-0.9348001457910885,0
0.9904537655030491,0.9849300203816986,-2.310733656042392,0.2768255074628584,0.6405109848034005,0.2427816940548316,0.6137734900190511,-0.06786892178365807,0.2827611462022037,0.1519598868140853,0
-0.2935465509280982,-0.1370990908209641,-3.3019319207789186,1.0097858647198075,0.022510881810639677,0.11014620004847712,0.23360423402000813,0.17502686699961165,0.5449203071170349,-0.20691784430092558,0
5.380940406937093,-0.1348769776851686,-1.6788425626741073,-1.507694909584286,-0.15199820704762668,0.42390481235850463,-0.7881745339687394,0.7907864967265711,0.11155511222889786,-1.0560606729253104,0
-4.581936672186453,1.484220317772354,0.04207461161204729,-0.29622912941152746,0.7138525125300137,0.5759267601744825,0.22320193522419193,0.8683331497539772,0.32854739526579424,-0.14579979752777592,1
1.7000068868371667,2.352271793659258,-3.0780890942518453,0.0660209527602171,1.0564664087496047,-0.28210962807113116,-0.16062044690759228,0.01896006407075275,0.592330526986972,-0.10542647927525842,0
-2.1364452772841003,0.0958296094879294,-1.4924118891214935,-1.1210632056051313,0.06803722858499095,-0.693491730482469,0.1973340196572634,-0.04007942266623285,0.41981024139417394,-0.6174335904402249,1
-1.5674789972081589,-1.2084332137934004,-0.36915910575910016,1.4756288221072758,-0.17275043757654449,0.5452839168251568,-0.684479032053119,-0.5563520421478015,0.6062363594070955,0.1989644300627275,1
-3.5429055574637487,-1.2824955784727397,1.0182109359875755,0.6081562387040456,0.21963592240094643,0.2662478828606639,0.45403709642147666,0.12396047159015995,0.2596094150517873,-0.4347251280120708,1
-3.1578140501813765,-1.6889585955389237,-0.4962937182328997,-0.19401210290028137,-1.4399175504094437,-0.2565387373391118,0.44533540160339347,-0.057930833637802465,-0.49250949608950095,-0.24123877912397174,1
-3.4504885435159123,-0.4982187141501258,-0.15251795711357874,-0.5754864186421971,0.05231488099961862,0.6298908854626564,0.06082708951156938,0.5113227846148085,0.413987450436536,0.8237731245174115,1
3.302550951378985,-1.1309378049443046,0.826392599046584,-0.982717012133001,1.1952630043010355,0.7078496853622049,0.6485099598121976,-1.5391147679181585,-0.6148311114859397,0.0886866450610881,0
-0.6746192855718288,-2.1164097168639997,-1.396219748545838,1.043138680321093,-0.24181680158687086,-0.6566550554732498,-0.21545318376423242,0.2076984882835709,0.5057830173404346,0.10859728639044451,0
-2.8581584400465365,0.1527231362364732,0.42893494025200507,-0.48306031856739395,1.510536607767032,1.2788638869578552,-0.3929083280462903,0.7460726809799036,0.30141888617180085,0.07522713671281415,1
4.6487388724366845,-2.3103325702515614,-0.7288088562146743,-0.6399416903912487,1.158324487110695,-0.17859183391871655,-0.18550657315704439,0.30950515108220383,0.012545384048294216,-0.11297466873854155,0
2.176862882229086,0.9721160460019878,-1.943888333728982,0.7373182874545566,0.3957838216927944,0.46233408360544104,0.5366816459463093,-0.9520153244469656,0.07344447408968041,0.1943525747910569,0
-3.721458992832201,-1.7876416504638886,1.2799328199219817,-0.11556576513186133,0.5262823235110586,0.7057399314932605,0.4878069862322231,0.29798587478926397,-0.12737374006974406,0.7369116569196158,1
-4.13596294378987,2.403792485458971,-1.2429584053324523,-2.0483464666829976,1.1656524013418494,-0.9010594210799553,0.40683033163464705,1.2261400496004824,0.34591363740355446,-0.46466937929057567,1
-2.385835663134458,2.757658129726399,1.214085631272807,-1.7944891410105348,3.3381580350958355,2.5407836917151596,0.7464375539101469,-0.9107417856084954,0.2624297667440102,1.319038672152536,1
-2.578883251968505,3.1386719227438524,1.4002801852226392,0.7638665290019475,2.7840954721507716,-0.815735611919394,-0.39625815239976925,0.23093799835034,0.1030474597698717,-0.9281020053613092,1
4.759112153866087,3.011680506375225,-0.1662407217006602,0.6058278290099667,-1.1417013648878118,-1.220067087848501,0.8200239853470591,0.3310333326972755,0.528654328075864,-0.48595733938723995,0
-2.3141322493715,3.2679896792372234,2.79622424501847,-0.5657264357766885,0.38183408865031043,2.9582835184817564,0.21056495655639837,-0.6279791519811758,-0.2323249015063981,0.04140213303361027,1
1.691607923168994,1.5406765571043692,-1.7998452353903787,1.3905895681950151,1.2126749858135792,-1.2432108526222057,-0.005788546736055055,0.38604567678305435,0.8020776689796482,-0.18190703064992256,0
1.8123054050069214,0.7227401911782764,-1.4662495705857024,1.1987300424802916,1.4280415889691738,-0.7280624721898985,-0.531426488598675,-0.47481067397202836,0.00394246928457699,0.1730403793945887,0
-2.7859247566664447,2.3106487123078048,0.47272530276493263,1.6071602853041815,1.612858157196672,-1.1895734718481665,0.16952712831419664,0.029850702249683725,-0.11124370395545922,-0.27155183590657117,1
-3.518648339647648,-0.658309469260713,0.5913749606899389,0.010802686059443949,-0.020589099113727277,-0.40570974758309164,-0.5269920401142194,1.0830240856122226,0.42780215502746904,-0.3915772180200871,1
4.330002649084517,9.202525685734637,1.4929628318845711,-0.3199472953019578,-4.728170550062223,2.215764311986066,-2.5810600634667655,1.2991530050100153,3.78411857314815,-2.7381583685334427,1
-3.2612794727723995,-0.9378381203565235,0.20513001264545938,-1.0900715280605269,0.46034995514490773,-0.4343290557600431,-0.8500759135994834,0.33516458763270274,-0.004983072166613053,-0.3107150108366607,1
2.704596172630348,-4.437141769618718,0.3073453854274195,-0.48869284958238707,-0.3724950414149498,-0.2918005008338106,0.283492554045962,0.0862643965024,0.32715480722707124,0.03334618933427197,0
-0.30785577047692125,7.387812177121234,3.819085980462636,-2.1335558201906206,-2.7107027154198073,-1.6397583322628244,2.4283614650902274,1.3182676444252726,-1.885125674534456,3.1926392754366293,1
5.503705315293615,0.938325415099718,-2.210131648116606,1.523796030363482,-0.9248915309277935,-0.5400615928428639,1.563864946822349,0.5941848599318356,-0.6730996784097008,0.06118199409930132,0
-0.3617091926935922,0.11973908634706465,-2.0409557912378853,-1.0588839799185226,-0.7571093758029729,-0.9204476313794421,0.6977859267267493,-0.39338232241350124,-0.3582204569388666,-0.14754816206663196,0
-2.629976638563177,-0.6973093686124087,-0.5839416361535541,-0.33818159859125724,-0.46754544208263515,0.034868955867677846,0.12012450433850894,-0.46037671467760893,0.31497182251544,-0.015553757906861018,1
1.4281675928953435,-1.9671014119007755,1.1119388562486554,-0.7529108842722673,0.5398817284085545,-0.9955632498580315,-0.9089201042621585,1.101328941003216,1.24587285101955,0.09273684206928556,0
-0.8345178814910345,1.965604864339628,0.7904325392243235,-3.437631194746377,2.354550899184933,-0.6131015511949504,-0.7763539232732375,-0.2470552352876196,-0.7735117512119994,1.5180245903841691,1
6.230896511902651,0.9200695426759794,0.08982730993826213,-2.5391587715346993,-0.06213585118068401,0.6834713831491117,1.3998060624151416,0.7198740235136393,-0.0967498601705891,0.5090166635008403,0
11.668714648329653,4.748617202409893,2.005879043213535,-0.3190490252272744,3.391360972999409,4.880799012111569,-1.1554937649669121,0.4835025520587154,-1.1714215693644283,-1.324880844579902,0
-2.021577658435545,-0.25489983397091376,-0.6478720102946519,-0.059251305590860705,0.0548478655672479,-0.07241379892930101,0.05370270441677744,-0.3561796722590409,0.04887555952779753,-0.10784393741352533,1
-1.6383849373649786,1.7159491138762537,0.43420625935944773,1.5279662308528812,1.7693816513950031,-1.503190962597125,0.1436877447054779,-0.48668671887169074,-0.12248575854518566,-0.03906358521789969,1
1.1674616110726201,2.514515850005453,-1.9057187542205625,-0.6383115257183779,-0.23618112736341118,0.13813368055393918,-0.3266792486100574,-0.15205340779610668,-0.22706438825755818,-0.5040585708529707,1
10.76924281927434,-2.2579828981058947,0.038835789331885036,0.3893855447260213,-1.1872885524098853,-2.1881603475539415,0.03560200948201913,-0.5475606576191284,-1.6493091882605986,0.39652322687395064,0
5.034811085482776,0.7744091563670897,2.682338021663017,1.666504129448602,0.3116195927340504,-1.4225484832138413,-0.04325569622995554,-2.0145385457340916,-2.9693386606016086,0.022260781498469502,0
-2.174464309546206,0.49687798482025974,-0.9490918106995563,-0.20721922236898763,0.8853460634179929,0.8830402291064383,-0.2553122810861197,-0.23019653129672732,0.4240219072881872,0.14790171094521157,1
3.2882353847186025,-1.6682370620503844,0.14693184564797598,-0.4374930106680431,1.3685699313512154,0.9680275798064764,-0.15380533972527524,-0.1922942125209309,-0.0835243394546987,0.4430415404397143,0
0.6076079451777677,0.16221452495228117,1.6373748701509643,1.1145116403760806,0.5407952323073358,0.5678595246523218,-1.6627841462848723,-0.3495575847037623,0.5720267647348325,-0.1211626480424854,0
3.5835636260636536,-2.2066618391548696,-1.7045355935218303,0.801293876774308,-0.3653220808690582,1.561464068949058,-0.19854261364203943,0.6435915067691558,0.18400348301694247,0.4627780118343706,0
-0.9341581043944093,0.9277014809302205,-0.040163653577488106,1.3533988833242627,-0.06494213874353266,0.2238992598109835,0.07698028199261905,-0.14890781268111233,0.26248301505986954,0.4559675000422568,1
1.2596046473494293,1.015577070251342,-0.08059284619342465,-2.0513348678345724,-0.13752035846783814,0.843041019522053,-0.17380790979328048,-0.6145515484776873,0.2835033622844882,0.3990531674943627,1
-1.5882639721786027,-1.6196568284204407,0.30999920850445595,1.0919988878803841,-0.053774097331643,0.32580458559106423,0.2998140901615858,-0.12886534378036316,-0.24652161353721244,0.5215268842781895,1
0.2524975675268146,-0.531351547244927,0.5893278268567609,0.11053834181990495,-0.428681150757886,-0.19963462414842836,-1.7271129777191156,0.7867500498212043,0.11684868028678765,0.14425363706543903,0
-2.8474315866960715,-2.893647598433101,0.5279888427871573,-0.5988167319352442,-1.435696958413602,-0.2923671582968799,0.09586501295390229,-0.41409003145758627,0.3908671247203386,-0.5904797103549208,1
-1.964950112937924,-0.9651569880786814,-0.08120810697433196,0.09408073768064754,0.5500239296297408,-0.32139640749072307,-0.5682538818835753,-0.3960667456323151,0.058158696969518864,-0.4916808167120255,1
2.7758655690025664,0.5580005267658671,-0.6057712485730896,-0.49983000956853035,-0.49990567822684084,-1.0676465883262536,-1.0430722855912002,0.28381378354139364,0.6384610603457194,-0.2972335720531671,0
4.396227954702614,-2.1235077121568926,0.5795100081447124,0.7774134007046705,0.30383406664651164,1.785125138787679,0.00042480329326220284,0.2927642136900897,-0.580881219585908,0.49960404211202675,0
-2.5920828278053167,0.21363392991247684,1.0356115166431181,-0.6620054452508275,0.5407643597169486,-0.09693818737578742,-0.02254481426334971,-1.5977042726003183,0.1795867070237304,0.41032368900170585,1
-3.9043381501528778,1.1900666337939914,1.551981185114413,0.9357754813392428,0.7081204027123293,-2.3540037689092737,1.116765948733645,-0.1485829236350178,-0.907412688546592,-0.3167871644723695,1
-2.818231213142344,0.36788398127761257,-1.3514356319292729,-1.7384149224929417,-0.2843214781212261,-0.4312826484942825,0.484923439170852,0.29095036843021094,0.057343587314655865,-0.3828434153381546,1
0.6162808698250991,0.6389116690076543,-0.19991887351576243,1.0974987710490283,-0.11868973407105175,-0.8539389876438835,-0.5065156956129493,-0.634982189631684,-0.2373503361589915,0.13941275414916776,0
-0.43286022081654885,-1.3920442987733128,-0.08271948210071803,1.9352799098833071,0.034460534698518494,-0.5963271388556004,0.002967492754207902,-0.06265704108693697,0.7984258943947429,-0.2097200558612413,0
-4.55502884044815,3.528786017879091,-0.21526395877850749,-1.091885693636482,2.7583489877260488,-0.9004926367735919,1.4128942192000669,-0.3246197916327933,-0.5059897785160403,-0.1900213113287983,1
-3.4481835412175106,-1.424622455711257,-0.0887240042535386,1.710727778689653,0.10661671241468341,0.3432393035851119,-0.2380066766866558,-0.5137971599368962,0.45517466923538474,0.15301050865647092,1
-2.115960264030478,1.849373605019612,-0.5566739791307626,0.46435637588458256,0.47491434347179384,-0.9919191792813606,-0.5089250330560646,0.051861939949791956,0.8866840347539007,0.16746382001723775,1
-2.69135220496213,1.4200617399417943,0.9691507729571698,0.0028595244641918746,1.2565183792996069,0.9415787073802694,0.15793872470978182,-0.592958701019637,0.4783431934926315,0.6489310262084064,1
3.2139167651773763,4.046756222649355,-2.7153844565069374,-1.3286253416639524,0.2216731968158501,-2.204794776768144,0.5194749494651978,-0.9203005547104369,0.024795802080546357,-0.5971861011562803,0
-0.7492713563495628,1.7976385171322922,-0.5683658058122265,0.560498983323237,0.9330960251622157,-1.610187050602252,-0.4983499539590885,-0.4532433242605189,0.5275658447309468,-0.4596273848202455,1
-3.159006037414682,-1.0357494268216718,-1.490684162109507,0.5931683778982202,-0.514085851151932,0.35991588697361787,0.12324114892602102,-0.26379260305689783,0.2898714729529503,-0.1760555844066692,1
13.05612185866344,0.9815132263977548,0.5988126755228704,-1.4729309720870642,0.5999130658167838,1.0217591840545555,-0.09549146834936026,-0.7686185499434118,0.6275691255038721,-1.0988728634116298,0
-2.2286798134422194,0.6674106363804407,-1.0915603405196956,1.0783017194701787,0.29912911958647753,-1.4408755697058722,0.2117557206272016,1.389296708811859,0.4489066703120501,-0.6295675854413108,1
-2.492831035611607,2.598686267995718,1.6697255617274953,-0.6334860009846768,1.1567474934936757,-1.0964081818717766,0.2038970797722499,1.220037549268955,-0.5709833856527562,-0.7433188944175434,1
-0.10335042641398826,2.2801435368568264,2.1095627900316303,0.3518459921968135,-0.6224819782982218,-1.4599863401145785,-1.0410339228216994,-0.12053753028852653,-0.2273629066663437,0.336458044006327,1
3.591294118690597,3.926333155212092,2.047006729297727,0.2317663345466978,-5.465263817670829,0.8338569492876923,0.41153633008938006,-0.9711571815942597,-0.535774975399444,-0.24864338963766056,1
-1.3489486828722497,3.556225100465865,1.7321912772437582,0.04699074438486158,0.3452510023962606,-1.2628874147380522,0.10585563191858384,-0.7143258726866858,-0.41067460430276626,0.6963482319829157,1
-2.510117675558594,3.251319503501502,-1.68762439327405,-1.1899614108981298,0.45558704878264344,-1.7079419736443489,0.5124384167147826,0.3377633231753116,0.6794561324474482,-0.49147616482355244,1
-2.046029572451856,0.30488486674437637,-0.5338387058877787,0.4898417502636873,0.06791210851248254,-1.3389297824175437,0.45991157874615934,0.48893894044445,0.3544123949947858,0.44183306484208684,1
-2.0970691694487207,3.667095883545262,3.6322004791971563,-1.53978685342087,-2.236529855318524,-2.2957057986056753,-0.9194047750622273,1.8997566435828086,0.1543768105714298,-0.44507775055959165,1
3.110527693352181,1.5693895561962343,-2.613936125540946,-0.6184677316573264,1.1817793061676551,-0.7682309909986186,-0.20697779598237107,-0.20981377756718103,0.2848148606811438,-0.033473923001915026,0
4.9567255700022965,2.3848462187167114,-1.9351070932502132,0.6108412325743312,0.14820972802977703,-1.493805957753414,0.42680716164789034,0.27577015273862704,0.35788804617992087,0.09652686730514358,0
0.8510142626646725,-2.3067353675280104,0.5674619180759491,0.04362524903032358,2.0940465193724656,4.979535809975616,-0.9926414219086803,1.0451246425447838,-0.48386350559076974,-0.3710424361644319,0
-2.965999206622572,0.3715064822522384,-2.0665331595935634,-2.0725062990632046,-0.1630376815772031,-0.4383858234928002,0.056984250531827936,0.4640552677280299,0.24594685883135806,-0.4933461342387716,1
3.3341331980203504,-1.3255573541236576,0.7280136640548089,-1.0031987131103497,0.933706942983506,-0.5801239703979902,-0.2507703093983914,-0.3620479334812979,-0.24209918884021123,0.14041069906179798,0
12.894612133968955,2.3166224643942464,6.328697007293912,-1.9422039911119389,3.160227633822702,-0.9470534253398066,-1.2968792235309985,0.792758450546905,-1.6964632949573089,-0.0777215133169691,0
-0.7707436775320118,-0.06410921999256745,-1.1344087971271664,-2.5104631044068864,-0.020237027361378532,0.1808526835666772,-0.5034842132439408,-1.295856618800672,-0.09160700535855526,-0.3637012601512343,1
-2.2025155237824063,-0.7356052301956377,0.267080098492752,0.037619519531107364,-2.9340365313042973,-0.2474677650878543,-0.19145534977677783,0.0707605715521661,-0.19816270197368085,-0.47316010805642766,1
-3.143412245602706,-1.8774090266692647,-0.6703690408220194,-0.3033319228672676,-0.40806940507315015,-0.22712007153117256,0.3216273012655487,-0.2702005589116343,-0.17126612424010865,0.2948975114574492,1
-0.6388804999703288,-0.9113660287979894,-2.142724162788016,2.14091565792166,0.4291397507803999,0.14888223524973698,-0.041630437736619785,0.2722704844400829,0.7725853734941368,-0.05890211108845299,0
1.9191334226485002,-3.5380823683878644,1.254924527688575,-0.3359990800203533,-0.5890689654575734,1.4685278835668,-0.14472332603680949,-0.17225651849659138,0.25372038465278096,0.24508481292123632,0
1.408868363392815,1.3049294063552908,0.6414287693802252,-1.8869563709798234,0.036251997496472274,-0.534297177490634,-1.2663727915760896,-0.7221436019785878,-0.3858150559414302,0.5939551005708382,1
4.643691316587363,-1.4820171693910271,-1.170680553352201,1.218605525140761,-0.1780725578395345,0.6786615369879552,-0.7409594187891286,-0.6345776932504048,-0.1961363103500902,0.7622735153608217,0
-1.877467363614053,1.4232306440378044,-1.0708121946781806,-1.7093329684294758,0.8845491055129464,0.6546274198801121,0.31473568283399533,0.22283515415729352,-0.6836929321557802,-0.00687319313312865,1
1.4320694267974396,-1.0496039490885922,-1.26201132123907,-0.5331890568743362,0.6266966038486567,-0.7859161717518534,-0.6215554471197429,-0.21494368597943264,0.6695952241420752,0.13106034872640765,0
1.3526270253942856,-1.1541414717290006,-1.2097932663596207,0.8281065029160675,0.9868073423291541,0.6869748901103508,-0.3135077237223178,-0.525371228328576,0.3341537109346736,0.7125909451717569,0
-0.7091148317236304,-1.5682323235088824,-0.6699940901235689,-1.6872639560002618,-0.3393148094266911,0.24635850471974224,-0.8395510703749127,-0.5256820829281682,-0.23263411660444921,0.24161425327031527,1
2.171416018303969,-2.8262607261237482,-0.5621074925927834,0.6608316240937238,0.4749701326167768,-0.38444652571027316,-0.13889336062838137,0.40098242475833,0.015782195481147586,-0.14212810906591952,0
-1.9768403553186402,-0.4193874469184839,-0.380575169098525,1.7394602091059426,0.3086381631696119,-0.7122804202728873,-0.31736122732568645,0.4234263655311853,0.29634623746008193,-0.16623775014014897,0
-2.600789504020874,-0.4823354674943226,1.8723727100951406,0.4380183189768399,-0.016082782992235495,-2.0410093791718027,-0.004721140163101419,-1.7469036514638812,0.05406077512711073,-1.3417990509875777,1
-3.258007359468893,-0.4183214056953898,-0.6918056278932838,-0.6598536095115344,-0.12156622777593591,0.06728870805052621,-0.43906899768655105,-0.6249777295633857,0.43216972549030835,-0.1859303470058105,1
3.782026455580271,0.8603815975237663,3.671000689360393,-2.04782017653304,2.1837900872224405,1.4742366547955976,-0.5633489331649919,0.5559082983633206,1.4343771627756292,-1.8923020900978575,0
-1.9920347221454218,1.3293551725054653,1.1352445446341102,-2.046433208125589,0.2521277795741538,-1.7570828297804533,-1.3958721384676958,-0.6184858611051179,0.19402449461469903,0.0783961493478756,1
-5.015008689975809,0.5746999790548187,-0.8424381482480059,-2.169662677543142,0.8820022060122493,0.9319354929785794,1.1334910480765468,0.26485721518884664,-0.04782095108332121,0.422975551635959,1
1.3450204377376287,-1.2747709560422433,0.5558435473492913,-0.574871523767626,0.47084924546678825,-0.17410010929496164,0.562346526471176,-0.2973086526689401,0.16277990875173567,0.026178841546304184,0
-2.4559688106880464,0.8984552923634701,0.3531334800273739,0.3679915880552094,1.1042868287513858,-0.7788873286567173,0.16926035444740029,-0.9777862924351625,-0.5083083270034381,-0.6645773352349957,1
-1.8372816695174305,-0.09102676545715431,-1.4452808651437814,-0.6725485426076991,0.13619892064837238,1.0742421416030012,0.09905527259976933,0.3731513581879973,-0.07121727262924998,-0.2545027751901225,1
-4.346489712228621,-0.8935722661901379,0.6392560329081918,-0.4256269112037603,-0.956442350351641,-0.09919844644382907,0.3470500402954104,0.1475720223045127,-0.015476628975939098,-0.7727052025848744,1
-0.7328129161437646,3.702182382795105,0.6585050181232331,-2.236127459323456,0.33646743312051824,-0.3825376926293614,1.3619835958353517,0.37165958733441545,-1.2072521106285583,1.1895822608232318,1
2.399997843154184,4.837988819756902,-1.0281570383139214,-0.3429168412642016,2.3918727434229603,5.13422779838442,-0.7879231819687601,-0.09760757097301426,-0.08626854515120533,-0.6390844886364279,0
0.3930986639316585,1.0830680630279432,2.2476055057836244,0.46185859871502266,-1.6916285443391303,1.5552200403670378,0.6737491991624908,-0.3199437600747342,-1.4190934915138496,0.05653429635689781,1
-0.4123278127956224,-0.38963131709829946,-1.0457704065390474,-1.3662456908817078,-0.8635071255110167,-0.3523601124836088,-0.8862288013848094,-0.3729315491594608,0.23425857321416474,-0.21657123879182041,1
-3.0499249404514663,-2.2377845222719017,-0.46945298213280223,-0.18277472930063965,-1.5758460410549309,0.40880152806270786,0.4899902970273237,-0.22392298727605278,-0.05326863615779505,-0.13094398781428004,1
-1.4425637316070983,0.30587044946826314,0.5515478510418768,-0.3560740409418117,2.70291903574557,1.4997077010502722,-0.8312799878702916,-0.8061963448194365,1.0339908723456614,1.200586623202161,1
0.08318610261277555,7.150359800006223,-0.060009971500318594,1.8030818028808215,-0.738112614274769,-0.564220464470003,1.6258067764047073,0.6078764887694815,-0.2831216934636175,0.7000363128363143,1
7.093306714189308,12.573194228678512,7.358708081714828,-1.2253415528672558,-7.490433692443624,0.8147305400938804,-1.6810501323919838,-1.6141823999397598,3.688006414900873,1.0746534872719755,1
-3.743404542996176,0.2505015267671547,-0.09738325219214675,-1.9321470877970737,1.0435915483616223,0.15421784327842544,-0.5852945590528467,0.49218260475850684,0.21330421472176225,-0.0635757080724037,1
-0.9691728143623515,0.944944302349056,-0.8908112598417609,-1.0965323077207423,0.6135024327695714,0.9708910524553683,-0.4279959593988845,1.2773113850465245,-0.12194255817634128,-0.4270074879873973,1
-2.418719908122959,0.005552412982823684,-0.7983803838211416,0.07089207074919568,0.07730987851343575,0.8655064689551627,0.10702089905513254,-0.1093364434460451,0.4539296537709956,0.49135340971754055,1
4.100787726595184,-0.37880382017235154,1.4463175319906312,-0.7023685667078148,-0.0006649933044962185,-1.0360963832283645,-0.3177209866657211,-0.4207225457126373,0.21369186034982263,0.28723078259128526,0
-0.751603005535434,-3.070648658484425,1.4491816782802405,0.953425873770576,-0.8919287394900215,1.297236614445045,-0.22158745380183995,-1.2383086467780244,-0.004757764453904845,0.07689156275682005,1
-3.654646528253545,-0.67464874185002,-0.9069859870885174,-1.5111613105521227,-0.2938121005874658,-0.41395189054400783,0.14207172096851636,-0.12181056569645243,-0.08403383245325687,-0.14852412598783352,1
-4.680211576012842,-1.1038572475926964,-0.25730817768521985,-1.2464757144387342,-0.4146183764828376,0.15341613823832884,0.9062285740763178,0.6239965262377571,-0.04496402438540673,-0.3464943982599893,1
-0.5977817666137694,1.7856508751060602,1.4817359679259419,0.17787223750950235,1.589226550350066,0.5892961364911677,-0.03491877979450813,0.015432805678478748,0.18638779019591367,-0.25750355883468173,1
3.3873307646410926,-2.9110371071738337,3.007237753455436,-2.828287832953818,-0.5083464504919104,0.5893891572452099,-0.8318227353625193,1.018566459329653,0.5236232563344693,-0.09124072957698318,0
6.149886189966098,-2.017652754781073,-1.5661437179981845,-0.9716460653781622,0.336369921697611,0.34372463488699073,-0.07077556046960407,-0.6422621357827002,-0.013657630861950865,-0.3987193565403437,0
-1.325031347042662,1.4692940245331338,0.8484213778199136,1.142766466620027,0.047821743911672134,-1.8916327568084996,0.02906719287277937,0.41824937099346476,-0.630050008553699,0.05782027090038203,1
5.494152797674739,-4.165829305476931,-0.6012607661380439,-0.14969969842276845,-0.6255664479534739,1.0430387994519303,-0.07048465672624583,0.8329180693698699,-1.0893835792081816,0.7428566583941923,0
-2.9974032071314896,-2.738861051859812,-0.16118378030219835,0.4131697989044575,-0.40554613623225527,0.7240925466557429,-0.42274534530565905,-0.13851984882741744,-0.4556942997189774,-0.05074092442079436,1
-4.386732721106603,0.006872281278995933,-0.9481082366197802,-2.7980057796107727,-0.44573087612586576,-1.6880824567157222,0.28236369121311294,0.37264383477687313,-0.11054582992179021,-0.6649410109104393,1
1.2136346121479042,-2.0390389573793266,0.9806961768258484,-0.23896611516224836,-0.08576867319319241,0.6266564059614669,-0.35194033335222996,-0.2575633349958375,0.09814920988241985,0.31002870717560294,0
5.069661081475339,-1.7851523342604951,1.1736470683779545,0.6937328315182302,-0.6486555598393976,-1.9783923737096687,1.5988723504125855,-0.4794269117867175,0.6595119693616079,-0.599372158669447,0
-1.9777014396332302,-1.8427794206398052,-0.2773597599864817,-0.5497499042781347,0.20689629580462313,-0.2838644661864805,-0.5541367415952959,-0.9135957093934713,-0.22369354183925583,0.3788166514682971,1
-2.514876418889988,0.11425229888415088,-0.49662277152014167,-2.3543471201062274,0.6893749475418707,-0.04425895689708662,-1.048425847936805,-0.02629732826291688,0.5061766086310517,0.3350091449062843,1
-0.9474878917479529,-1.6847535464245216,-0.3511863419930448,0.5772107412622978,0.341542133885028,-0.42263863784192945,0.035773474793385836,0.35304741044083326,0.8088417383656449,-0.48068472978875143,0
2.8193683434660475,1.2651031321636563,-2.1531442403089742,-2.7084590421811052,0.04004445970836231,-0.5662738273205973,-0.26748339652362035,-1.0654141579014451,-0.09332764440548567,-0.6390860821448114,0
-3.4839862980200045,1.6196919825568967,2.675469389233913,-1.253613805933932,0.5989814171772173,-1.3438766173960444,-1.027429900416008,0.4433241681539478,-1.2901017440951643,-0.23482824938032038,1
-4.65872957796613,-0.2229148150325779,1.5593586618863067,-0.5110923193881103,1.8969408351181263,1.3473176354204262,0.2725682956367053,-0.1645506671017019,-0.6699075550111451,-0.5375475757826607,1
-5.351618114936627,1.026757858605362,0.32498592444975904,-1.3686824278788743,0.918661369256607,0.22103697067635864,1.1251522142545927,0.6379674524445821,-0.42502579225222387,0.05780268671718154,1
1.1708977789054418,7.014486578698094,4.271861991969339,0.3326398262715092,-2.909444778927625,-0.38914759377797337,0.714196616634161,0.5025607753231411,-1.2499836837879095,0.1512162478298736,1
2.9563018671442363,0.7064218520962685,-1.0423354420286703,0.5221495724139598,-1.4136356074554406,-0.2689430689045721,-0.9953716539669994,-0.21772890999816782,-0.23135462272656915,-0.47144241137424486,0
-4.975702062159758,-3.386204867391142,0.4398384094372629,1.5775699793648639,-1.0337957308929153,0.9267815828625329,0.4523863423595196,0.0918146806540442,-0.17949672120634047,0.10223436698300857,1
-4.064025658740143,-1.2461661741984245,0.574477836629454,-1.7053930700308952,-0.6158644594296516,-1.5091337669649214,0.33329385741121675,-0.07764448567967064,-0.3965947841214903,0.2637048823278764,1
9.512669844166355,-5.603484192726065,-0.6372394031041421,-0.22422119834736653,0.406543529167748,-0.8366143008453637,-0.7146623738334119,-0.8026289105114535,-2.161742058951652,0.02912520968339693,0
9.007165526292281,0.5810310772838655,-3.1347151984640975,0.8622695939651747,-0.04572204465198853,0.7257742372316667,0.845890498839265,-0.5915396873480425,-1.015621624332329,1.2026547623357384,0
0.7588784847610699,-1.6085325756435813,-1.5150957144878,1.076060025509588,0.04923462960955705,0.09433166387936784,-0.06081196976250811,0.36557640961788285,-0.12069437858483656,-0.4115671895426531,0
-2.659359615353289,0.539935800897076,1.7070147054728046,-1.2017513145843535,-2.354741847740066,-1.0044058013297024,-0.26689008528308317,0.08946058934257314,-0.08502721327312718,-1.192514772133552,1
-0.3900189810589209,-0.989242352928784,-2.5851692408804343,0.7845271944038065,-0.7343112538276708,0.18373765113009566,0.6915823217504877,0.2148291846811712,-0.09687015992241751,0.4609436438561253,0
-3.889065527186773,0.816071710775008,1.015717266048559,-0.824918459094035,2.133572776748702,-0.7937243971541651,0.43744360813203575,1.9019515959506283,-0.31563358284508136,-0.10422429108528636,1
0.3648761518407575,-3.574461225928527,-2.2239785331340753,-0.2231680375148576,-0.7785309681381297,0.5102303521833575,-0.5627929560710759,0.2354389087607319,-0.32562235315354593,0.12468065252617426,0
-2.8358909181565206,-0.39872969401219216,-0.34744508858821366,-0.8132475206656096,0.039280688594381684,-0.63552260345407,-0.5978512299553091,0.1608231694075074,0.5411887030990398,-0.5136384915890932,1
-3.310283620739628,0.1557411949852032,0.5414789422238114,0.512483909545324,1.7878791217949679,0.6958502976361495,-0.910687478053579,-0.019856033840411964,-0.5342738885355092,-0.963396375076338,1
-3.3573044025551817,-1.1037324235664452,0.15208980466694264,-0.8281880279498993,-0.7342592404217178,0.6926263936945051,-0.18774931024178093,0.3168901681826486,0.06372778487145012,-0.24325102706199733,1
6.523116620292802,8.01116961159875,-0.326423697391917,2.7717985232772087,-1.5989318471341987,3.672119346401594,0.46719961245657576,1.322505923704027,-1.9463766034001508,-0.9469148297397059,0
-1.7177351761078499,-0.5431655272763867,3.2983752533289667,0.0873307458230577,-0.08417355063056567,1.0050589254734146,1.000710426967684,-0.9962445920446149,0.23253049568247988,-0.11899341744069396,1
-5.565735898981082,-0.4778475788072558,4.127462746023786,2.3524907602589256,1.0524610094264928,2.093502232873517,1.1673873343947274,-3.9531630716428037,-2.0611563151303627,-2.672010808515928,1
1.7796614892323588,2.776587169677411,-0.9427628490848563,3.074352196947389,0.6951330976313361,-1.2013657403702833,0.628840362687813,0.45790313200825594,0.2524064510821864,0.022233679077515865,0
2.611484893160505,1.561421709149273,-0.21818695365474863,0.4927752647848856,-1.1043873825128552,0.005818592859332029,-0.8639182944225121,0.2050069138721976,-0.3568765776150164,-0.41159517903787296,0
-2.819038509611936,-0.9701105669674901,-0.382591438550404,-0.4637906008298256,-0.551786843966105,1.2084608474885576,-0.3662600227258991,0.11381674699718886,0.33022367578283734,0.19803686937065076,1
2.4984388777239834,2.2784828520976146,1.319478575321854,1.1808385540706772,1.8997302529764846,-1.7001027310460375,-0.9038390326697181,0.4473730620936539,0.340039613409489,-0.7983117155407373,0
1.2770271752993325,-2.4432589642737836,2.4663169862406824,0.1298905616866624,-2.155306123959859,1.2180658216584948,-0.0181779646611526,0.17860350657366883,-0.12499424194178681,0.5858858579722873,0
3.4731973428500704,-2.2778489100427817,-1.2386840655711484,1.113140968824949,-1.009259023106541,0.3217732253341768,0.1681319611905618,0.6692837911737237,-0.892766801956035,0.30396402826485747,0
1.2566751119853181,0.3823932643718838,-3.8383203827020482,0.7169201291303919,0.6511561498936294,1.2192628435313655,0.021968597816370287,0.5415906690708189,0.3377122457602794,-0.15903631016284298,0
-1.4734313692163155,0.11689025652657298,-0.2146678644387292,0.49080885478851516,0.7138418009047616,-0.541187514025213,-0.1669314709046179,-0.2918997797743277,0.5978810312969218,0.6563206123510595,1
1.6494606959340614,-2.1022910706395814,-0.9752715916388884,-0.18804368374522681,-0.916826171171214,-0.3297002005076773,-0.7278906602801629,0.6217186584301214,-0.44750131261769394,-0.450544089976096,0
9.036589480305237,-0.655172825090219,0.22128007692196744,0.7647306172828972,-0.5648966396011218,-0.3322329605618827,-2.67060048413363,-0.261164371738945,-0.46295972317527323,0.4352666464273052,0
4.554590064788045,3.0866391558881197,-2.270404306355476,2.1911191780702715,3.461355241978769,-1.1797144964321615,0.013080738128262924,-0.15797742880522458,0.5332229240911944,-0.27995821879539173,0
-0.7811899668984476,0.6528492587504985,-0.6436569974437176,-0.21446824394068367,0.43767990422825065,-0.16048948550055814,0.18723510852163655,-0.06818966424052783,0.5337580440982602,0.18956175099748124,1
-0.22309260678401296,-0.7018214902322878,-2.270762039737366,-0.9986314980200989,-0.6464879185335244,0.04292906275826652,0.34118042624272177,1.099644479986565,-0.2806930848250288,-0.25283917781755766,0
-3.454895386095839,1.3069387228364113,-0.029264517645476416,-0.3305037547614659,1.8619115943801392,-0.32834034552039393,-0.44262818541902227,-0.03601947276155071,0.2867088358631516,0.14396824775516853,1
0.4465443964174077,-2.7877077407683055,0.44438226991796276,-0.4720285415207884,0.5299896169280962,1.6565903037418939,-0.16937066678317697,0.25622489894725703,0.48632151327996265,0.7870797582400132,0
0.3144382259614628,2.077560727920827,-2.0833118691853083,1.0685397969141097,0.21786951552806164,1.189843442022757,0.8621809989527326,0.26910503354231524,-0.720212052818084,0.028053530987350903,1
-2.059191942545392,-2.4727877878058258,-1.4617188178856204,-1.8680819074467312,-1.8385631428737454,-0.5250227041176471,-0.09890202051678286,0.34977280537578315,-0.2796998073457209,-0.5855968383936606,1
4.808969244731831,-3.0291029673897882,2.744018675988499,-0.2833636130369568,-0.1939645638762996,0.9849839012362374,-1.5415621302285132,0.5377068120606734,0.4097092608182253,-0.6777694998287387,0
-2.998710528238176,-0.3967780282452823,-0.5964659390372142,0.20804493709345942,-0.5683597796633618,-0.3727862599775434,0.40296321493165455,0.24590944003623996,0.147804639275576,-0.16913068062239406,1
12.285019759541427,-7.543410169305484,10.112423747094638,-5.194270005648294,3.8525069319243146,-0.877499151865023,5.417219263669714,1.6029552835497958,1.864757811103842,-2.5614768999507467,0
3.3721965906436875,2.58782542797932,7.092074811672964,0.3674947378344994,-2.770573104924832,-4.217767525301186,-4.0846843222397125,4.362305610508051,-0.6586737366198269,1.7074319901990989,0
2.508766311622556,2.614648477541321,0.20638033506547923,1.8947458458948117,2.124765628941477,2.4650746089768902,-0.7767102229061897,1.52322960459837,-0.5222569181965012,-0.2908707666904046,0
1.3180684765426343,2.154479501117751,-1.7866325776203427,0.010169665205248759,-0.16715237433715976,0.5690938098479031,-0.0376143887417825,-0.4449130354738803,-0.03356337642571704,0.0726069284649013,0
-0.38875629875561407,2.276797894739395,0.6273320745144407,0.4297269988862186,-0.11938017527359555,0.8498936388186021,-0.9042419208247173,0.40862013784372314,0.38563643725507,-0.219248002242373,1
-2.7569329912570324,1.086834685476855,1.7072381598321436,0.5168313730762129,-0.8070226998224302,1.7854864565245951,0.49691274877234876,-0.9648633288281407,0.6721460110351059,-0.23509308322887246,1
4.943581014506626,-2.848324457732521,0.9138788144500744,-0.33518400860947023,0.4833259194516455,0.3553753638809614,0.4848637107086042,0.3208181113803713,0.4435143187513124,0.7967808597080517,0
4.298077329827854,-4.666275179129379,-0.006841008371701515,3.653384895811724,-0.17870292898713816,-0.9138734208614115,0.6715823494333166,1.2969934810375345,-0.019668223557079693,0.005751285114622518,0
-2.3735018019750123,-0.733402563977891,-1.5260274881188474,-1.8533295861732004,-1.183118058751375,-0.8578711923112755,0.658721242182945,-0.06238485469209614,-0.6267193659841831,-0.6032511691319385,1
-0.967190311602649,0.4384381816155834,-1.4476962674759775,-1.990361423651648,0.09396608366088398,0.29301298924561897,-0.11255668270108085,-0.15334173184727892,0.01854538819250596,0.20601306939669686,1
-2.9757987879409,1.8109737757240083,-0.22343526886632173,-0.3916351992352481,1.5293707831811347,0.04680177788250555,0.44663157809730675,-0.16593853608308187,-0.14990552622768286,0.19239663148901948,1
1.8032470204666653,0.16646095723338222,-2.62859956470947,0.6437414800701623,0.5218823638274738,0.5697925629548793,0.3323433603403912,0.3146095896304729,-0.21613687890342148,-0.022939768565022826,0
-2.478359512372218,-1.4185764468645428,-0.31653324292742196,-0.3285027387821806,-0.6620125983838704,-0.44674632598377684,-0.06841444590821229,0.3714951624145269,0.2932978809801164,-0.2995760198609514,1
-0.8260392924374984,-1.2502474730589626,0.26796072660753356,-2.310626461533726,1.014813614211412,0.9016299166219692,-0.8023235760109608,0.026222959273376915,0.8697383519990344,0.15606710586292516,1
-3.8946973283395487,0.5385707445033898,-0.8815587237804822,-1.0387999956902245,0.8090288808723421,-0.6909989049114929,0.50668751811689,-0.5154891195267444,0.08183636799721744,0.3679724796799663,1
-0.3895780902174111,-0.6144154700225486,-1.3528692464004637,-1.1751923119850853,-1.789893291243855,0.9602687033772893,-0.040080822259852766,-0.003662494805357346,0.12009966970549864,0.3600427101577425,1
-1.457321356798484,-0.20172675700990572,-1.0988787344535473,2.005774968116222,-1.478562227794025,-0.08537961606710356,0.6043601097994533,0.5833424938735265,0.3373585472323661,-0.3475893672679854,1
2.7555680011537387,3.4657736038397076,-2.474050856594928,1.008278848549364,-0.1551359976138977,-0.7014087460283073,0.2702523515889111,-0.07247619582137814,0.49596913959273664,0.019194750484906455,0
3.2572546734788133,-0.12520049203442385,-2.8960974556390044,-0.7495901174196092,0.35285555743515673,-0.8049437334443968,-1.3954082833127264,-0.6858293041271369,0.2947833501363971,0.3138854836103917,0
-4.019140240564172,-1.3542473809817686,-0.360472714497379,2.635797761807251,-0.7352450114789382,1.5182776944851768,0.5786050260335339,0.2699487934175255,0.8307207695589867,1.1764182202028441,1
-3.6764132931673617,-1.2916290603284595,0.42461030678730444,4.601709853948258,0.7409092092097934,1.0397368035306662,0.6769928572543915,-0.14741996558895704,0.6774551741580565,1.2393390193092904,1
3.316324113446772,-3.939152259252386,-0.20545368058813956,2.1182236435610666,-0.9699807958986504,-0.8908139054209872,-0.09268996689155139,0.23781948779313192,-0.6614775661188298,0.10945468736524695,0
-4.036607361757969,1.1625461079531385,0.18974782577381877,-0.9405169972260667,0.5655989262071446,-0.806738701676903,-0.15933758026481942,1.6090693806942988,0.07010033192506761,-0.20478418230886006,1
-2.334233350230233,-1.348979732187659,0.23268701919656112,1.2129139172053094,-0.05157488803783939,-1.2367192920971315,-0.17422339516945154,-0.13416881398642722,-0.3588265747474396,0.29383585579483107,1
8.403847113457498,-4.15390477661247,0.04696907523433279,0.5518427613579463,0.2880803443097932,-0.5070591304564981,0.7191130709020658,0.6988202464108162,0.15954864125712415,0.5525325154123361,0
2.64756863308363,-3.9511729514875658,1.3718813340605838,-0.20781925091391404,-1.4050541838727209,-0.9045129526744758,-0.32376849266669877,0.9986281932995601,-0.2931987930609932,0.3086164991625555,0
-0.6817688659204063,-1.1359911306162598,1.2336664710037102,3.8645001377605173,-1.4283521311998788,-1.2914292814799893,0.07533421421596115,-0.8257393628786963,-0.3895146532798695,-0.552835665271797,1
3.3502957906354167,-2.1545700266626295,-1.1089437206506463,4.349007677387154,-0.06238439291027599,-0.6857157282429583,-0.21654379648557265,0.371321082355558,0.7306079259317884,1.44805626400221,0
-2.227720518819693,-1.2149996868114277,-0.19241377550312064,-1.4712781370398995,-0.01971513929547011,-0.058937640448560966,-0.690292876727704,0.13538967011512718,0.37732165514224975,-0.02460536355615123,1
-4.477584655730474,-1.7411293624733237,-0.8882070880019691,-0.7646525413823659,-0.6051400089875124,1.004571027621551,0.232668345348257,-0.025871691282329218,-0.08989998370780741,-0.1379590966780595,1
1.322621418838938,4.789476583869905,-0.6625351224801599,1.0211958057030917,-2.150024505749872,0.45044837382534797,1.1174158102476954,-0.34056502278677725,0.22992976194468773,-0.3978326899139123,1
-1.8500898601405207,-1.5841281496577793,1.263917225750254,0.8021025971984944,-0.7114115946310434,1.5966136792731171,0.08109920431120841,0.149699804968287,0.4439838812501487,0.32159615039274053,1
3.79556564182497,-1.0262326419361376,0.8986356352926866,0.7604604590473508,0.7578474673033835,-0.5227298528611565,-1.3884947158290142,0.09665494727591811,-0.8563269887122495,0.4303817187828458,0
-2.281318099239502,2.0776859796729354,2.430649030167263,1.1860598139939091,2.859003314967545,-0.9990287358762059,-1.0897641062432661,0.7439217522823839,-0.6307830720096775,-0.9267342286594501,1
-3.2287701182773803,-1.1720734786955223,0.2646643297653439,1.0029445748563335,-0.8944676190772574,0.6292250337100835,-0.249968207637519,0.3297501282818586,-0.4222789711371906,-0.7939776422784822,1
1.0259007876487491,2.36126194432093,-1.616885593159936,-1.1459632459106157,-4.144478536625527,-0.20752880845021587,0.7360684306445103,0.6191411268684998,0.1426548004052162,-0.9046948890433034,1
-2.582555837281681,0.7292131140786897,-0.5481427872298371,2.3320791776757614,1.8352650060158635,0.14016622442495796,0.12196587279020628,0.27286275771677493,0.6096552483950323,0.3504715830494253,1
-2.485883225506347,0.4605964026824251,-0.5989203402625303,-0.9987176335649537,0.4303238629774159,-0.3796217023333343,-0.3315524145627148,-0.4784109810191746,0.5791896364895036,0.02322455134891595,1
7.143842039052902,-2.0748422326200417,1.0883873372922541,-0.716333502983802,-0.8199009914005824,1.1445482754809468,-0.2895373480187539,-0.01930654797456363,1.2165610083854013,0.30794904881991636,0
-3.0324811407725965,-0.6494687998577642,0.31068266733161753,-0.5802825039396364,0.732884900312836,0.5720082643944293,-0.008425438645486987,0.048886857124424817,0.8117964167858627,0.10616052543881273,1
7.08501064878764,0.5282231716862005,-1.2799870432249836,-0.6515632923028291,-1.8538248218002404,-1.8112999002625176,0.5354688465890693,0.9531684570204102,-0.4389787801510764,-0.40448358436156995,0
1.3140990035987579,-1.7754258312624533,-1.672631766605748,-0.6946200249405722,-0.11281065370114768,-0.08752902886473789,-1.1197516395660265,-0.34592549617385937,-0.11514074447561429,0.058565760671751434,0
3.71164951477973,-2.807477110609507,-1.7561936094901374,-0.9041052352414404,0.07098599762592002,-0.20618855597850533,-0.2042261939306813,0.3447738330652944,-0.09848182061146066,0.10030165790695478,0
0.4604790908477581,0.394166288521432,-1.0046985455782436,-1.0753882454173884,0.427534811961459,-0.09140705527109025,-0.5446881464554442,-0.05274254591206716,0.43917850163539474,-0.27664530332683773,0
6.392649920534936,-1.8230941633210394,0.47984972660760505,1.6964609875516452,-0.556677352492523,-0.10677238435548864,1.34222772905033,0.2660563208102751,-0.4905302897858433,0.6892245490220092,0
5.255544949778236,3.894530989824519,-0.8338534467396621,-1.6816008425906588,0.7843269718711142,-1.3870888747189476,-0.11000055720977955,-0.9502517872927861,0.023693068213052063,1.0789808999131405,0
8.733861502953994,3.279877374952948,2.9036994644225853,0.27718816362403353,1.0618468671882193,-0.5676916847341917,0.790183738896489,-1.434569197160558,1.5175965209857076,-0.1086370042942965,0
3.691317880228507,1.0656460674271762,-3.5155890478121266,4.773197016902417,0.8024841391091069,-1.1415917177422326,-0.003968321313566931,0.07517837486452948,0.5626387746712082,0.6864119166555116,0
3.378250872695878,-3.3712278920426098,-1.7667777549872707,2.0779569706341925,0.5977815272671515,-0.49078196722571105,-0.8248321579950271,0.29901190180629256,-0.4862059025910186,0.6834246202875436,0
-0.8402096538369322,-3.5000850321832586,0.18248365340487674,1.2425727071402426,0.10851726792743657,-0.41699978163276197,-0.24964307530930654,0.20729979648077465,-0.34838175416392897,0.34769243812989464,0
3.284372619973157,-0.990673200942822,2.5543863922062604,0.12282697139738857,-0.3508378844013636,1.4773840532158182,-0.06516679449549954,-0.05307352991387622,0.26435177411350724,0.7562707792398478,0
-1.9087689281363807,-3.1219458054749274,-1.0630561133946062,1.0620669179695272,-0.9572965470397106,0.32853513795155825,0.029948504687553428,-0.21223600548396865,-0.06808714662277515,0.044086600604382936,0
1.6147819253559186,-2.47457334787344,-1.9911347840528226,0.3790911621882156,0.44324872641561414,-0.2443668248618715,-0.667385150676181,0.2609622138321326,0.6187461099192072,0.3262762571656841,0
6.619726346836864,-6.00327641755364,0.9893777588452599,2.886757575832778,1.6953839040729821,-0.7996727419785126,2.28766770900932,0.44528984555032586,0.641010899968048,0.5182964279166272,0
-1.4646759334587778,1.6866318141555752,1.1699058703946204,-0.3256622465065146,0.46487330616568706,1.248418997550082,0.11576586206310577,0.14416018442822945,0.36097222256176775,-0.49069389305042804,1
-2.0121524285187693,-1.1034865581448532,1.3380240797146443,1.6156796384099188,-0.6917208028389655,0.5411901874648507,0.09314563019698577,-0.616500588962434,-0.211695069561454,-0.20782908396839325,1
-2.284340252070642,0.009493639196512887,-0.450439542055783,-0.29577974019176057,0.803867529825535,1.7790189334975106,-0.4352660421477909,0.0977924264043839,0.14946556539679792,-0.12055800042300377,1
-0.7397430856449493,3.15252060507115,1.4698578473041102,0.31489361900090895,-0.9476892918041655,-0.5314411245095089,-0.2797754383364195,-0.03840378813523661,0.09542913429535374,-0.3090536560691597,1
-4.506562510681535,-3.1692725878735337,-0.18806158843616058,-0.39116006071506315,-1.3852066486309127,1.1387789354328035,0.14940393472839034,0.14201304801825093,-0.42971963250517126,0.34854320267164246,1
-3.158754301407416,0.41030179496855956,-1.1088172045342588,-1.9716188331519693,0.05858711856757492,-0.28241465139278527,-0.07926823728003125,-0.04430358312273758,0.2585695525476573,0.10908408774362392,1
7.676149471669644,-3.0753063039954465,1.4819594123267334,-0.5524018659792961,-0.8862053426913974,-0.08252749934971954,1.6521224453459795,0.1349995615875439,-0.24287200454327007,-0.6492976571410626,0
-3.639135967159439,1.5895870640296272,0.7162798064909776,-0.670385239841987,1.5773311407373758,-0.745272976183738,-0.3065468234195031,0.8370569430909717,0.3684732094561493,1.0830531267058225,1
0.3373454926438296,-3.144373457646921,-0.11572148197426453,1.8152952897397923,-0.035293178315030996,-0.7162118541162831,-0.05513283683689432,0.11949810455930275,-0.5550035299312863,0.2716533151967466,0
-1.2765833791515424,0.8490529834604237,3.0700681561656613,-1.1664974935882584,2.6781242074342564,-1.3605087184191464,-1.6491278747402347,-0.8449883366255477,0.4059669640931777,-0.1380192351813186,1
-4.346014054230489,-0.3219780568013964,0.38847470109672544,-1.1071472370347373,1.5033327158239873,0.5377922029686824,-0.17701709406113375,0.08755681316144147,-0.11082642662030152,0.20131792678854246,1
0.017430791487395465,-3.4593432912027593,0.3069208014491821,-0.47556989756386076,-0.400736592711621,-0.15690746258459062,-1.874215053799275,0.7800824535252903,-0.35223309276377957,0.15920320823302334,0
-3.4924260372868656,-2.6340824007641515,-0.07218764240633499,0.30797777022048106,-0.5250156910421192,0.23338979819990716,0.1135726771007355,-0.4638146396996168,0.14710426609468816,-0.0630553545638454,1
-1.86654885368421,-0.902064209682511,-0.8711686907326852,-1.0288144722550239,0.23187710001893497,0.9163083942691524,-0.5687843775014465,-0.9328530952008657,0.5271934073139392,0.7328945920225898,1
4.960268117827967,-1.3411230473901077,-1.4570533353535295,1.4681981471462426,0.6124601030816917,-1.0858064422120353,-0.18592080773803532,0.8054988601952775,0.2710568361909949,0.28864042896942654,0
-2.4707226852233743,-0.13802626433783088,1.7948853032581678,-1.5476271681055502,0.6973621152310059,1.8685774082912792,-0.25477973642520796,-0.038289066487294326,0.9747048944568641,0.32516762493831236,1
3.785060102923415,-1.9019074162696998,-1.7442419030926255,-0.3922846200459024,0.33927969762062976,0.1296839362520727,-1.2777067379198828,-0.054491970355231074,-0.2973401356857145,-0.10264981627447346,0
2.6372557772722267,0.5771549958415219,-1.9946998246135996,-0.27254914936826785,-1.1967680346737368,-0.48786253234595023,0.03940602884536558,-0.9472165142340854,-0.634729744757068,-0.08925619285364297,0
-1.3726850236666188,0.00580546142511383,1.5492892156169922,-0.5844391534784839,-3.0048784784039957,-0.001372452917594105,-0.8131483989567495,-0.29868892712285305,0.33404563888392924,-1.1264930814772787,1
-4.138882573259068,-1.3765082402979762,0.8780486016227267,0.0598562506053517,0.597596634688677,0.8320963154900994,0.36766736403691413,0.004489866485282287,-0.5778792421628627,0.03974902197641494,1
-0.686940291390784,1.695009624620693,1.0262128438932352,0.8754781916089266,-2.174675608368278,-0.296788261454843,0.8410946097784954,-0.1635598351936096,-0.3377510745437443,0.33118299252143635,1
-4.312129582742904,-1.9784861330658439,-0.25130648668008804,-1.5749111511036538,-1.9834111468913813,0.46820741239872343,0.2452356581881722,0.524746102504072,-0.34309284233220505,-0.42147843875737345,1
0.4033094213764855,3.723434003640426,4.586469001104587,-0.21591119678779627,-0.8078009046324998,1.8261264093943033,-2.4488510888944544,0.6373661509037436,1.0275278952565143,1.9838714076190174,1
-3.003605795321428,0.35416022745786696,1.2340149770109035,0.7174567762745611,1.312562233721671,1.9968669225940126,-0.4478906599145202,-0.43937948412921557,-0.1544755949796582,-0.15367655975802505,1
3.134008205440032,4.273459558439517,5.86627951483855,-0.5965830757366991,-4.201027896226725,0.8712702444257767,1.430072550906791,-0.05665457714904053,-1.7738911624716742,1.6764042441415623,1
-0.41783686688185123,-0.808576571052307,-1.0932914838531629,0.08972977483987046,-0.2570691814359319,0.24558889587756216,-0.2535035564861912,-0.13145483712519485,0.013112427327151571,0.5290552817015101,1
-1.4202231350821113,1.393978113156885,-0.8369868339964804,-1.105445133154542,0.36440061452737305,0.08946610120278722,-0.2634748908040695,0.96470590729003,-0.4759695662745396,-0.07825370956996974,1
-2.8705883477861533,-0.26864450914401117,-0.46898725899909044,0.24550356801655013,0.55791929263798,0.4144510733757704,-0.6574580040433862,0.38991752713331657,0.447831131182299,0.12994906612423232,1
-3.365845704071373,-0.8076006153541792,-0.8070794153089248,-1.6636859949463652,-0.05058623694229821,-0.6566330801794655,-0.18332634697259884,-0.3027871675400337,-0.10696035447107038,0.06050022301272333,1
-3.315000154836073,-1.4421762294498766,-0.5836326027461882,-1.7849308358024003,0.019272507940804397,0.6299781198008041,-0.005970850528950575,-0.134435523313199,-0.5222011584673288,-0.20684287105969482,1
-4.7697101597000735,-0.54296185964133,0.8938680006186149,-1.7310613718308707,-1.0017126198071016,0.9637677081510824,0.23667664280069314,-0.701538001035641,-0.6680461037442729,-0.8416934962036,1
-2.385882758420601,-0.8241155709057295,1.9839634866787785,-0.055255451496337885,0.5057284471302876,-0.9895633581864687,0.5674865589825818,-1.832488219234356,0.6946402816330439,-0.5476972596644224,0
-2.7870960094311155,-2.533034002938485,-0.884034398729917,0.2596746572417285,-1.647832634144431,0.9434646322451211,0.7521727558367328,0.1752612047400192,-0.008048325390680575,0.5002669198013615,1
-3.393841771518294,0.753963956998158,1.7717935601115187,0.27667331038690135,1.0859029420767212,-0.028786663784557437,-0.41360505567645156,0.44933937771117494,0.06599567938109813,-0.09802494791122378,1
6.590235943344422,-1.4848624499142589,0.36133990063368515,-1.1884461738065648,0.12091100993747886,-0.8927969840686986,1.171853225562798,-0.24084219743395832,0.4015846351372303,-0.7919772025725099,0
-1.4553305178966354,0.5919428677399596,1.146340384899374,-0.07901729274548559,-1.0877387884811283,1.057979656767861,0.06425070397024216,0.17473836963878825,0.16245443959826195,0.12122085069975104,1
7.18293310208626,0.05514606018737795,2.0129178861358588,-0.08277610237404243,0.6657817622551452,0.42460339676052244,0.8016688817766666,-0.6900591778449954,0.17997222789724238,0.4402515454251526,0
-3.5788354034470395,0.8915829916265134,0.2614874049952164,0.2540957522038573,0.5995934142387708,-1.765871169196033,-0.3092181679606863,-0.3896669604203101,-0.1950186974759763,-0.4742919847551519,1
-3.0570326418734965,-0.17921338626514066,0.6217734459790164,-0.2613983809391292,-0.8967350980196203,-0.5245687730459605,0.7093633932738321,0.1397481672972072,-0.1650135518892429,-0.5008429896793872,1
-3.074435831560861,-0.306058435462619,1.2592536574618847,2.2086266756883774,0.6064117260263008,2.3580672879021707,0.013891714075941393,0.12957709966887415,-0.08514191379177732,0.21099417461390602,1
-3.8535397332557153,-1.5247264225853245,-1.1445096448722203,-0.8150505389525293,-0.49305153398291923,0.2876053072090339,1.0467614139180679,-0.0483882636733164,-0.3736392070270732,0.540709471641737,1
-5.390256393774108,0.5562555046188582,0.5600700632026167,-0.47185538336191574,0.3997982983890933,1.4766592833520074,0.950501788384142,0.13637325662983335,-0.29330758555559816,-0.07299395414355378,1
-4.657682334494781,-3.0653874336643376,-0.07600910991892494,-1.5085163310956688,-1.2728154231943543,0.55569507986723,0.5525494353303745,-0.09941089621059129,-0.47742503882664633,-0.2719568925190991,1
-4.027542388108069,-2.5429070434441394,0.35321712939199007,-1.5143875042410335,-0.6674986646771256,-0.0962575045700262,0.8397683803075329,-0.33335894427038554,-0.01254208800708238,-0.17344011815408789,1
-3.347821941610211,-0.0685630478181752,-0.2701932888892968,0.627636336775912,1.125687535764464,1.3499856604759741,-0.3753642332535955,-0.12146482454409577,0.21292472793956896,0.21897992663250346,1
-3.29984201146829,-3.138709394209068,0.14889237080558407,-0.7424907363412967,-0.3944508123937417,0.6412729897697155,-0.17142596614064806,0.04149966830248576,0.012862254136813477,0.23245746552207525,1
-2.1364041423511364,-0.0043928486384965226,-0.055138957015415234,-1.7881128791016307,-1.300445442075841,-0.06311757362970541,0.4147666534657628,0.2999787042847536,-0.07258125499284014,-0.07251363680496295,1
-4.038017141736996,-0.2406980543671033,-1.3281267494695395,-2.440232258310724,-0.2773892913989308,1.6936520953584564,0.4142105744179214,0.10558743910849495,-0.011213507575824637,0.09305227363328157,1
-3.76541455325863,4.398200493289128,3.950207841998932,0.30726828128153233,4.789656332217356,0.9662760106380592,0.02430296556008278,1.7465848151255023,-2.6186798052183344,-0.24277148687423294,1
-4.871239383480865,-2.339214787421022,-0.16829482806236187,-0.6948898423046833,-0.8209388454249825,-0.8244920287580202,0.24284651362773738,0.06748549817984761,-0.3394711568259927,-0.4698739907765384,1
-4.747248516354595,-1.7984019755421976,0.16972019757856976,-1.5516108420633417,-0.535137486397339,0.7915806822884885,0.058144756727319925,0.1516451328050682,0.16571905080598562,0.07387272299495147,1
1.8953162763188458,-2.392238003049704,-1.6764913002997728,-0.7120282345785934,-0.3834019056526966,-0.3924228513429628,-0.5987176965601982,0.09283329884379829,-0.09544540893601432,0.38120252420375655,0
1.5729311406089717,6.509099306788015,2.1671589807685083,-0.03007588599084916,-1.0534111772791583,1.1089425859542472,0.2537631720804425,-1.0342041549606429,0.7258517372202886,-0.037276335930140486,1
-4.026620252659342,-1.4022064621622239,3.186499903627179,-0.019552277192557407,-0.17964845509318395,0.9192954807146992,-0.2109934879719416,-0.5113932181416695,-1.01052620580491,-1.0445083225883371,1
-1.2948661700949908,3.470808639312661,1.1095279782143221,-0.7666793608356018,-0.21051018018264295,-0.8404568427163778,0.2103046000416643,0.007387374913009562,-0.5747566096741953,-0.062391985989042435,1
1.8348404671476921,-4.321522964467136,0.3166853298868869,-0.9971895482674421,-0.25468865416713343,1.654800230778453,-0.7588755070148311,0.32602874191096903,-0.08324993255204978,0.7066452199372476,0
-1.8103805588913249,0.39620730224356115,-1.2303341229543099,-1.276656325028244,-0.007076807637444912,-1.782407878395911,-0.12917390222135536,-0.7217876387963277,-0.17386001705466236,-0.5804355479704676,1
7.236485314392,-0.03570179712210495,-2.841066628067307,-0.03864184049815574,2.4547364891046577,2.5000212402519018,-0.8616782598710542,-0.08940855614983657,-0.4233551080625019,0.7635120658961898,0
-3.1456501885211097,-0.7425265420253631,-0.8623515070212165,-0.7551636526622022,-0.30012500076229,-0.16553735088768573,0.6998574995759551,0.028331960087279506,0.08041910069864308,-0.04729288568733446,1
-2.88726805823951,-0.46473162454154016,-0.4757433379564487,-0.7623019423345426,0.8532163628816092,-0.306288628048381,-0.4085690514862912,0.011833569465533128,-0.03934997087192162,-0.14363503214295756,1
-3.1496539838209325,-1.7712483965455061,-0.03583368761949163,-1.5072396418883862,-0.3533042072518864,-1.1630167613140463,-0.0941120088349435,-0.10140159228126008,-0.8187354556479329,-0.44940040146519306,1
-4.62837948305008,-1.835618361888543,0.06423097211539616,-0.09419313949050444,-0.8004591711358646,-0.16962048593284923,0.879292857689199,-0.07564062214101017,-0.2381375535346841,-0.06489725194740727,1
2.250510374099616,-0.3485359403968549,-1.064750869468534,0.23175940484529992,1.0045007195888915,-0.8745519407375303,-0.8706844304545979,-0.6022403902577476,0.31734836406602207,0.08026705027532262,0
2.107801227878287,1.1219739434409477,1.7751582214774808,-0.26267530190295535,0.9608109188674445,0.05684989854250032,-0.8516752528473103,0.5102123452740274,-1.075029155808823,-0.36611727789107984,0
1.7859499803192156,-0.2692216356728927,-1.7225153363616688,-1.0326869543564292,-1.1851104030036455,-0.1304787083874353,-0.5503745648061851,0.1541105440563315,-0.06935753376954723,-0.4636817580330809,0
-0.5276966174016187,1.265871623256448,-0.9204411162248921,-0.42947156793003827,-0.5607830950281559,1.2521714523142862,0.42169757634545374,0.849695530427346,-0.05229319716297778,-0.2613272525501284,1
-3.213500980500867,1.1034431417867787,1.6119811675673532,0.48643346825125083,3.459249854739422,0.8597651594301455,-0.8435035738875054,1.0336348049296145,-0.8975404282237853,-0.499469676065149,1
-4.386422966517998,-0.7611037296113766,-0.4005974213820636,-0.5868569411826583,0.37657920136710193,0.5357661561995634,0.7327460704692068,-0.07065407181757133,-0.0014981807161999273,0.30492879634001807,1
-3.810017869830661,-0.909918554902712,0.4431676789829847,0.9504232047804398,0.35163601432679364,-0.2777445568424871,-0.10289479800234688,0.25175457930325107,-0.4179039783747636,-0.11232804445383959,1
3.3196739715199497,-1.577052842379487,1.3607285012134682,0.6941430985219161,0.9089304101376201,-1.172217309978048,-0.337285865899986,-1.2228647486126931,0.6272054864433039,-0.8960206812165358,0
-2.3932759643301043,0.990030777684036,-0.7575099477820147,-1.5549829389974406,-1.431458237564419,-0.3431904986530494,1.209143094431015,-0.4754852041128152,-0.9139056602302216,0.5639663859840188,1
4.680166262400176,-0.9685929539380906,-0.29127225659511774,1.0742723599442063,0.13255703482607872,0.503691445893279,0.13320072824370444,0.8326797895970273,-0.33782846471309036,0.11362753691318887,0
-3.0676951406047626,1.135837568417081,0.3746225453195181,0.6268540126207364,1.4436940883556035,-0.1918371967086698,-0.16990883708862728,-0.7595170165612188,0.24163135941967365,-0.35623310586660917,1
7.353218575027893,-5.242623142570357,0.31695581762329866,-0.43203974278769297,0.7060339798497314,-1.2631862706365249,0.16917648879010885,0.37914810488084244,-0.13865448993317697,0.3761315538504818,0
0.2953131832477967,0.22693503616202512,-1.089416593637959,-0.9474227405246052,-0.7290947882455004,0.5800103854325674,0.10841320471947777,-0.2572169776281229,0.25603441231498714,-0.039735711352030266,1
-1.9389694969467197,2.5449881124613496,-1.0014235318952618,-0.02573985190733896,-1.20609916205035,0.7321001591123378,0.8164745386476104,-0.1236429265017171,0.8122595781850658,0.01630857057487961,1
-2.077178921430977,1.806519488837292,-1.167079419666354,-1.1422298764769048,0.41357142123560126,0.11823722051141215,-0.09909284808456838,0.1843398819103052,0.040480883033012796,-0.43312126613607616,1
4.975162358414944,-1.3325721796152106,0.870977569583556,1.2921311815264656,0.9619689040856587,2.581312949816528,-1.2332042236975,-0.7129537449049057,-0.7762623643746296,-0.9214344149258906,0
-2.1769168795842115,0.9589112593874775,-0.23426487018087683,-1.85447274145647,1.4817807457406733,-0.7693427599593392,-0.38973819857394926,-0.018816873638149312,0.6249003323507503,0.6551844570357176,1
-2.4315514550090103,3.4472038667834233,3.4569448433707275,-0.493659955671252,1.0457570448539126,-1.0088397190015772,-0.37556488383623327,0.9338968097608227,-1.9509207035860259,-0.6497705107349706,1
-3.367965778878123,-0.5629288977240029,-0.19257365473607008,0.5703792715689953,0.3517286332696988,-0.0402630697391892,0.4884905373748397,0.6233128985618642,-0.30405175651478067,-0.031238402615071416,1
-1.2065977905127074,-1.3170443381938328,-0.9307408058484232,-1.704789909934997,-0.7187197466852114,0.6381882865555845,0.17167814448660546,0.605569972570071,-0.24941356342129425,-0.4079824007067335,1
-3.3260792487089814,0.4751715815403466,-0.8982857429225328,-0.8134878600538833,0.5853794718240338,-0.8823894377737668,0.08414341004214207,0.9518594784451532,-0.11634054061681261,0.11498152430542315,1
-1.9287954022352458,1.4614697975696818,-0.10064251005290195,-1.8207642870891287,1.9359411165946623,1.3142833340682518,0.12034224549954452,-1.193563681846822,0.23968916598609513,1.1672675662435983,1
-4.041835089954521,-1.3569174566939897,0.5383416687329182,-0.8339119186417653,-0.17874705299969165,0.9917099587594184,0.5653937730886553,0.6672052157677505,0.23945801256406532,0.3493896108292811,1
6.182283741692321,5.108005449471071,0.5211405836082983,-0.940739190737336,0.6065248742244445,2.4615945810866275,-1.468210562200092,0.26865074250365384,-0.8092544088184735,-1.0652613342804078,0
10.934298158426852,-3.7032540804833234,-0.8916940718882772,-2.3435075785292847,0.48878559701601065,0.19643647631230474,-0.10974094686350236,0.2198424081051197,-1.763027557570673,-0.4622726702897419,0
2.1184969319275497,0.2966290696064449,0.8674853936430029,1.4502873917681947,0.5395103672674694,-1.733373063854345,-0.2169907882158567,0.8628991091432964,0.589032852030393,-0.27366147654182016,0
-3.0121949701584496,0.24375997572806427,1.9837330373389108,-1.6797256973841066,-1.7036738873604351,1.8498053603494042,0.4983425566815439,0.3194016204761179,0.3588969066173571,-0.2390625952927675,1
-0.9826485812695367,0.7972523938811387,2.3694211555946008,-0.1569226356859737,-1.5464297303144006,-0.2533225825070844,-0.9265812923328289,0.24807429155255437,0.07175508158054364,-0.6726998639580891,1
0.35789386251820327,2.1278386319954117,0.7082090398064466,-0.18474479714347067,0.10256996202360273,0.5631985104240661,-0.987375050621287,-0.5298454385771624,0.008718186480430436,0.1452620352683959,1
-3.193917865505716,-1.8491520732723714,0.09939835082345397,0.02278250949878542,-0.17900227645668845,-0.49281653486167454,0.17769913843486196,-0.3731513316270639,-0.6435989182166809,-0.35004156567344186,1
-2.9932333012444805,1.6313922059001311,2.556717908182681,-1.3458871606900533,-0.04074033422909165,0.6169899730092779,0.5132238359788125,0.312800283396719,0.8066494931657078,0.1840959606180651,1
-3.1939141504686197,0.5793394420917473,0.4897642204671648,-0.04459417863229656,0.7236072489432239,-1.0373975033461256,1.2905865925764222,-0.25562817424323764,0.7463713314780297,-0.7854366457981066,1
-4.5919618535054525,-2.7611270972394935,0.9805426285780371,-0.36283846482227533,-0.22008131421439653,0.6905042715747903,0.3413958520110487,0.3533633388943471,0.06587870583206813,-0.08888878652986898,1
-2.4859161544122346,-1.1889394044418709,0.3487767891257305,1.2562918600906416,0.1293941497168326,0.5395822974190654,-0.14631466747561694,-0.3833830096023195,0.0708900990646094,0.22214795359426745,1
-2.3986653462113514,-0.2507447903247729,-0.3271378044542172,0.27737290204250586,0.3548145692214543,0.019372952868015793,-0.29243403668185525,-0.46143446904845015,0.07996528308320666,-0.022504483061811208,1
-0.7796151997479087,-2.1243434274179367,0.3207888878326885,-0.0792489219476725,0.08581006198468867,-0.8931305412654276,-0.8866105546596017,-0.08567123172729312,-0.7389390151705743,-0.39066823123304967,1
-3.139988425752806,-1.4880221619895564,-1.198878489275975,-0.45344939100380716,-0.8409019592300837,0.3229172060043696,0.15569669069778103,0.29398567187222285,0.07192968037177955,0.29541593761492196,1
2.735011771675479,-3.9451682304990032,-0.017169486774377223,-0.3001107580574231,-0.28326716253797396,-0.5773144799099529,-0.6635510062106436,0.33578239295542495,-0.45609398793015404,0.3710593016604896,0
6.227025988689333,-1.3901096910538324,2.7342371905677294,1.0931614810010089,0.5826581687790401,0.9889296712648719,-0.797745499761101,0.2461068710743124,-0.27302542352120157,-0.3654955995426816,0
-2.2237757455792884,-0.35716071079108114,-1.101682328872446,-0.18622269875144615,0.23927494505851293,0.39849094012576836,-0.0645594179185437,0.5614669027211255,0.4680903039851746,-0.39296980733494247,1
5.307140022001188,-6.723414983535714,1.4856648508118362,-1.7765107365815669,1.0735537928825611,-0.8330771196320823,1.4932901079568472,0.496979070248241,0.7089683210818034,-0.01696821025379859,0
7.248001061273751,-3.6554691295621318,-0.15570199941134197,-1.226828766609419,-0.2975900347569124,-0.4783436497870649,0.8450065568374415,-0.6367241250053028,-0.2050392628412073,0.1626767437544416,0
4.207220618955451,1.1762428818289288,-1.590018185829219,0.9788433463974023,0.11758117054088786,2.6701704579749648,-0.9416177043565271,0.8706116651901963,0.423752434911073,-0.43837193202406366,0
-2.499636374112144,-2.0185356268156873,-0.7312745967087422,-1.9850232778770867,-1.1359555660056806,0.6178190894126766,-0.4797270744612141,0.22087315543364058,-0.3237087319870437,0.3720738216707019,1
3.635014946683075,-1.9564409103843117,-0.8287751361071658,-1.3797525713636898,-0.994420930783906,0.2538549480645787,-1.1792829342361413,-1.51998931892434,-1.8252351555624433,0.5342727064984594,0
3.5192482750135228,-3.8586071201502157,-1.0225290614081715,-1.3841433002420849,-0.3206641649013285,-1.0310282555927415,-0.7473750663544212,0.6959353271768701,-0.37869463510228085,-0.3921534866145351,0
-2.6149483072401782,-1.1024744593810538,-1.2407360027913277,-0.9094764763142842,-0.37848074887515615,1.6188669871845651,0.09393164797484113,0.34458391245191305,-0.06669402455287055,0.5221560276614491,1
-0.09610811657662748,-0.12984758285297882,-1.6714641082979866,-1.5274766916367868,-0.4030674658565401,0.7766606166963471,-0.2616874836099767,-0.5374351160884433,-0.7843582195971897,1.0024791145599696,1
2.044856934566941,6.426819839190365,1.274121249094275,0.1097414894253247,-4.602716499708908,-0.06264291090158783,-0.3220027153253318,-0.8862777282272382,1.2385989244655993,1.2865280313157914,1
-3.0667495275573966,-2.1820956998038126,-0.2790626706061608,2.938557393333309,-0.4732345238380687,0.04897982305639927,0.31423105232944887,0.557522970144336,0.0021540345269019058,0.3851072198386238,1
-1.6035864433861866,0.29259622243129785,-1.5862254319409694,-0.9096983438361828,-1.2358691801570472,1.0351625045150208,0.2982599173426275,0.7755622374492351,-0.41503284575272653,0.36149401317402197,1
3.7659321541049695,5.985295348435204,-4.880361149350226,1.1208727142373622,0.5642370504774786,-0.9324418500043115,0.5563822258636975,0.3155673620673866,0.5687366408485822,-1.3316815018290904,0
-0.9255666032078084,2.302481430345699,-1.5961118582912568,-1.6762383821241267,1.4269863511812113,-0.41360257135185297,-0.3268554573135367,-0.8422874334628371,0.2817149317965639,-0.20947977064085854,1
-3.288349594101025,0.20131133641849172,-0.6277562832810126,-0.6128346818555411,-0.17076816943323717,1.5132351053107453,0.11088374654056231,-0.2951360574859445,0.3467538260091018,0.2915713531795755,1
-1.5548521496523127,0.9798577293757114,1.1965597972721358,1.7751769765905263,-3.4991253015674393,0.31223386531861913,0.6416066343524289,0.01976973258828957,-1.0820591215807365,-0.6102900764069237,1
-0.3987799175813133,2.161212691844736,-0.9456050178112573,-0.3724810174535971,-1.012650738432459,-0.5361615760560826,0.8246304660463702,0.16977128556125767,-0.2565453921508203,0.17366733910726484,1
-2.300567821333632,-0.9320775840394676,-1.129953264310628,-1.4523765710245196,-1.5556402965022154,0.5146557095806039,-0.1401822042363038,0.13443795475804185,0.13367126856900396,-0.39357237381018456,1
-0.5429013641687828,-1.3170679101673382,0.9957545225488165,1.4848753999833033,-0.20297799850886628,-0.6347794724687678,-1.2047172911032873,0.19364961586098717,0.6119570239144464,-0.20790435166437266,0
-2.0588194558297808,0.3204351458128003,-0.12245841169491539,-1.0208598944322822,-2.079167638285297,0.8376368525892701,0.5377198292422726,-0.12102670275880144,0.12827124408662685,-0.39796111927812255,1
-3.4245180552308847,-2.4455184118500934,0.045048749685038074,-0.78614190829021,-1.603182301568467,1.2707486945164377,0.3372024078684099,0.14414177997783278,0.021976612560478614,0.2941217135230373,1
-0.4724065518531585,3.7028294386131115,1.9537848870831716,-0.9963165765491278,-3.8143959955541016,-0.9040768141583438,0.7054873732155651,0.19847318942830014,0.1737955966457127,1.4361327066548297,1
4.703500731698836,-0.19595575484438357,3.7570329480035927,1.0042277004320501,-0.32865083655035016,-0.25258256275353497,-2.594847094810524,-0.989004428059792,-0.26170556040091886,0.1415283303605348,0
-3.643380238614154,0.7868599163920823,-1.1621457872905863,-2.098874927428528,0.4240680171617843,0.15623055083948387,0.324492955166882,-0.19025427431359518,0.2421015707659208,-0.07301445581777351,1
-3.5946893435896987,2.605087216699083,1.8520296363154358,-0.08988542987941787,2.4425397705405514,-1.8504749395376787,1.548949544675906,0.4444238521469157,-0.6212216053174867,0.8833774466684708,1
4.149097342448854,0.7674888443508865,-0.8879746991059709,0.008369548225655865,0.604979772487014,-1.017089799655225,-0.005024120683274375,-0.31685645384689964,0.5645796541703685,-0.6161879074489867,0
7.672141552626156,-0.860484150660673,-2.153650124101137,-0.25472337461253325,0.2364704080586447,0.48607418291907345,-0.4032977015363379,-0.37282180832039563,-0.9272571571472967,0.12028468299582873,0
-2.01037941375758,0.42968956052188795,-0.10408881296274677,0.16029206038178798,1.509506128824506,-0.07670644745804567,-0.5416181996836682,-0.39814338031764535,0.11318157455929434,-0.1678096639997496,1
-2.920833494836892,-1.7004724749888243,0.2957272490167207,0.4141768903568611,-0.36391985648153874,0.3868069050505683,-0.6432367146574774,-0.7502140100661238,-0.5704575962777854,-0.1440937458273273,1
-0.5007378002661365,0.10673146468453182,-1.0287479575384102,0.30488471774386483,-0.13912105102869213,-0.7447845350288493,-1.067794714758632,-0.9727805884764593,0.5040043741797904,-0.2892902097876048,1
-1.9114985749229865,-0.6513938798572443,1.4502884906809046,-0.40070305279181007,-2.0630023949979464,0.20388062356083314,-0.09958925157431472,-0.5396071295141758,0.14851802974806907,-0.27862282581384673,1
-3.785099227795593,-0.3261463674962728,-1.0580801978535859,-0.6060077539849626,-1.5261555658300547,0.07310646981828568,1.2387289616101882,0.11001863996714273,0.12019890428685952,-0.14212784184675292,1
-2.708393968213481,-0.21966574165493466,-0.3145047498263166,-0.05525291287240455,0.04825403897353497,0.16910296179102385,0.6877808553122124,-0.2586257515359823,0.4795507514566328,0.2531188225263065,1
6.2896734695350265,2.0365473971342642,-3.182082266425463,-0.15554352969717233,-0.20248906123358862,-1.2579858450405375,-0.28615262646173595,-0.21850434329749113,-0.4964818709658656,-0.4169801164838203,0
-3.4307706912388376,-0.9926100348372935,-0.7316945965028403,-1.3437229265735375,-0.23583914300496778,-0.69180400209813,-0.05208312251475364,-0.08578611040336916,0.2683443249060879,-0.587075514674061,1
-2.001388466389223,-0.2933264633837378,0.6192038889010825,0.3525117457165675,-1.1648198529921165,2.430114498617634,0.20578459864797197,-0.16912065564343517,-0.14074964048506683,0.1211759897274473,1
-2.473293094287154,-0.33504702649306706,-1.482362028379396,-0.46523744989371757,-0.04899270342815211,0.9379162955455765,0.022589291538739315,-0.6987993996323305,-0.06962561496190828,-0.2317381410017842,1
-3.647257746394208,-1.2413651251827091,1.3866245351281394,-1.6139593537320367,0.1729913932693476,0.5970636092278673,-0.29389088868355856,0.4075883142177473,-0.0434133163500309,-0.6095359333465015,1
-2.34618685094242,0.6827413168887655,1.1327338901016615,0.30310373125349555,0.5416756760447291,-1.4185259409751871,0.05544213582536789,-0.18533421062708486,-0.011958279719196694,-0.9148128675325772,1
-1.142996926547705,-1.962171494029417,-1.240719700461966,-1.4790765729299051,-0.4841825106766852,0.30437026169977843,-0.5355046117761936,-0.4370835544953111,-0.2840431603838697,0.13423652660665647,1
-1.3508573033319766,0.36957390203051455,2.4866756569726562,1.140717662134388,-1.9058645388993403,0.9309493452250064,0.7885685869422664,-0.029251385263207502,-0.4555804338795531,0.0062107007195661545,1
2.7633707862900607,-1.078633509031585,-1.179623944124342,-0.41415907244082495,0.16461154902950934,-0.4591641034372098,-0.7430197400475452,0.04667721602381252,-0.19299094994922336,0.8059069417366923,0
-1.9693236050366543,-0.17584850843116218,0.42073137633545743,0.7863120037748086,0.8612525213010348,1.5866873766754266,-0.5751025424798053,-0.22155878493918743,0.3334049361416066,-0.2587173456216424,1
-2.9311870554399926,-0.49485622913811145,-1.0170708912516768,1.6864230172696824,0.5657302170967019,-0.4689284830774867,-0.03421474903056742,-0.19334470512099564,0.476602984998712,-0.6804133307083136,1
-2.926374386150482,0.3773322571214211,-0.8867938375703412,0.11534487111998004,0.9856802469755265,-0.334456080553186,-0.01866457401381631,-0.8971508619348001,0.18968340558641303,-0.39942324463956397,1
-3.9961882774103663,0.9598560897763158,0.20440412868526697,1.510230301422029,-1.709248439055944,-0.28569629562775134,1.2901076614901719,0.31180408311360064,-0.20862750292863164,-0.6827810189242447,1
0.15513805946848996,-0.438008228231931,-0.46144569683466596,1.4545331040782874,-0.8558402817224064,1.2428748208987532,0.16944174908909365,-0.30377433725608655,-0.023161350701101553,0.49641723025083173,1
-0.9340908103734463,-2.1059455911648834,1.4329170271005311,2.8942616646921917,1.275415830321191,1.6266921174083329,-0.5476040282474484,0.8500747128535269,0.36868525012427616,0.2921936628400797,0
-1.9296217302551855,0.8924666900760732,0.04234474806297859,0.5588843033652239,1.280330238698056,0.11682942277000412,-0.46842299288777844,0.6676574550630557,0.2660564719295174,0.6196760546777368,1
-2.622338601703934,2.5021016179702893,2.434999499257063,1.8780131580463442,3.150816648851783,-0.783653855217207,-0.1886321887562986,0.1565061231414279,-0.2840683405026174,-0.0657143837271602,1
6.003616591373187,-0.09102922215333183,1.7112016700985087,-0.9473749160740641,1.175036068741414,-0.8562049645299473,2.504596165664222,0.05632000053515822,1.9104064836194583,0.03132019826260597,0
-2.921877804574744,-0.0092126811025026,-0.9013034826142073,-1.7913285484526456,-0.5769796710282961,-0.23980999656450308,0.6760032496881319,0.2953570828036175,-0.4996324750914507,0.06926602295613776,1
-3.3419448039492616,-0.022224730460860546,0.503301201407827,1.1422623205719291,1.5647613960017672,0.16775780988482072,0.07552719037536557,-0.1250437708935059,-0.1610347948569681,-0.5883045249082869,1
-2.014915033411889,0.778452131320414,0.1255787939234321,0.6597357793024803,0.021929721787725884,0.6893207655293253,0.07556516069993026,-0.045240205726390925,0.7792983244360903,0.306129792517443,1
1.9884621055513263,2.3160480540140895,1.2363039421289936,-1.769776072594752,-0.14399580609984675,0.13359584513212522,0.36543706205298704,-0.49859550839933164,-0.7123684338111756,0.005231872640593704,1
-1.6696039306005637,0.8623188526395793,-1.0103061724323736,-1.323895219319545,0.28156784894003023,-0.23939662238432555,-0.7280751839242015,-0.5912709865347328,0.7338608570290055,-0.1563040682815783,1
-0.371178113518541,0.11361265869439881,-0.9983635752221859,0.15536988417838826,-1.4759557167633661,0.4759621421695482,-0.08897631105787283,-0.5952503900548864,0.24128742225012217,0.19732411578166656,1
-1.8489599298371766,2.541229649176256,2.005347611629257,-0.4843720154870853,3.50864544640329,0.5345345383934204,0.699634921278178,0.021423063729980273,0.8151955810809401,1.313960340625504,1
-4.703042202111233,-0.43230243073641555,0.005305087690085939,1.370608634933117,0.08509958388861644,-0.3300739073226034,0.9947377416263694,-0.3738479288152524,0.1787412028372051,0.37683689221647304,1
-1.2831871507862183,2.5509093102530094,-0.08386034510532937,-0.7715122498119895,-0.5569105569619225,0.2700015339445924,0.5114146803192768,-0.06901332884737718,0.5303780236883419,-0.20828217435836752,1
-2.314246819305015,0.4020314772956679,0.2746231955442531,1.6704631787770434,0.5367110897129057,0.5083748134177668,-0.13889400925498624,-0.21597931006418894,1.1494273741736913,0.33427392137921175,1
-4.659085176410953,-0.7822987564616694,0.19212192120585522,-0.49368191192622685,-0.5361221191864095,0.22604181093336656,0.22645146021743665,-0.059374734312105,-0.22161099649652743,-0.13449765286175014,1
-3.9434733817348304,-2.0300162870602847,0.6917357213138666,-0.5134062463783988,-0.3401145547807047,-0.065097380644855,0.05022620870923159,0.5796324250340857,-0.19760138662206,-0.20046861619005796,1
4.949858461550107,3.0060641292021972,-1.754071686136725,0.6723605161747029,-2.8647737807104674,-0.3070810032365793,-0.6498335948559644,-0.2049159189152489,0.4986337761118298,-0.382566228501668,0
-0.9158035193313224,2.479013128678409,0.3626066865372208,-0.261966518451468,-0.13847177574513986,-0.9912359416190114,-0.05120349066800032,-0.09396385869327623,-0.6269731043561431,0.1095677337695588,1
4.549111146627948,-0.8160005055481391,-0.5187550863109883,-0.916339774522158,0.0714860186934897,-0.9308826516328009,-2.256448370958344,0.46667327209457404,-0.7802374854421544,-0.49491717361065785,0
4.442342818131014,-0.9924388978973583,1.4423190862201658,0.5750345977291988,0.35758999930324736,-0.029967413074017173,-0.3232774214832914,-0.18429768924321144,-0.21190197370852515,-0.1100144008600758,0
-2.1949843010205914,-1.805353237746215,-0.435109405691721,-0.9539430633231936,-0.5538004201780006,-0.16861156391896115,-0.23544585751314645,0.2583928035223197,-0.23226980015267215,0.16944249131959455,1
0.6644409146912527,0.436860855654823,-2.680781878231026,0.7292266179991452,0.02778737436911691,-1.0820506667848535,-0.0010508143892346816,-0.12761758580471635,-0.009941713166333188,-0.48107241798853423,0
-2.240876053643133,-0.4545895114490159,-0.46552758806891437,-0.18872465999528704,0.8282932096222909,0.9533192397193452,0.6734784504712398,0.31771498409730414,0.13815752493462394,0.5455904099385342,1
-2.125180436920124,-1.194796911804767,0.49037198738325577,-0.8553963494811514,0.10593586367308794,0.1953426969034281,-0.003452234122058371,0.4339542658332933,-0.1408231336366316,0.18764494138932866,1
-2.615317411222227,-1.8320604325909962,0.7643295557640388,0.8231658593590387,0.30078724538228463,0.08993781013526561,0.14634302836425214,-0.37802294035610423,-0.5429749147852319,-0.21925145145666483,1
-3.21096797566215,-2.2351427041662753,-0.16622442953719926,-1.1300577997422956,-1.2601888047427412,-0.1035913706395506,-0.2353731681711284,-0.2904738019524228,0.059291785877571404,0.5059438602783045,1
-0.3067503987078536,2.184998833366665,0.03928624215563327,0.48645562874349857,-2.089449969045049,-1.1041435286125945,-0.13486221556072742,0.3370750206935597,0.5554572504068586,-1.1869052555793587,1
2.472356916773653,-1.499824751673736,0.5914532151178247,2.267351500341721,-1.4058401802841611,-0.9648581313984202,-0.8143027105373406,0.910775561759207,-0.011737280423974398,-0.7365545598809636,0
-3.454718372112869,-2.136461548171422,0.19716267170428378,-1.534176888057105,-0.9428752994717559,-0.9371161033586015,0.6832630797387086,0.2194862332208274,-0.30899572832405997,0.28269141572611517,1
-3.900526848058525,0.730775970263802,2.1360711045127814,0.7811728871706325,0.8325514964961687,0.8978211767431296,-0.8910793181587217,-1.0951618360104545,0.25579327877622166,1.5395945082540334,1
0.9817275418953916,-2.210429947110437,-1.6999192298530397,-0.9709720149603736,-1.1832582998273333,0.14365294745476628,-0.4571111324969176,-0.06783342439970025,-0.45027130626571454,0.08306232227036718,0
-1.2572515710229817,1.0676915149434751,0.2594752699895484,1.2417521408105725,0.3932157879874088,-0.6997706079011795,-0.4981815129723726,-0.2280819608518646,0.4513903284874324,0.6770494020375295,1
3.245413648903251,-1.778358632277557,-1.7931536723727304,2.4850594608296612,-0.5503521125909676,-0.5986124380678917,-0.4696013243833797,0.028392852319641667,0.23540031376672477,-0.1532281211474983,0
-1.557219412537017,-1.037927106396421,-1.3012450790124352,-0.621672592115786,0.37935339382422467,1.5356984492928112,-0.2907988542161298,0.38937032482667644,-0.11541863422753547,0.3466488202863137,1
-1.2492580966982783,-1.5888387893468152,-0.326413440479439,0.9253221277016216,-1.5353498717804812,0.0120652334368187,-0.10117657897266905,-0.37360588261406363,-0.07208234251993462,-0.8157924278994445,1
4.331653344535904,-4.049332418331276,-0.1925055254356195,0.29061345709174224,-0.610840804750095,-1.4235883076978368,-0.6701408763512658,-0.494912754578387,-0.5046692659220464,-0.3502195024606347,0
-1.0774513298933355,1.8036181631512829,1.7810416304900067,1.628952250218619,-3.7417539198513143,0.34243465253086486,0.9299644691840556,0.5198990030396384,-0.8391908839850496,-0.32261702524188646,1
2.5117531022607595,-2.52880758339552,0.798202306242973,0.8236745856457639,0.42926394591802136,-1.8315347789492562,-2.404298893256764,0.892796455409973,-0.15219796026106874,0.07602660037269351,0
-2.2170923054478444,0.02989128809455552,0.6364601353332348,3.376701147519289,-0.47999472804744503,-0.48464635112561244,0.04299831181312754,0.18963360030343254,0.11537059431461515,0.4095378152257507,1
-1.1738306467787554,-0.47483950502457545,-0.4815709118113446,-2.1439593885003574,0.2433005298270911,-0.4828604561646852,-0.5075109153157503,-0.40513464140573713,-0.5537799393610617,-0.17356193440559003,1
-2.8363014443334333,-1.018125806323986,-1.4866300032199942,-0.45640567167800816,-0.11470499442973804,0.9738357660018175,-0.15046125090908546,0.049352384020243265,0.5073944548231101,0.17223129804371476,1
-1.8570858988747976,-1.5713931191145067,0.8264827444788915,3.9302494749438175,0.22082665933949042,-1.1998402301859517,0.33678772704265814,-0.4951920303116652,-0.1479516939697805,0.10176533597691856,1
-1.3286143729580842,0.7770956605632368,1.2567582294140236,3.785543612333717,1.2450630091160875,-0.22562438333532417,-0.749763560921696,0.22456786034561416,0.47787775473749655,-0.5366408424352443,1
-2.802771356776176,-1.6663016342542083,-0.1940183270826963,2.2331074208252097,0.20524668155587775,-0.572171804808227,-0.3615667724985276,-0.006888038064459421,0.43722849988567997,0.30219968965214156,1
-3.174568796763732,-2.075733619391642,0.07490026826366972,1.8698290287647137,0.20932679993186992,-0.48256592490128775,-0.17958507918715863,0.04373602508732983,0.5105761225348745,0.6739619011114576,1
-4.087077360931371,-0.4847100793606933,0.6313640086937927,3.402732843209281,0.018224707777066,-0.3098212942889547,0.23062639058927395,-0.11473839640953344,0.6659466767357195,0.32018919418878505,1
3.4754937481308663,-1.672884391226658,0.8568267992048062,1.1567678797737746,1.3825714329191237,-0.9999209134881312,1.1156336229462962,1.1182680897135764,0.6896471020125483,0.554229811500801,0
16.319233231031983,-7.775852804248047,6.235415554855197,-2.328073172491343,1.7094559531045523,-1.1248214678265689,4.962496327452385,0.8875120962330092,3.5947582408161423,-0.5877077512759227,0
-2.560115018016909,-2.4940454475524696,0.17031258676223998,2.109756585986074,-0.97923884479889,0.48875514294720257,-0.046270623917632765,0.5318371274161012,0.38408872571721325,1.0198235143617576,1
-2.968888795917071,-0.06884713568910025,-0.7784115655269569,0.04666681363066641,-0.2282068717302202,0.34489239439581965,-0.07660151886050377,1.083576957095327,0.16323599407703043,-0.4967891805332945,1
-2.757430451020115,-1.7939187681258852,-0.7578141189390959,-0.024118279562037742,-1.283912383347746,-0.658832704915875,-0.3132338153368462,0.595482925542756,0.2569240280473981,-0.1601922401019697,1
1.3703398754406415,2.1100113491216987,-0.8537202468911428,0.7237684363927116,-3.824379210812707,0.22342034338282019,1.4713795266111642,0.8049286484549568,-0.005546145709196839,-0.40652271224287406,1
-0.4176644925528779,0.11651969702822679,-0.5361425958913039,0.36419906266124125,-1.5134570871729214,-0.5557006845590107,-0.2172868459577354,0.8100999433595002,0.563999945761376,-0.5886747271280359,1
-3.838398622981229,0.8991786485508175,0.7005639498689422,0.2199397673045473,1.3371628915530869,0.07674450603615969,0.6410428046155445,1.3574026211709314,-0.06838136463072904,-0.31248866079138915,1
5.930964859583865,1.228296682261357,1.7215877555795576,0.4735822620113416,-2.8835393379958445,-1.1002377058954385,2.0243201352891056,-0.48398915431189016,-0.6796660967544752,0.6051740319911909,0
0.64547864748665,3.426011420952225,0.6082849579981702,-0.2344862247990544,1.2096985538169471,-2.427851382626586,-0.9417139935236098,0.13407732800356956,0.3751594556775723,0.030072976485825582,1
-2.683846400979263,1.4435555289647546,0.33940350008556275,0.24481701141283607,0.7926918613561668,0.9256296944802022,0.4960040184727173,-0.2717318915946727,1.2081078964815257,0.9410419752802367,1
-2.041664052105511,-0.9032559294447843,2.8432414099458247,2.885831426265096,1.0167094549769076,0.10446045718085105,0.31958560770724675,-1.03329922486877,0.6088264157325637,0.3976968309916357,1
-1.3992963501120088,-1.7722262453778048,-1.4795615607638288,-1.3081089948054196,-1.8053147465139914,0.6154644577507169,0.2802200840942196,-0.06489463915859539,0.0002465026657397602,0.1025103567614506,1
-3.536415295417765,-1.2468541534618005,3.385411127130535,4.666050967904385,1.875727822596441,0.8903976312335061,0.925509779256818,-1.0867788492646753,-1.2077185490075484,-0.4843964225751691,1
-1.9905294465908603,1.8994625506893918,-2.0309980790190982,-0.9119054687431855,-1.231554473209473,-0.4196278030277627,1.2878926021279788,-0.4036378369377604,0.13892947142412956,0.22112761302103007,1
-1.9981853671291814,-0.2063711365256983,-1.6413250733560176,-1.0392104952540777,-0.904210960202675,0.3676287600018259,-0.3447806372027999,0.34536568114980204,0.4255974718560497,-0.3658483499803119,1
-0.520658112317059,-0.973367810676982,-0.3241353802147432,0.5439993686755046,-1.4294367072011276,-0.04919900370949573,0.22270262792672763,-0.19539652960776308,0.02776076464183559,-0.40765945026385875,1
-3.172370488248241,-2.089052298035852,-0.9788057325551295,-0.3870971040311949,-1.4194755710666638,1.3383653938386217,0.5370579908922508,0.04198983438998515,-0.041933944229016716,0.7870319575922408,1
-2.2027101890567256,1.2860393186695729,-0.8873992153533207,-0.7011030483900934,-0.17982114831593687,-0.02405210095432203,0.27293634191112637,-0.6517621815264152,0.2593049461042015,-0.5103194790440564,1
3.824433042941165,2.305236316377142,0.027546193439250504,-0.6702588828133789,-1.2897652202744496,0.8090946864159643,-1.5682757162901264,0.2945493855746752,-0.13556580859300266,0.23555248954777325,0
-2.985484690326373,-0.6733392442277558,-0.5904898836921563,0.5943502866109724,-0.4619692962875833,-0.5454030937320151,0.6173995442036642,-0.3611049251965537,-0.1855492376819126,-0.6059279791536292,1
-2.4810551072777005,-2.36395876052599,-0.4326145668613924,0.38346967384297,-1.0381214017246294,-0.02046691679495003,0.5600933916357858,-0.2391829743930778,0.28223298471521957,0.22993062973941725,1
-1.2721114612782491,0.5098338482934447,-2.2389916783955504,-1.6723763775666538,0.11760644181495003,-0.015478846748503874,0.034229904552975574,-0.5572661550900886,-0.4107275094052601,-0.00015267468303463652,1
-2.2351568880780768,-1.2987044937051533,-0.9014368964630958,-0.43409411497574907,-0.18292602964136123,-0.1634326436703439,-0.23652212315084592,-1.1115123605544333,0.4053219977627524,0.08676322915961752,1
-0.05618310431173547,-0.22738339295599397,-2.255515653554977,-2.710600426115557,-0.8017853835836587,-0.9605697692780282,-1.0384062590407845,-0.28158735261580636,-0.2741449562911608,-0.25186013914738387,1
2.317390606280653,4.3891343349221135,1.7784111295615501,-0.9694155881694013,-2.645376588527196,1.5571171023132027,-0.007413415918092027,-0.10363995224895428,0.6213336967336193,0.006655907539480738,1
-2.2843312608518875,-2.466840756413278,-0.8211884864674703,0.040803196198783066,-1.09278130269492,-0.10101401987775453,-0.2482216055963913,-0.2370639313950425,-0.19035894378464863,-0.7374350487649545,1
4.754614870668751,-1.4894235603784567,-1.2537511047083374,0.052586996740990335,0.09662477551147759,-0.35537301349058686,-0.625516654233031,-0.5325229050562198,-0.5734461298506545,-0.7423498792126263,0
-1.7263109176879987,0.9981778354005331,-0.08023841604984422,-1.0646470599764102,1.4356170248795341,-0.8660553278871179,-0.34293206564778844,-0.10800681668242268,0.38780355947721257,-0.08963594222967393,1
-0.7417817670631593,-2.452034966108277,-1.99770994188427,0.4579397643786407,-0.2612910889385736,3.203558497603643,0.16833284716284547,1.0383810542044636,-0.2336596548479759,0.52104615907508,0
-2.894310661011965,-0.977944319207661,-0.8056442410371287,1.7207792579021202,0.028983549109460868,0.2119039966424846,0.6725137135198794,0.47869859936929704,0.09462756326774227,-0.014972234971956965,1
-1.6545218459207915,-4.555664122445224,0.7523230680234024,-1.648322818127827,-1.4030728702026642,-0.5534032465348393,0.12242926656670425,-0.3394277990065882,-0.9660083634350111,-0.6857687064936216,1
3.1035197039278493,-1.2361532113365887,1.2873550796581852,-0.6086489057707329,1.1222598881364507,0.930049623640901,-0.19737959431172722,0.16164793724986035,0.0303656197700601,0.5664967293834235,0
-4.064270597765448,-0.560954221724805,2.176684800661663,-1.3758683589728502,-0.1994651660544848,0.5647368412075525,0.2688823256407372,0.5164787907923818,-1.2350939334408848,0.027087028369200086,1
-2.793330657462964,-1.0778881331158539,0.844542112861453,1.1102075540048777,-0.004869669186306039,0.5656032856867768,0.4689916516656031,0.574387704157865,-0.35708997519703817,0.289798042470437,1
-1.4749199376087585,-1.5910942013854992,0.3199914442578648,0.7988321509232836,-0.15805756198617682,-0.43806615249036296,-1.0438262778475491,-0.7601559987144808,-0.47959296557096126,-0.6401011110655168,1
-0.22939463704328433,1.5159034180090334,-2.216283005665622,-0.5555697413936159,-0.2512018835953388,-0.6025604899803584,0.41004321400569665,0.14166881432755937,-0.12681628841957554,-0.5512411827608993,1
-2.553258407613496,-0.7639004851777259,-1.6094031180159045,-0.05992786830477173,-0.5058450058054481,0.21379696121767036,0.09832558170207094,0.007367167175511709,0.1006243584907703,-0.5824584439064227,1
3.7157051034634057,-1.0586862195140503,0.5219535630210204,-1.3970017644327615,-0.36861440206748614,-1.1046105008956246,0.6344600026623608,-0.059139094692005,-0.2870686038743931,0.39353576190329076,0
5.094841843796656,-2.0192078340507655,-0.7093696957160728,0.0827949536883864,-0.3838169003213521,-1.4479359134646608,-0.5734944798868197,-0.6501202849088117,-0.5360480952171814,0.2512117487315685,0
-0.6006161135559808,-0.8384546630132832,-0.6870419696538261,-1.155333809787681,-0.9824326045999376,-0.8532305262770306,0.7055308873756571,-1.3469391166463978,-0.4889443270058709,0.41666636342696467,1
2.790399829433788,3.385560771823555,-0.7530763224958077,1.3331817382369116,1.5855316171887115,-0.508417641348082,0.20716268823832715,0.08017000938598123,-0.05170478728873993,0.9756563266662603,0
-1.4087712143990503,1.505770592146534,-0.3538960174328261,-1.1217407039016516,1.8116702921081103,-0.24214538295589424,-1.046158522865474,0.21013104766670163,-0.03940270094190241,-0.18757365701214973,1
7.259178840793041,-5.495735719287864,1.9109258819794408,-1.8957166564682657,-0.39637792113786485,0.06639142336844013,1.1539848648983264,0.9925676964538469,0.1675239562844263,-0.5700838950400153,0
1.2988665487860682,7.729852801544606,-0.6889146563006564,-2.892727403870427,2.015354876295837,-2.202856102982005,1.0259971745694347,-2.030674722240554,-0.23681880565745764,1.1463569037676258,1
1.0766932756334722,8.29477544877512,0.4341924584367536,-1.9541898161094426,1.3958720225709806,-3.5118781935491223,0.6047923820505241,1.279625151553096,-1.8742044478132238,1.0210265805173575,1
-1.2497605247720478,1.5956838545110164,-1.3564745816389745,-0.12626747824587592,-0.023420074991679397,-0.4851495807085879,-0.13607018688739353,-0.6656294200600821,0.778562325096014,0.9401240691668368,1
-1.256928405619016,4.117186681519055,-0.41272977060668237,-1.0541736695540496,1.1395269602230897,-1.9490429127323974,0.4886229899422481,0.2552890243026236,-0.9073260244356559,1.276650477058993,1
-1.166535214477624,-1.6656937357126096,-0.7378780075700778,-1.7621671166061827,-0.7383522713562846,-0.8347113634999416,-1.4101275750836428,0.29824157946055607,-0.0737968332746497,0.6476682440245249,1
4.094142557240372,2.8029272496079334,-0.507433420044763,1.9773184078283694,-0.13282518062529897,-1.6035214836136125,-1.0542960494736486,-0.35688234544995756,-0.42928226950029913,-0.7309530772986786,0
-1.8876392413595007,1.6721917387288299,0.11979761539481215,-1.2182151966096744,-2.5680699127017723,0.2538917898850735,0.547736649311942,0.5425307750059725,-0.618194269008558,-0.0917094705667856,1
-2.767435702846046,-2.1610487950224155,-0.021096169201027942,-1.6102757342970009,-0.7163787006179979,0.033008961193241766,-0.8760672647958485,0.2959241183790979,-0.03344363802567021,0.3415772177669296,1
2.226994489205964,1.9416347590165697,-2.2856034980594178,0.33986068192841545,0.5368573156700114,-0.13682050439173246,0.39326334915677774,-0.6152759784756214,0.7154164229163945,0.12170012311383195,0
-1.131576890745015,-1.4110019654201034,-0.5650531256557202,-1.994960716143916,-0.5284875674651552,0.0725581083474827,-0.1759690269873948,-0.2553015200389125,0.3116953150361584,-0.21409807627919414,1
-0.733772452241108,-1.9436971834232428,-0.27523619994189774,0.33782314645503886,-0.6609911481959762,-0.7743052229101433,-0.1455966729588338,-0.5003656834787555,0.2707677536364177,-0.40864043692675045,0
-2.3336707368113827,0.7901466072892552,-0.3500434071099396,-0.44085955843945235,1.4225501718393914,0.04664905754608412,-1.001403455284284,0.3072322937570366,0.6561772346570535,-0.09081453996428103,1
2.697223754399566,-1.943709945767847,-0.9605644482176587,-0.4595086523698213,0.5844984180363707,-0.4917255087100646,-0.5172086090102769,-0.050072528173863734,-0.13147298544158115,0.22607749152296064,0
3.379014667722388,-2.333428944961924,-1.201932179440051,-0.5536129522146789,-0.5278808022106947,-1.0185728262732472,-0.026131464493667635,-0.4437455742297845,-0.6587459300829352,0.5304101910319138,0
-0.19987058014153114,1.0763600031270562,-0.6731488311899744,-0.6284454996421603,0.8402504078527152,-1.2875018007427472,0.7487130684225434,-1.3765159124677115,-0.257767069315577,-0.2082609538931077,1
-1.1760259132353263,1.0113701777302329,-0.7117683065044677,-1.0660684567937737,1.421900927323556,-0.2654395854290313,0.1944454334481698,-0.46271765110484897,0.35801675869148836,0.7947756028185722,1
-1.292636539281563,4.964224702132629,0.3459270200692586,-2.240534883405199,3.8405298894812194,-0.5486177127702286,-0.8147889838808143,0.9879772225148615,-0.07056944602015096,-0.05378347895230053,1
8.630755859096043,-3.4594519150760705,-0.179056792644402,-1.177164070001327,0.022905287059542794,-0.006691028033917617,0.9620201295901385,-0.39797166069972467,-1.2577443726786506,0.8494384926905787,0
-4.429456371065784,-0.7860360357018069,-0.4734190928211457,0.6966169884521302,-0.1038044244305852,0.09718106670790806,0.7225180039289667,-0.5085744383361559,0.06061108902515065,0.3882067341231255,1
-0.6198387404461233,0.6363492701040991,-0.48885124950265124,0.01515445755636157,0.10640665720496957,-0.6007163651402853,0.13930927835721546,-0.2954162240901618,-0.24398312372444847,0.002339793832612952,1
-3.252315768612037,1.2859251612593687,-0.2184764878776053,-0.3078082325541573,0.09942903763666132,-1.4031994931206635,0.9536158271792435,0.3002354553376978,-0.5043360263523501,-0.7853137406131444,1
-3.352927053536592,2.67330059771978,-1.7790870790675288,-1.3895859891178857,0.35444110296770664,-1.2112738742812066,0.8167571416483617,0.3733928952932116,0.2932394679784542,-0.36130486643074833,1
-0.8598029860026023,0.09684852260130453,-2.814044725780023,-0.18432389798722493,0.6300753849728925,-0.3650391865104511,-0.046256743439247516,0.12574861441624235,0.3125684886297133,-0.24714222432011326,1
-3.1566219686828405,-0.871542623640417,-2.1957147876623435,-1.4498676230025307,-0.431435875445784,0.32605711340453514,-0.09453354557089791,-0.14928163369172315,0.3191855871039583,-0.22905476827589366,1
0.3465281132084074,1.5412252758019358,2.8464540051599196,-1.9098114714040857,0.5718343645736018,-1.6874945063371969,-1.7124115855904354,-2.4106600746852083,0.3332110434427147,-0.11772010529929403,1
-2.4614066509244976,0.6008479692253262,-1.1714651365776108,-2.2110539321938427,0.691911893380263,-0.8526901430616998,-0.028873966144878863,0.2052789355725404,0.03243514619275899,-0.3898487045051772,1
-1.5301007215874447,0.4052177892924548,0.6044647414844107,0.34717148469444914,0.7860472762929795,-1.1021305908391832,0.08702829372580144,-1.2965919861227313,0.161658055470551,-0.911121500925936,1
-1.7735850660605685,0.8042100123847629,-2.0279180424690915,0.6873331774435482,0.6160920316421188,-0.28932786875902133,0.4734528693407157,0.06968000367491674,0.543941465639185,0.057258600509622025,1
-2.6804416239658657,-1.4847089005284757,-1.7416933808912192,-1.023490613076552,-0.2974687520493325,-0.19807776439737662,0.4341312620839898,-0.16912210032523617,0.024851387059132674,0.3194083783965746,1
4.028435261074219,-2.941430098011303,1.659485395420079,-0.22516730275648905,0.5135947396173944,1.9362225480912774,-0.7282261749645293,-0.7579855114725814,-0.1761351777798256,0.2704811811349235,0
-2.1363512285988726,1.518580639019496,0.17896523310852952,0.5007767122095992,-0.6830474441393444,-1.5516758291544568,-0.7183276585745347,-0.13975252082968442,0.18845602182139645,-0.3705077366862534,1
5.165410948305191,-2.382203231518124,-0.4222772813046209,-0.8834276167280719,0.20940815107843944,0.5792299830560959,-0.5434880084534325,-0.952768447756952,-0.24802799655572005,0.529153082212246,0
0.5359319494274819,0.3807151456363173,-0.44313478145024976,1.8793719186876987,-0.2268694166511315,-0.5238389673502724,-1.150570967841107,-1.0920921137086128,0.3242008081715671,-0.10397327910292209,0
0.34312338294288913,3.534481051993175,0.06966880121661981,1.5506703478482577,1.9569208590039517,-2.3395179122804963,-0.48350659121710166,-0.5024245152644746,-0.06986580880971127,1.279951051088958,1
-4.197079986345913,2.367392283022525,1.3271447307861783,2.039503958126573,1.7619167368984836,0.04242900726182405,2.168755409684262,1.481217358662574,-0.3230884121500788,1.1811559736944564,1
-1.1428318645966062,5.599458470260656,1.3010370177249888,2.1882496591275618,-0.7655746716815717,-1.1592267478181377,0.19153519017868784,1.7981400085516446,0.8768383897735154,0.9493126092239642,1
-1.6654751532170808,2.3896181248027175,1.5022494407304634,-0.8759511409652808,-0.48454557280328264,-1.1895181860481907,-0.6777554020434663,-0.14664333116348657,-0.2916477170817663,0.10273272557775512,1
1.0117124957300918,1.092389649549321,-0.632698381040999,1.7585184225129917,-1.0468264439985504,0.4258947088701548,0.3982859726145912,0.8360360526547211,-0.38414681390040994,0.6196240079322993,1
-1.3009297119683678,-1.8214153018192936,0.3733074981288243,1.848168946630107,-0.19962707048541842,0.7657543373053475,-0.4667152033650247,-0.39857922035178944,0.3649914224677257,0.794827973936367,1
-2.37342872500962,-1.681576238189543,0.38452814071781566,3.0167286399481346,0.03824665554842532,0.06881354646928506,-0.4152225187374888,-0.5083930352534354,0.27827232628252707,0.28783453839521056,1
-1.6658710117954185,-0.21396274009249677,-0.14807242209831067,0.19705174829186947,-0.5564802542524709,-0.931582153015914,0.5243195200898437,-0.3007019605234559,-0.3566222384907755,0.4186023643829599,1
-1.927678192370983,-1.137739916044019,0.4782022974938414,1.1575004013591421,0.2023419085051357,0.11489826961130124,-0.11625493665615726,0.013630619455693964,0.05805705390219722,0.1324339169870362,1
-4.237216617940865,0.18427249696751002,-0.3264184065503331,-0.5883033317855135,0.7046267903380975,-0.14609126279243054,0.25985713468835175,-0.14956886408581266,0.5648535105107964,0.5751755023424021,1
-2.6778707208422854,2.315792822976002,-0.05384820591978243,-0.3404496533358113,-0.4506481566306511,-0.6783477095897285,0.06410094064588488,0.9709665978418914,-0.4552752687581856,0.09538363074482215,1
-3.836497851795836,0.4962499285509426,0.9232396859792157,0.5518716714542047,-0.08003558329283142,-0.11266882128770193,0.4744866104899583,0.16984412142503977,0.41054913011332894,-0.21960512472919302,1
-2.551440295950188,0.22832995743667373,1.414178011794511,1.970789818322284,1.4563251243801953,0.8555217746435477,1.0219210096335505,0.16049089970863195,0.44714244175879986,0.3990776464259754,1
-4.694923445156694,-0.767477944064933,1.5439648405352417,0.779019018576012,0.7848969794154588,0.8513735571344732,0.7526680967058775,1.0704259196358572,-0.5893180898361625,0.06891047263293523,1
-2.025037164127076,1.2612419002369075,0.5049260938423038,1.1355273912276922,0.1142626323277617,1.7847769636270645,0.390495324490293,-0.8744235219577048,0.3112411054737769,0.36569422507751553,1
-2.895948205518769,-1.4516357644008577,0.7805459976049555,2.970448198224315,0.3571499568580688,-0.5832026074026366,-0.6184118265391703,0.9392225550739338,0.36254051310160607,0.4489162444524647,1
-3.5022010405437847,1.8008324922228434,2.766456639692323,0.8663072825209721,0.6253646906178563,0.4122696037577557,-0.3076660233397684,0.3579088634722495,-0.1431816402423147,-0.4518803053290247,1
-2.1539036673959564,-0.8300688184730434,0.5647967241587202,3.0117559275365657,-0.5658252895799264,-0.5504027048454792,-0.4844054412012734,0.8931825973868939,0.4354863755975782,0.24413919643832344,1
-2.055084067991252,1.6164592679963883,1.8389594650896246,3.1135349753155843,-0.2110426636366007,-1.6418062316221782,-1.0888529250986692,0.35019339535510124,0.5150640603423411,-0.004946559291178754,1
-3.8772895793977975,1.0842547444977866,1.8599439096396608,0.43373967006558817,1.6874387933642592,-0.8148926835952753,-0.47107389856439147,0.07138474106258777,-0.701880802048353,-0.07064381715140108,1
-4.063862114728076,0.12216843521676635,3.2387726471757934,3.469182950984919,2.2419080731676906,0.17490914832452595,1.0772541424198285,0.12949446235081177,-0.42703048047435244,-0.2772864478523929,1
-0.09866733268842791,-0.21355983833068556,0.3889294641594682,1.0127105250774975,-2.9890677499919813,0.01245220809349302,-0.29025697120604127,-0.31234366895103605,-0.06786390718318358,-0.3257704431406193,1
-1.0893761900701342,1.2928478982612013,1.4293788856272895,3.3721364571237924,-0.9473415671793752,-1.7258698723295949,-0.353974819129866,-1.164339501907318,-0.20749512950744722,-1.3917082431460546,1
-0.4817709648474566,-0.1780196911167926,1.0321075823080113,2.0102801873798284,-0.32710317445724807,-0.9920622853725404,-0.04854568307912976,-0.19522095860201322,-0.32586533227545617,0.42907220359793297,1
-4.870309518087024,-2.1311061074865667,3.4141887812790417,5.133988306252533,0.4889207768733178,-1.1107923351723785,0.4883712147859674,-1.2892843376701006,-1.3904785789234086,-1.7466626657300237,1
5.917612589142677,3.4826366590611237,-3.262791685889061,3.9175854449932737,-1.716382162429179,1.013598931039077,0.27144238695818823,0.09196333570778005,0.37247597741162825,-0.6304233926443006,0
8.741338077267802,-0.5738546724065795,0.897090097994952,-0.3851499084660238,-0.6790432787353611,-0.30075277356569197,0.0948243836398959,-0.7340818536235181,0.8310933709620997,0.450638593207559,0
6.439315483954047,-3.576817444014343,2.4594865593921567,-1.1773140506057516,0.07482429488196139,-2.3751929340845863,-0.5961296776392143,-0.03547093016308706,0.9879290196995812,0.25698859124196927,0
3.793382370032729,-3.5840478639420814,2.0884763895875906,2.5060277552601278,0.5107225246989063,-0.24671010941047827,-0.7163263395813163,-1.1133595621581986,-0.105207406755099,-0.10863249972698419,0
1.2561792761502504,-1.9022967130754445,0.5627305255654592,2.0892270222091325,-1.809991331037113,-0.5344471888364329,-0.19275822828687794,0.34188703510941687,0.393916821910197,0.5208773834743593,0
10.374794059769837,1.672010105336679,-1.8770293302249197,2.3560311281936652,0.0337419315647096,0.5679364748431884,0.22308167182645705,-0.2802386097151571,-0.5420345423952908,-0.089296116965462,0
-5.475243302544343,-0.6706367907573538,1.4904430808346594,2.2991571385252882,0.18470330897730033,1.617837363144388,1.6989515570198266,1.0463535156146828,0.3741011115338236,-0.04772557101110133,1
